ImagePath,Label
processed_images/9733.jpg,Cat
processed_images/63.jpg,Cat
processed_images/6400.jpg,Cat
processed_images/823.jpg,Cat
processed_images/4217.jpg,Cat
processed_images/3578.jpg,Cat
processed_images/10321.jpg,Cat
processed_images/2666.jpg,Cat
processed_images/5109.jpg,Cat
processed_images/11981.jpg,Cat
processed_images/10447.jpg,Cat
processed_images/2100.jpg,Cat
processed_images/11759.jpg,Cat
processed_images/4571.jpg,Cat
processed_images/7078.jpg,Cat
processed_images/12250.jpg,Cat
processed_images/1409.jpg,Cat
processed_images/9055.jpg,Cat
processed_images/6366.jpg,Cat
processed_images/12244.jpg,Cat
processed_images/189.jpg,Cat
processed_images/9041.jpg,Cat
processed_images/6372.jpg,Cat
processed_images/11995.jpg,Cat
processed_images/10453.jpg,Cat
processed_images/2114.jpg,Cat
processed_images/4565.jpg,Cat
processed_images/4203.jpg,Cat
processed_images/10335.jpg,Cat
processed_images/2672.jpg,Cat
processed_images/9727.jpg,Cat
processed_images/6414.jpg,Cat
processed_images/77.jpg,Cat
processed_images/8439.jpg,Cat
processed_images/837.jpg,Cat
processed_images/2882.jpg,Cat
processed_images/3544.jpg,Cat
processed_images/11003.jpg,Cat
processed_images/5135.jpg,Cat
processed_images/1353.jpg,Cat
processed_images/7722.jpg,Cat
processed_images/8411.jpg,Cat
processed_images/7044.jpg,Cat
processed_images/8377.jpg,Cat
processed_images/1435.jpg,Cat
processed_images/9069.jpg,Cat
processed_images/5653.jpg,Cat
processed_images/3222.jpg,Cat
processed_images/11765.jpg,Cat
processed_images/5647.jpg,Cat
processed_images/2128.jpg,Cat
processed_images/3236.jpg,Cat
processed_images/11771.jpg,Cat
processed_images/4559.jpg,Cat
processed_images/7050.jpg,Cat
processed_images/8363.jpg,Cat
processed_images/12278.jpg,Cat
processed_images/1421.jpg,Cat
processed_images/6428.jpg,Cat
processed_images/1347.jpg,Cat
processed_images/7736.jpg,Cat
processed_images/8405.jpg,Cat
processed_images/2896.jpg,Cat
processed_images/3550.jpg,Cat
processed_images/11017.jpg,Cat
processed_images/10309.jpg,Cat
processed_images/5121.jpg,Cat
processed_images/9928.jpg,Cat
processed_images/638.jpg,Cat
processed_images/7905.jpg,Cat
processed_images/9096.jpg,Cat
processed_images/8388.jpg,Cat
processed_images/12293.jpg,Cat
processed_images/5874.jpg,Cat
processed_images/11942.jpg,Cat
processed_images/10484.jpg,Cat
processed_images/5860.jpg,Cat
processed_images/11956.jpg,Cat
processed_images/10490.jpg,Cat
processed_images/9082.jpg,Cat
processed_images/12287.jpg,Cat
processed_images/7911.jpg,Cat
processed_images/2869.jpg,Cat
processed_images/9914.jpg,Cat
processed_images/7939.jpg,Cat
processed_images/1390.jpg,Cat
processed_images/604.jpg,Cat
processed_images/2699.jpg,Cat
processed_images/2841.jpg,Cat
processed_images/3587.jpg,Cat
processed_images/5848.jpg,Cat
processed_images/5690.jpg,Cat
processed_images/162.jpg,Cat
processed_images/6399.jpg,Cat
processed_images/7087.jpg,Cat
processed_images/176.jpg,Cat
processed_images/7093.jpg,Cat
processed_images/5684.jpg,Cat
processed_images/2855.jpg,Cat
processed_images/3593.jpg,Cat
processed_images/9900.jpg,Cat
processed_images/88.jpg,Cat
processed_images/610.jpg,Cat
processed_images/1384.jpg,Cat
processed_images/6164.jpg,Cat
processed_images/9257.jpg,Cat
processed_images/12052.jpg,Cat
processed_images/8149.jpg,Cat
processed_images/4773.jpg,Cat
processed_images/2302.jpg,Cat
processed_images/10645.jpg,Cat
processed_images/2464.jpg,Cat
processed_images/10123.jpg,Cat
processed_images/4015.jpg,Cat
processed_images/6602.jpg,Cat
processed_images/9531.jpg,Cat
processed_images/7508.jpg,Cat
processed_images/1179.jpg,Cat
processed_images/6616.jpg,Cat
processed_images/9525.jpg,Cat
processed_images/2470.jpg,Cat
processed_images/10137.jpg,Cat
processed_images/11229.jpg,Cat
processed_images/4001.jpg,Cat
processed_images/10889.jpg,Cat
processed_images/4767.jpg,Cat
processed_images/3008.jpg,Cat
processed_images/2316.jpg,Cat
processed_images/10651.jpg,Cat
processed_images/5479.jpg,Cat
processed_images/6170.jpg,Cat
processed_images/9243.jpg,Cat
processed_images/12046.jpg,Cat
processed_images/11567.jpg,Cat
processed_images/3020.jpg,Cat
processed_images/4997.jpg,Cat
processed_images/10679.jpg,Cat
processed_images/5451.jpg,Cat
processed_images/6158.jpg,Cat
processed_images/1637.jpg,Cat
processed_images/8175.jpg,Cat
processed_images/7246.jpg,Cat
processed_images/8613.jpg,Cat
processed_images/7520.jpg,Cat
processed_images/1151.jpg,Cat
processed_images/5337.jpg,Cat
processed_images/2458.jpg,Cat
processed_images/11201.jpg,Cat
processed_images/3746.jpg,Cat
processed_images/4029.jpg,Cat
processed_images/5323.jpg,Cat
processed_images/11215.jpg,Cat
processed_images/3752.jpg,Cat
processed_images/8607.jpg,Cat
processed_images/7534.jpg,Cat
processed_images/1145.jpg,Cat
processed_images/9519.jpg,Cat
processed_images/1623.jpg,Cat
processed_images/8161.jpg,Cat
processed_images/7252.jpg,Cat
processed_images/11573.jpg,Cat
processed_images/3034.jpg,Cat
processed_images/4983.jpg,Cat
processed_images/5445.jpg,Cat
processed_images/10686.jpg,Cat
processed_images/4968.jpg,Cat
processed_images/11598.jpg,Cat
processed_images/12091.jpg,Cat
processed_images/1810.jpg,Cat
processed_images/9294.jpg,Cat
processed_images/8834.jpg,Cat
processed_images/6819.jpg,Cat
processed_images/3961.jpg,Cat
processed_images/3975.jpg,Cat
processed_images/8820.jpg,Cat
processed_images/12085.jpg,Cat
processed_images/1804.jpg,Cat
processed_images/9280.jpg,Cat
processed_images/348.jpg,Cat
processed_images/10692.jpg,Cat
processed_images/7285.jpg,Cat
processed_images/360.jpg,Cat
processed_images/4954.jpg,Cat
processed_images/5492.jpg,Cat
processed_images/10862.jpg,Cat
processed_images/3785.jpg,Cat
processed_images/406.jpg,Cat
processed_images/1192.jpg,Cat
processed_images/8808.jpg,Cat
processed_images/6825.jpg,Cat
processed_images/1186.jpg,Cat
processed_images/412.jpg,Cat
processed_images/6831.jpg,Cat
processed_images/3791.jpg,Cat
processed_images/3949.jpg,Cat
processed_images/4940.jpg,Cat
processed_images/5486.jpg,Cat
processed_images/4798.jpg,Cat
processed_images/10876.jpg,Cat
processed_images/1838.jpg,Cat
processed_images/7291.jpg,Cat
processed_images/374.jpg,Cat
processed_images/12126.jpg,Cat
processed_images/6010.jpg,Cat
processed_images/9323.jpg,Cat
processed_images/5519.jpg,Cat
processed_images/2276.jpg,Cat
processed_images/10731.jpg,Cat
processed_images/3168.jpg,Cat
processed_images/4607.jpg,Cat
processed_images/4161.jpg,Cat
processed_images/11349.jpg,Cat
processed_images/2510.jpg,Cat
processed_images/10057.jpg,Cat
processed_images/6776.jpg,Cat
processed_images/9445.jpg,Cat
processed_images/1019.jpg,Cat
processed_images/8983.jpg,Cat
processed_images/7468.jpg,Cat
processed_images/6762.jpg,Cat
processed_images/9451.jpg,Cat
processed_images/8997.jpg,Cat
processed_images/599.jpg,Cat
processed_images/4175.jpg,Cat
processed_images/2504.jpg,Cat
processed_images/10043.jpg,Cat
processed_images/2262.jpg,Cat
processed_images/10725.jpg,Cat
processed_images/4613.jpg,Cat
processed_images/8029.jpg,Cat
processed_images/12132.jpg,Cat
processed_images/6004.jpg,Cat
processed_images/9337.jpg,Cat
processed_images/5525.jpg,Cat
processed_images/11413.jpg,Cat
processed_images/3154.jpg,Cat
processed_images/8001.jpg,Cat
processed_images/7332.jpg,Cat
processed_images/1743.jpg,Cat
processed_images/9479.jpg,Cat
processed_images/1025.jpg,Cat
processed_images/6992.jpg,Cat
processed_images/8767.jpg,Cat
processed_images/7454.jpg,Cat
processed_images/11375.jpg,Cat
processed_images/3632.jpg,Cat
processed_images/5243.jpg,Cat
processed_images/4149.jpg,Cat
processed_images/11361.jpg,Cat
processed_images/3626.jpg,Cat
processed_images/2538.jpg,Cat
processed_images/5257.jpg,Cat
processed_images/1031.jpg,Cat
processed_images/6986.jpg,Cat
processed_images/8773.jpg,Cat
processed_images/7440.jpg,Cat
processed_images/8015.jpg,Cat
processed_images/7326.jpg,Cat
processed_images/1757.jpg,Cat
processed_images/6038.jpg,Cat
processed_images/5531.jpg,Cat
processed_images/10719.jpg,Cat
processed_images/11407.jpg,Cat
processed_images/3140.jpg,Cat
processed_images/228.jpg,Cat
processed_images/1964.jpg,Cat
processed_images/8798.jpg,Cat
processed_images/9486.jpg,Cat
processed_images/8940.jpg,Cat
processed_images/10094.jpg,Cat
processed_images/3815.jpg,Cat
processed_images/10080.jpg,Cat
processed_images/3801.jpg,Cat
processed_images/6979.jpg,Cat
processed_images/9492.jpg,Cat
processed_images/8954.jpg,Cat
processed_images/1970.jpg,Cat
processed_images/4808.jpg,Cat
processed_images/214.jpg,Cat
processed_images/1780.jpg,Cat
processed_images/1958.jpg,Cat
processed_images/3197.jpg,Cat
processed_images/10916.jpg,Cat
processed_images/4820.jpg,Cat
processed_images/2289.jpg,Cat
processed_images/5280.jpg,Cat
processed_images/3829.jpg,Cat
processed_images/6951.jpg,Cat
processed_images/7497.jpg,Cat
processed_images/6789.jpg,Cat
processed_images/572.jpg,Cat
processed_images/6945.jpg,Cat
processed_images/7483.jpg,Cat
processed_images/566.jpg,Cat
processed_images/8968.jpg,Cat
processed_images/5294.jpg,Cat
processed_images/3183.jpg,Cat
processed_images/10902.jpg,Cat
processed_images/4834.jpg,Cat
processed_images/1794.jpg,Cat
processed_images/200.jpg,Cat
processed_images/8559.jpg,Cat
processed_images/957.jpg,Cat
processed_images/12442.jpg,Cat
processed_images/9647.jpg,Cat
processed_images/6574.jpg,Cat
processed_images/10255.jpg,Cat
processed_images/2712.jpg,Cat
processed_images/4363.jpg,Cat
processed_images/4405.jpg,Cat
processed_images/10533.jpg,Cat
processed_images/2074.jpg,Cat
processed_images/9121.jpg,Cat
processed_images/6212.jpg,Cat
processed_images/12324.jpg,Cat
processed_images/9135.jpg,Cat
processed_images/6206.jpg,Cat
processed_images/1569.jpg,Cat
processed_images/12330.jpg,Cat
processed_images/7118.jpg,Cat
processed_images/4411.jpg,Cat
processed_images/11639.jpg,Cat
processed_images/10527.jpg,Cat
processed_images/2060.jpg,Cat
processed_images/5069.jpg,Cat
processed_images/10241.jpg,Cat
processed_images/2706.jpg,Cat
processed_images/3418.jpg,Cat
processed_images/4377.jpg,Cat
processed_images/943.jpg,Cat
processed_images/12456.jpg,Cat
processed_images/9653.jpg,Cat
processed_images/6560.jpg,Cat
processed_images/5041.jpg,Cat
processed_images/10269.jpg,Cat
processed_images/3430.jpg,Cat
processed_images/11177.jpg,Cat
processed_images/7656.jpg,Cat
processed_images/8565.jpg,Cat
processed_images/1227.jpg,Cat
processed_images/6548.jpg,Cat
processed_images/1541.jpg,Cat
processed_images/12318.jpg,Cat
processed_images/7130.jpg,Cat
processed_images/8203.jpg,Cat
processed_images/4439.jpg,Cat
processed_images/3356.jpg,Cat
processed_images/11611.jpg,Cat
processed_images/2048.jpg,Cat
processed_images/5727.jpg,Cat
processed_images/3342.jpg,Cat
processed_images/11605.jpg,Cat
processed_images/5733.jpg,Cat
processed_images/9109.jpg,Cat
processed_images/1555.jpg,Cat
processed_images/7124.jpg,Cat
processed_images/8217.jpg,Cat
processed_images/7642.jpg,Cat
processed_images/8571.jpg,Cat
processed_images/1233.jpg,Cat
processed_images/5055.jpg,Cat
processed_images/3424.jpg,Cat
processed_images/11163.jpg,Cat
processed_images/11188.jpg,Cat
processed_images/2909.jpg,Cat
processed_images/10296.jpg,Cat
processed_images/7871.jpg,Cat
processed_images/9684.jpg,Cat
processed_images/994.jpg,Cat
processed_images/12481.jpg,Cat
processed_images/11836.jpg,Cat
processed_images/5900.jpg,Cat
processed_images/11822.jpg,Cat
processed_images/5914.jpg,Cat
processed_images/758.jpg,Cat
processed_images/7865.jpg,Cat
processed_images/9690.jpg,Cat
processed_images/980.jpg,Cat
processed_images/9848.jpg,Cat
processed_images/12495.jpg,Cat
processed_images/10282.jpg,Cat
processed_images/770.jpg,Cat
processed_images/7695.jpg,Cat
processed_images/9860.jpg,Cat
processed_images/2935.jpg,Cat
processed_images/5082.jpg,Cat
processed_images/3395.jpg,Cat
processed_images/1582.jpg,Cat
processed_images/1596.jpg,Cat
processed_images/3381.jpg,Cat
processed_images/5928.jpg,Cat
processed_images/2921.jpg,Cat
processed_images/4388.jpg,Cat
processed_images/5096.jpg,Cat
processed_images/7859.jpg,Cat
processed_images/764.jpg,Cat
processed_images/7681.jpg,Cat
processed_images/9874.jpg,Cat
processed_images/5929.jpg,Cat
processed_images/3380.jpg,Cat
processed_images/1597.jpg,Cat
processed_images/9875.jpg,Cat
processed_images/7680.jpg,Cat
processed_images/765.jpg,Cat
processed_images/7858.jpg,Cat
processed_images/5097.jpg,Cat
processed_images/4389.jpg,Cat
processed_images/2920.jpg,Cat
processed_images/5083.jpg,Cat
processed_images/2934.jpg,Cat
processed_images/9861.jpg,Cat
processed_images/7694.jpg,Cat
processed_images/771.jpg,Cat
processed_images/1583.jpg,Cat
processed_images/3394.jpg,Cat
processed_images/5915.jpg,Cat
processed_images/11823.jpg,Cat
processed_images/10283.jpg,Cat
processed_images/12494.jpg,Cat
processed_images/9849.jpg,Cat
processed_images/981.jpg,Cat
processed_images/9691.jpg,Cat
processed_images/7864.jpg,Cat
processed_images/759.jpg,Cat
processed_images/12480.jpg,Cat
processed_images/995.jpg,Cat
processed_images/9685.jpg,Cat
processed_images/7870.jpg,Cat
processed_images/10297.jpg,Cat
processed_images/2908.jpg,Cat
processed_images/11189.jpg,Cat
processed_images/5901.jpg,Cat
processed_images/11837.jpg,Cat
processed_images/8216.jpg,Cat
processed_images/7125.jpg,Cat
processed_images/1554.jpg,Cat
processed_images/9108.jpg,Cat
processed_images/5732.jpg,Cat
processed_images/11604.jpg,Cat
processed_images/3343.jpg,Cat
processed_images/11162.jpg,Cat
processed_images/3425.jpg,Cat
processed_images/5054.jpg,Cat
processed_images/1232.jpg,Cat
processed_images/8570.jpg,Cat
processed_images/7643.jpg,Cat
processed_images/6549.jpg,Cat
processed_images/1226.jpg,Cat
processed_images/8564.jpg,Cat
processed_images/7657.jpg,Cat
processed_images/11176.jpg,Cat
processed_images/3431.jpg,Cat
processed_images/10268.jpg,Cat
processed_images/5040.jpg,Cat
processed_images/5726.jpg,Cat
processed_images/2049.jpg,Cat
processed_images/11610.jpg,Cat
processed_images/3357.jpg,Cat
processed_images/4438.jpg,Cat
processed_images/8202.jpg,Cat
processed_images/7131.jpg,Cat
processed_images/12319.jpg,Cat
processed_images/1540.jpg,Cat
processed_images/2061.jpg,Cat
processed_images/10526.jpg,Cat
processed_images/11638.jpg,Cat
processed_images/4410.jpg,Cat
processed_images/7119.jpg,Cat
processed_images/12331.jpg,Cat
processed_images/1568.jpg,Cat
processed_images/6207.jpg,Cat
processed_images/9134.jpg,Cat
processed_images/6561.jpg,Cat
processed_images/9652.jpg,Cat
processed_images/12457.jpg,Cat
processed_images/942.jpg,Cat
processed_images/4376.jpg,Cat
processed_images/3419.jpg,Cat
processed_images/2707.jpg,Cat
processed_images/10240.jpg,Cat
processed_images/5068.jpg,Cat
processed_images/4362.jpg,Cat
processed_images/2713.jpg,Cat
processed_images/10254.jpg,Cat
processed_images/6575.jpg,Cat
processed_images/9646.jpg,Cat
processed_images/12443.jpg,Cat
processed_images/8558.jpg,Cat
processed_images/956.jpg,Cat
processed_images/12325.jpg,Cat
processed_images/6213.jpg,Cat
processed_images/9120.jpg,Cat
processed_images/2075.jpg,Cat
processed_images/10532.jpg,Cat
processed_images/4404.jpg,Cat
processed_images/5295.jpg,Cat
processed_images/567.jpg,Cat
processed_images/8969.jpg,Cat
processed_images/7482.jpg,Cat
processed_images/6944.jpg,Cat
processed_images/201.jpg,Cat
processed_images/1795.jpg,Cat
processed_images/4835.jpg,Cat
processed_images/10903.jpg,Cat
processed_images/3182.jpg,Cat
processed_images/2288.jpg,Cat
processed_images/4821.jpg,Cat
processed_images/10917.jpg,Cat
processed_images/3196.jpg,Cat
processed_images/1959.jpg,Cat
processed_images/1781.jpg,Cat
processed_images/215.jpg,Cat
processed_images/573.jpg,Cat
processed_images/6788.jpg,Cat
processed_images/7496.jpg,Cat
processed_images/6950.jpg,Cat
processed_images/3828.jpg,Cat
processed_images/5281.jpg,Cat
processed_images/8955.jpg,Cat
processed_images/9493.jpg,Cat
processed_images/6978.jpg,Cat
processed_images/3800.jpg,Cat
processed_images/10081.jpg,Cat
processed_images/4809.jpg,Cat
processed_images/1971.jpg,Cat
processed_images/1965.jpg,Cat
processed_images/229.jpg,Cat
processed_images/3814.jpg,Cat
processed_images/10095.jpg,Cat
processed_images/8941.jpg,Cat
processed_images/9487.jpg,Cat
processed_images/8799.jpg,Cat
processed_images/7441.jpg,Cat
processed_images/8772.jpg,Cat
processed_images/6987.jpg,Cat
processed_images/1030.jpg,Cat
processed_images/5256.jpg,Cat
processed_images/2539.jpg,Cat
processed_images/3627.jpg,Cat
processed_images/11360.jpg,Cat
processed_images/4148.jpg,Cat
processed_images/3141.jpg,Cat
processed_images/11406.jpg,Cat
processed_images/10718.jpg,Cat
processed_images/5530.jpg,Cat
processed_images/6039.jpg,Cat
processed_images/1756.jpg,Cat
processed_images/7327.jpg,Cat
processed_images/8014.jpg,Cat
processed_images/1742.jpg,Cat
processed_images/7333.jpg,Cat
processed_images/8000.jpg,Cat
processed_images/3155.jpg,Cat
processed_images/11412.jpg,Cat
processed_images/5524.jpg,Cat
processed_images/5242.jpg,Cat
processed_images/3633.jpg,Cat
processed_images/11374.jpg,Cat
processed_images/7455.jpg,Cat
processed_images/8766.jpg,Cat
processed_images/6993.jpg,Cat
processed_images/1024.jpg,Cat
processed_images/9478.jpg,Cat
processed_images/10042.jpg,Cat
processed_images/2505.jpg,Cat
processed_images/4174.jpg,Cat
processed_images/8996.jpg,Cat
processed_images/598.jpg,Cat
processed_images/9450.jpg,Cat
processed_images/6763.jpg,Cat
processed_images/9336.jpg,Cat
processed_images/6005.jpg,Cat
processed_images/12133.jpg,Cat
processed_images/8028.jpg,Cat
processed_images/4612.jpg,Cat
processed_images/10724.jpg,Cat
processed_images/2263.jpg,Cat
processed_images/4606.jpg,Cat
processed_images/3169.jpg,Cat
processed_images/10730.jpg,Cat
processed_images/2277.jpg,Cat
processed_images/5518.jpg,Cat
processed_images/9322.jpg,Cat
processed_images/6011.jpg,Cat
processed_images/12127.jpg,Cat
processed_images/7469.jpg,Cat
processed_images/1018.jpg,Cat
processed_images/8982.jpg,Cat
processed_images/9444.jpg,Cat
processed_images/6777.jpg,Cat
processed_images/10056.jpg,Cat
processed_images/2511.jpg,Cat
processed_images/11348.jpg,Cat
processed_images/4160.jpg,Cat
processed_images/3948.jpg,Cat
processed_images/3790.jpg,Cat
processed_images/6830.jpg,Cat
processed_images/413.jpg,Cat
processed_images/1187.jpg,Cat
processed_images/375.jpg,Cat
processed_images/7290.jpg,Cat
processed_images/1839.jpg,Cat
processed_images/4799.jpg,Cat
processed_images/10877.jpg,Cat
processed_images/5487.jpg,Cat
processed_images/4941.jpg,Cat
processed_images/10863.jpg,Cat
processed_images/5493.jpg,Cat
processed_images/4955.jpg,Cat
processed_images/361.jpg,Cat
processed_images/7284.jpg,Cat
processed_images/6824.jpg,Cat
processed_images/1193.jpg,Cat
processed_images/407.jpg,Cat
processed_images/8809.jpg,Cat
processed_images/3784.jpg,Cat
processed_images/8821.jpg,Cat
processed_images/3974.jpg,Cat
processed_images/10693.jpg,Cat
processed_images/349.jpg,Cat
processed_images/9281.jpg,Cat
processed_images/1805.jpg,Cat
processed_images/12084.jpg,Cat
processed_images/9295.jpg,Cat
processed_images/1811.jpg,Cat
processed_images/12090.jpg,Cat
processed_images/11599.jpg,Cat
processed_images/10687.jpg,Cat
processed_images/4969.jpg,Cat
processed_images/3960.jpg,Cat
processed_images/6818.jpg,Cat
processed_images/8835.jpg,Cat
processed_images/9518.jpg,Cat
processed_images/1144.jpg,Cat
processed_images/7535.jpg,Cat
processed_images/8606.jpg,Cat
processed_images/3753.jpg,Cat
processed_images/11214.jpg,Cat
processed_images/5322.jpg,Cat
processed_images/5444.jpg,Cat
processed_images/4982.jpg,Cat
processed_images/3035.jpg,Cat
processed_images/11572.jpg,Cat
processed_images/7253.jpg,Cat
processed_images/8160.jpg,Cat
processed_images/1622.jpg,Cat
processed_images/7247.jpg,Cat
processed_images/8174.jpg,Cat
processed_images/1636.jpg,Cat
processed_images/6159.jpg,Cat
processed_images/5450.jpg,Cat
processed_images/4996.jpg,Cat
processed_images/10678.jpg,Cat
processed_images/3021.jpg,Cat
processed_images/11566.jpg,Cat
processed_images/4028.jpg,Cat
processed_images/3747.jpg,Cat
processed_images/11200.jpg,Cat
processed_images/2459.jpg,Cat
processed_images/5336.jpg,Cat
processed_images/1150.jpg,Cat
processed_images/7521.jpg,Cat
processed_images/8612.jpg,Cat
processed_images/4000.jpg,Cat
processed_images/11228.jpg,Cat
processed_images/10136.jpg,Cat
processed_images/2471.jpg,Cat
processed_images/9524.jpg,Cat
processed_images/6617.jpg,Cat
processed_images/1178.jpg,Cat
processed_images/7509.jpg,Cat
processed_images/12047.jpg,Cat
processed_images/9242.jpg,Cat
processed_images/6171.jpg,Cat
processed_images/5478.jpg,Cat
processed_images/10650.jpg,Cat
processed_images/2317.jpg,Cat
processed_images/3009.jpg,Cat
processed_images/10888.jpg,Cat
processed_images/4766.jpg,Cat
processed_images/10644.jpg,Cat
processed_images/2303.jpg,Cat
processed_images/4772.jpg,Cat
processed_images/8148.jpg,Cat
processed_images/12053.jpg,Cat
processed_images/9256.jpg,Cat
processed_images/6165.jpg,Cat
processed_images/9530.jpg,Cat
processed_images/6603.jpg,Cat
processed_images/4014.jpg,Cat
processed_images/10122.jpg,Cat
processed_images/2465.jpg,Cat
processed_images/5685.jpg,Cat
processed_images/7092.jpg,Cat
processed_images/177.jpg,Cat
processed_images/1385.jpg,Cat
processed_images/611.jpg,Cat
processed_images/89.jpg,Cat
processed_images/9901.jpg,Cat
processed_images/3592.jpg,Cat
processed_images/2854.jpg,Cat
processed_images/3586.jpg,Cat
processed_images/2840.jpg,Cat
processed_images/2698.jpg,Cat
processed_images/605.jpg,Cat
processed_images/1391.jpg,Cat
processed_images/7938.jpg,Cat
processed_images/9915.jpg,Cat
processed_images/7086.jpg,Cat
processed_images/6398.jpg,Cat
processed_images/163.jpg,Cat
processed_images/5691.jpg,Cat
processed_images/5849.jpg,Cat
processed_images/12286.jpg,Cat
processed_images/9083.jpg,Cat
processed_images/10491.jpg,Cat
processed_images/11957.jpg,Cat
processed_images/5861.jpg,Cat
processed_images/2868.jpg,Cat
processed_images/7910.jpg,Cat
processed_images/7904.jpg,Cat
processed_images/639.jpg,Cat
processed_images/9929.jpg,Cat
processed_images/10485.jpg,Cat
processed_images/11943.jpg,Cat
processed_images/5875.jpg,Cat
processed_images/12292.jpg,Cat
processed_images/8389.jpg,Cat
processed_images/9097.jpg,Cat
processed_images/1420.jpg,Cat
processed_images/12279.jpg,Cat
processed_images/8362.jpg,Cat
processed_images/7051.jpg,Cat
processed_images/4558.jpg,Cat
processed_images/11770.jpg,Cat
processed_images/3237.jpg,Cat
processed_images/2129.jpg,Cat
processed_images/5646.jpg,Cat
processed_images/5120.jpg,Cat
processed_images/10308.jpg,Cat
processed_images/11016.jpg,Cat
processed_images/3551.jpg,Cat
processed_images/2897.jpg,Cat
processed_images/8404.jpg,Cat
processed_images/7737.jpg,Cat
processed_images/1346.jpg,Cat
processed_images/6429.jpg,Cat
processed_images/8410.jpg,Cat
processed_images/7723.jpg,Cat
processed_images/1352.jpg,Cat
processed_images/5134.jpg,Cat
processed_images/11002.jpg,Cat
processed_images/3545.jpg,Cat
processed_images/2883.jpg,Cat
processed_images/11764.jpg,Cat
processed_images/3223.jpg,Cat
processed_images/5652.jpg,Cat
processed_images/9068.jpg,Cat
processed_images/1434.jpg,Cat
processed_images/8376.jpg,Cat
processed_images/7045.jpg,Cat
processed_images/4564.jpg,Cat
processed_images/2115.jpg,Cat
processed_images/10452.jpg,Cat
processed_images/11994.jpg,Cat
processed_images/6373.jpg,Cat
processed_images/9040.jpg,Cat
processed_images/188.jpg,Cat
processed_images/12245.jpg,Cat
processed_images/8438.jpg,Cat
processed_images/836.jpg,Cat
processed_images/6415.jpg,Cat
processed_images/76.jpg,Cat
processed_images/9726.jpg,Cat
processed_images/2673.jpg,Cat
processed_images/10334.jpg,Cat
processed_images/4202.jpg,Cat
processed_images/5108.jpg,Cat
processed_images/2667.jpg,Cat
processed_images/10320.jpg,Cat
processed_images/3579.jpg,Cat
processed_images/4216.jpg,Cat
processed_images/822.jpg,Cat
processed_images/62.jpg,Cat
processed_images/6401.jpg,Cat
processed_images/9732.jpg,Cat
processed_images/6367.jpg,Cat
processed_images/9054.jpg,Cat
processed_images/1408.jpg,Cat
processed_images/12251.jpg,Cat
processed_images/7079.jpg,Cat
processed_images/4570.jpg,Cat
processed_images/11758.jpg,Cat
processed_images/2101.jpg,Cat
processed_images/10446.jpg,Cat
processed_images/11980.jpg,Cat
processed_images/4200.jpg,Cat
processed_images/11028.jpg,Cat
processed_images/2671.jpg,Cat
processed_images/10336.jpg,Cat
processed_images/74.jpg,Cat
processed_images/6417.jpg,Cat
processed_images/9724.jpg,Cat
processed_images/1378.jpg,Cat
processed_images/7709.jpg,Cat
processed_images/834.jpg,Cat
processed_images/12247.jpg,Cat
processed_images/6371.jpg,Cat
processed_images/9042.jpg,Cat
processed_images/5678.jpg,Cat
processed_images/11996.jpg,Cat
processed_images/2117.jpg,Cat
processed_images/10450.jpg,Cat
processed_images/3209.jpg,Cat
processed_images/4566.jpg,Cat
processed_images/11982.jpg,Cat
processed_images/2103.jpg,Cat
processed_images/10444.jpg,Cat
processed_images/4572.jpg,Cat
processed_images/8348.jpg,Cat
processed_images/12253.jpg,Cat
processed_images/6365.jpg,Cat
processed_images/9056.jpg,Cat
processed_images/6403.jpg,Cat
processed_images/60.jpg,Cat
processed_images/9730.jpg,Cat
processed_images/820.jpg,Cat
processed_images/4214.jpg,Cat
processed_images/2665.jpg,Cat
processed_images/10322.jpg,Cat
processed_images/9718.jpg,Cat
processed_images/48.jpg,Cat
processed_images/1344.jpg,Cat
processed_images/808.jpg,Cat
processed_images/8406.jpg,Cat
processed_images/7735.jpg,Cat
processed_images/2895.jpg,Cat
processed_images/11014.jpg,Cat
processed_images/3553.jpg,Cat
processed_images/5122.jpg,Cat
processed_images/5644.jpg,Cat
processed_images/11772.jpg,Cat
processed_images/3235.jpg,Cat
processed_images/8360.jpg,Cat
processed_images/7053.jpg,Cat
processed_images/1422.jpg,Cat
processed_images/8374.jpg,Cat
processed_images/7047.jpg,Cat
processed_images/1436.jpg,Cat
processed_images/6359.jpg,Cat
processed_images/5650.jpg,Cat
processed_images/10478.jpg,Cat
processed_images/11766.jpg,Cat
processed_images/5888.jpg,Cat
processed_images/3221.jpg,Cat
processed_images/4228.jpg,Cat
processed_images/2881.jpg,Cat
processed_images/11000.jpg,Cat
processed_images/3547.jpg,Cat
processed_images/2659.jpg,Cat
processed_images/5136.jpg,Cat
processed_images/1350.jpg,Cat
processed_images/8412.jpg,Cat
processed_images/7721.jpg,Cat
processed_images/7912.jpg,Cat
processed_images/5863.jpg,Cat
processed_images/11955.jpg,Cat
processed_images/10493.jpg,Cat
processed_images/149.jpg,Cat
processed_images/9081.jpg,Cat
processed_images/12284.jpg,Cat
processed_images/9095.jpg,Cat
processed_images/12290.jpg,Cat
processed_images/5877.jpg,Cat
processed_images/11799.jpg,Cat
processed_images/11941.jpg,Cat
processed_images/10487.jpg,Cat
processed_images/7906.jpg,Cat
processed_images/2856.jpg,Cat
processed_images/3590.jpg,Cat
processed_images/9903.jpg,Cat
processed_images/613.jpg,Cat
processed_images/1387.jpg,Cat
processed_images/175.jpg,Cat
processed_images/7090.jpg,Cat
processed_images/4599.jpg,Cat
processed_images/11969.jpg,Cat
processed_images/5687.jpg,Cat
processed_images/5693.jpg,Cat
processed_images/161.jpg,Cat
processed_images/7084.jpg,Cat
processed_images/9917.jpg,Cat
processed_images/1393.jpg,Cat
processed_images/607.jpg,Cat
processed_images/2842.jpg,Cat
processed_images/3584.jpg,Cat
processed_images/4764.jpg,Cat
processed_images/10652.jpg,Cat
processed_images/2315.jpg,Cat
processed_images/9240.jpg,Cat
processed_images/6173.jpg,Cat
processed_images/388.jpg,Cat
processed_images/12045.jpg,Cat
processed_images/8638.jpg,Cat
processed_images/9526.jpg,Cat
processed_images/6615.jpg,Cat
processed_images/10134.jpg,Cat
processed_images/2473.jpg,Cat
processed_images/4002.jpg,Cat
processed_images/5308.jpg,Cat
processed_images/10120.jpg,Cat
processed_images/2467.jpg,Cat
processed_images/3779.jpg,Cat
processed_images/4016.jpg,Cat
processed_images/9532.jpg,Cat
processed_images/6601.jpg,Cat
processed_images/9254.jpg,Cat
processed_images/6167.jpg,Cat
processed_images/1608.jpg,Cat
processed_images/12051.jpg,Cat
processed_images/7279.jpg,Cat
processed_images/4770.jpg,Cat
processed_images/11558.jpg,Cat
processed_images/10646.jpg,Cat
processed_images/2301.jpg,Cat
processed_images/1620.jpg,Cat
processed_images/12079.jpg,Cat
processed_images/7251.jpg,Cat
processed_images/8162.jpg,Cat
processed_images/4758.jpg,Cat
processed_images/3037.jpg,Cat
processed_images/11570.jpg,Cat
processed_images/2329.jpg,Cat
processed_images/4980.jpg,Cat
processed_images/5446.jpg,Cat
processed_images/3989.jpg,Cat
processed_images/5320.jpg,Cat
processed_images/10108.jpg,Cat
processed_images/3751.jpg,Cat
processed_images/11216.jpg,Cat
processed_images/7537.jpg,Cat
processed_images/8604.jpg,Cat
processed_images/1146.jpg,Cat
processed_images/6629.jpg,Cat
processed_images/7523.jpg,Cat
processed_images/8610.jpg,Cat
processed_images/1152.jpg,Cat
processed_images/5334.jpg,Cat
processed_images/3745.jpg,Cat
processed_images/11202.jpg,Cat
processed_images/3023.jpg,Cat
processed_images/11564.jpg,Cat
processed_images/4994.jpg,Cat
processed_images/5452.jpg,Cat
processed_images/9268.jpg,Cat
processed_images/1634.jpg,Cat
processed_images/7245.jpg,Cat
processed_images/8176.jpg,Cat
processed_images/12086.jpg,Cat
processed_images/1807.jpg,Cat
processed_images/9283.jpg,Cat
processed_images/10691.jpg,Cat
processed_images/10849.jpg,Cat
processed_images/3976.jpg,Cat
processed_images/8823.jpg,Cat
processed_images/8837.jpg,Cat
processed_images/439.jpg,Cat
processed_images/3962.jpg,Cat
processed_images/10685.jpg,Cat
processed_images/12092.jpg,Cat
processed_images/8189.jpg,Cat
processed_images/1813.jpg,Cat
processed_images/9297.jpg,Cat
processed_images/4943.jpg,Cat
processed_images/5485.jpg,Cat
processed_images/10875.jpg,Cat
processed_images/7292.jpg,Cat
processed_images/377.jpg,Cat
processed_images/1185.jpg,Cat
processed_images/411.jpg,Cat
processed_images/6832.jpg,Cat
processed_images/3792.jpg,Cat
processed_images/3786.jpg,Cat
processed_images/2498.jpg,Cat
processed_images/405.jpg,Cat
processed_images/1191.jpg,Cat
processed_images/6826.jpg,Cat
processed_images/7286.jpg,Cat
processed_images/6198.jpg,Cat
processed_images/363.jpg,Cat
processed_images/4957.jpg,Cat
processed_images/5491.jpg,Cat
processed_images/10861.jpg,Cat
processed_images/10726.jpg,Cat
processed_images/2261.jpg,Cat
processed_images/11438.jpg,Cat
processed_images/4610.jpg,Cat
processed_images/7319.jpg,Cat
processed_images/12131.jpg,Cat
processed_images/1768.jpg,Cat
processed_images/9334.jpg,Cat
processed_images/6007.jpg,Cat
processed_images/9452.jpg,Cat
processed_images/6761.jpg,Cat
processed_images/8994.jpg,Cat
processed_images/4176.jpg,Cat
processed_images/3619.jpg,Cat
processed_images/10040.jpg,Cat
processed_images/2507.jpg,Cat
processed_images/5268.jpg,Cat
processed_images/4162.jpg,Cat
processed_images/10054.jpg,Cat
processed_images/2513.jpg,Cat
processed_images/9446.jpg,Cat
processed_images/6775.jpg,Cat
processed_images/8980.jpg,Cat
processed_images/8758.jpg,Cat
processed_images/12125.jpg,Cat
processed_images/9320.jpg,Cat
processed_images/6013.jpg,Cat
processed_images/10732.jpg,Cat
processed_images/2275.jpg,Cat
processed_images/4604.jpg,Cat
processed_images/7325.jpg,Cat
processed_images/8016.jpg,Cat
processed_images/1754.jpg,Cat
processed_images/9308.jpg,Cat
processed_images/5532.jpg,Cat
processed_images/3143.jpg,Cat
processed_images/11404.jpg,Cat
processed_images/3625.jpg,Cat
processed_images/11362.jpg,Cat
processed_images/5254.jpg,Cat
processed_images/1032.jpg,Cat
processed_images/6985.jpg,Cat
processed_images/7443.jpg,Cat
processed_images/8770.jpg,Cat
processed_images/6749.jpg,Cat
processed_images/1026.jpg,Cat
processed_images/6991.jpg,Cat
processed_images/7457.jpg,Cat
processed_images/8764.jpg,Cat
processed_images/3631.jpg,Cat
processed_images/11376.jpg,Cat
processed_images/10068.jpg,Cat
processed_images/5240.jpg,Cat
processed_images/5526.jpg,Cat
processed_images/2249.jpg,Cat
processed_images/3157.jpg,Cat
processed_images/11410.jpg,Cat
processed_images/4638.jpg,Cat
processed_images/7331.jpg,Cat
processed_images/8002.jpg,Cat
processed_images/1998.jpg,Cat
processed_images/12119.jpg,Cat
processed_images/1740.jpg,Cat
processed_images/1973.jpg,Cat
processed_images/10083.jpg,Cat
processed_images/3802.jpg,Cat
processed_images/9491.jpg,Cat
processed_images/8957.jpg,Cat
processed_images/559.jpg,Cat
processed_images/9485.jpg,Cat
processed_images/8943.jpg,Cat
processed_images/10097.jpg,Cat
processed_images/3816.jpg,Cat
processed_images/11389.jpg,Cat
processed_images/10929.jpg,Cat
processed_images/1967.jpg,Cat
processed_images/3180.jpg,Cat
processed_images/10901.jpg,Cat
processed_images/4837.jpg,Cat
processed_images/1797.jpg,Cat
processed_images/203.jpg,Cat
processed_images/6946.jpg,Cat
processed_images/7480.jpg,Cat
processed_images/565.jpg,Cat
processed_images/5297.jpg,Cat
processed_images/4189.jpg,Cat
processed_images/5283.jpg,Cat
processed_images/6952.jpg,Cat
processed_images/7494.jpg,Cat
processed_images/571.jpg,Cat
processed_images/217.jpg,Cat
processed_images/1783.jpg,Cat
processed_images/3194.jpg,Cat
processed_images/10915.jpg,Cat
processed_images/4823.jpg,Cat
processed_images/2705.jpg,Cat
processed_images/10242.jpg,Cat
processed_images/4374.jpg,Cat
processed_images/940.jpg,Cat
processed_images/12455.jpg,Cat
processed_images/9888.jpg,Cat
processed_images/798.jpg,Cat
processed_images/6563.jpg,Cat
processed_images/9650.jpg,Cat
processed_images/6205.jpg,Cat
processed_images/9136.jpg,Cat
processed_images/12333.jpg,Cat
processed_images/8228.jpg,Cat
processed_images/4412.jpg,Cat
processed_images/2063.jpg,Cat
processed_images/10524.jpg,Cat
processed_images/4406.jpg,Cat
processed_images/3369.jpg,Cat
processed_images/2077.jpg,Cat
processed_images/10530.jpg,Cat
processed_images/5718.jpg,Cat
processed_images/6211.jpg,Cat
processed_images/9122.jpg,Cat
processed_images/12327.jpg,Cat
processed_images/7669.jpg,Cat
processed_images/954.jpg,Cat
processed_images/12441.jpg,Cat
processed_images/1218.jpg,Cat
processed_images/6577.jpg,Cat
processed_images/9644.jpg,Cat
processed_images/2711.jpg,Cat
processed_images/10256.jpg,Cat
processed_images/11148.jpg,Cat
processed_images/4360.jpg,Cat
processed_images/8572.jpg,Cat
processed_images/7641.jpg,Cat
processed_images/12469.jpg,Cat
processed_images/1230.jpg,Cat
processed_images/7899.jpg,Cat
processed_images/5056.jpg,Cat
processed_images/2739.jpg,Cat
processed_images/11160.jpg,Cat
processed_images/3427.jpg,Cat
processed_images/4348.jpg,Cat
processed_images/11606.jpg,Cat
processed_images/3341.jpg,Cat
processed_images/10518.jpg,Cat
processed_images/5730.jpg,Cat
processed_images/6239.jpg,Cat
processed_images/1556.jpg,Cat
processed_images/8214.jpg,Cat
processed_images/7127.jpg,Cat
processed_images/1542.jpg,Cat
processed_images/8200.jpg,Cat
processed_images/7133.jpg,Cat
processed_images/11612.jpg,Cat
processed_images/3355.jpg,Cat
processed_images/5724.jpg,Cat
processed_images/5042.jpg,Cat
processed_images/11174.jpg,Cat
processed_images/3433.jpg,Cat
processed_images/968.jpg,Cat
processed_images/8566.jpg,Cat
processed_images/7655.jpg,Cat
processed_images/1224.jpg,Cat
processed_images/9678.jpg,Cat
processed_images/7866.jpg,Cat
processed_images/9693.jpg,Cat
processed_images/983.jpg,Cat
processed_images/12496.jpg,Cat
processed_images/10281.jpg,Cat
processed_images/11821.jpg,Cat
processed_images/5917.jpg,Cat
processed_images/11835.jpg,Cat
processed_images/5903.jpg,Cat
processed_images/10295.jpg,Cat
processed_images/7872.jpg,Cat
processed_images/9687.jpg,Cat
processed_images/8599.jpg,Cat
processed_images/997.jpg,Cat
processed_images/12482.jpg,Cat
processed_images/2922.jpg,Cat
processed_images/5095.jpg,Cat
processed_images/767.jpg,Cat
processed_images/7682.jpg,Cat
processed_images/9877.jpg,Cat
processed_images/1595.jpg,Cat
processed_images/3382.jpg,Cat
processed_images/2088.jpg,Cat
processed_images/11809.jpg,Cat
processed_images/3396.jpg,Cat
processed_images/1581.jpg,Cat
processed_images/773.jpg,Cat
processed_images/6588.jpg,Cat
processed_images/7696.jpg,Cat
processed_images/9863.jpg,Cat
processed_images/2936.jpg,Cat
processed_images/5081.jpg,Cat
processed_images/1580.jpg,Cat
processed_images/3397.jpg,Cat
processed_images/11808.jpg,Cat
processed_images/2089.jpg,Cat
processed_images/5080.jpg,Cat
processed_images/2937.jpg,Cat
processed_images/9862.jpg,Cat
processed_images/7697.jpg,Cat
processed_images/6589.jpg,Cat
processed_images/772.jpg,Cat
processed_images/9876.jpg,Cat
processed_images/7683.jpg,Cat
processed_images/766.jpg,Cat
processed_images/5094.jpg,Cat
processed_images/2923.jpg,Cat
processed_images/3383.jpg,Cat
processed_images/1594.jpg,Cat
processed_images/5902.jpg,Cat
processed_images/11834.jpg,Cat
processed_images/12483.jpg,Cat
processed_images/8598.jpg,Cat
processed_images/996.jpg,Cat
processed_images/9686.jpg,Cat
processed_images/7873.jpg,Cat
processed_images/10294.jpg,Cat
processed_images/10280.jpg,Cat
processed_images/12497.jpg,Cat
processed_images/982.jpg,Cat
processed_images/9692.jpg,Cat
processed_images/7867.jpg,Cat
processed_images/5916.jpg,Cat
processed_images/11820.jpg,Cat
processed_images/5725.jpg,Cat
processed_images/3354.jpg,Cat
processed_images/11613.jpg,Cat
processed_images/7132.jpg,Cat
processed_images/8201.jpg,Cat
processed_images/1543.jpg,Cat
processed_images/9679.jpg,Cat
processed_images/1225.jpg,Cat
processed_images/7654.jpg,Cat
processed_images/969.jpg,Cat
processed_images/8567.jpg,Cat
processed_images/3432.jpg,Cat
processed_images/11175.jpg,Cat
processed_images/5043.jpg,Cat
processed_images/4349.jpg,Cat
processed_images/3426.jpg,Cat
processed_images/11161.jpg,Cat
processed_images/2738.jpg,Cat
processed_images/5057.jpg,Cat
processed_images/7898.jpg,Cat
processed_images/1231.jpg,Cat
processed_images/12468.jpg,Cat
processed_images/7640.jpg,Cat
processed_images/8573.jpg,Cat
processed_images/7126.jpg,Cat
processed_images/8215.jpg,Cat
processed_images/1557.jpg,Cat
processed_images/6238.jpg,Cat
processed_images/5731.jpg,Cat
processed_images/10519.jpg,Cat
processed_images/3340.jpg,Cat
processed_images/11607.jpg,Cat
processed_images/12326.jpg,Cat
processed_images/9123.jpg,Cat
processed_images/6210.jpg,Cat
processed_images/5719.jpg,Cat
processed_images/10531.jpg,Cat
processed_images/2076.jpg,Cat
processed_images/3368.jpg,Cat
processed_images/4407.jpg,Cat
processed_images/4361.jpg,Cat
processed_images/11149.jpg,Cat
processed_images/10257.jpg,Cat
processed_images/2710.jpg,Cat
processed_images/9645.jpg,Cat
processed_images/6576.jpg,Cat
processed_images/1219.jpg,Cat
processed_images/12440.jpg,Cat
processed_images/955.jpg,Cat
processed_images/7668.jpg,Cat
processed_images/9651.jpg,Cat
processed_images/6562.jpg,Cat
processed_images/799.jpg,Cat
processed_images/9889.jpg,Cat
processed_images/12454.jpg,Cat
processed_images/941.jpg,Cat
processed_images/4375.jpg,Cat
processed_images/10243.jpg,Cat
processed_images/2704.jpg,Cat
processed_images/10525.jpg,Cat
processed_images/2062.jpg,Cat
processed_images/4413.jpg,Cat
processed_images/8229.jpg,Cat
processed_images/12332.jpg,Cat
processed_images/9137.jpg,Cat
processed_images/6204.jpg,Cat
processed_images/570.jpg,Cat
processed_images/7495.jpg,Cat
processed_images/6953.jpg,Cat
processed_images/5282.jpg,Cat
processed_images/4822.jpg,Cat
processed_images/10914.jpg,Cat
processed_images/3195.jpg,Cat
processed_images/1782.jpg,Cat
processed_images/216.jpg,Cat
processed_images/202.jpg,Cat
processed_images/1796.jpg,Cat
processed_images/4836.jpg,Cat
processed_images/10900.jpg,Cat
processed_images/3181.jpg,Cat
processed_images/4188.jpg,Cat
processed_images/5296.jpg,Cat
processed_images/564.jpg,Cat
processed_images/7481.jpg,Cat
processed_images/6947.jpg,Cat
processed_images/11388.jpg,Cat
processed_images/3817.jpg,Cat
processed_images/10096.jpg,Cat
processed_images/8942.jpg,Cat
processed_images/9484.jpg,Cat
processed_images/1966.jpg,Cat
processed_images/10928.jpg,Cat
processed_images/1972.jpg,Cat
processed_images/8956.jpg,Cat
processed_images/558.jpg,Cat
processed_images/9490.jpg,Cat
processed_images/3803.jpg,Cat
processed_images/10082.jpg,Cat
processed_images/5241.jpg,Cat
processed_images/10069.jpg,Cat
processed_images/11377.jpg,Cat
processed_images/3630.jpg,Cat
processed_images/8765.jpg,Cat
processed_images/7456.jpg,Cat
processed_images/6990.jpg,Cat
processed_images/1027.jpg,Cat
processed_images/6748.jpg,Cat
processed_images/1741.jpg,Cat
processed_images/12118.jpg,Cat
processed_images/8003.jpg,Cat
processed_images/1999.jpg,Cat
processed_images/7330.jpg,Cat
processed_images/4639.jpg,Cat
processed_images/11411.jpg,Cat
processed_images/3156.jpg,Cat
processed_images/2248.jpg,Cat
processed_images/5527.jpg,Cat
processed_images/11405.jpg,Cat
processed_images/3142.jpg,Cat
processed_images/5533.jpg,Cat
processed_images/9309.jpg,Cat
processed_images/1755.jpg,Cat
processed_images/8017.jpg,Cat
processed_images/7324.jpg,Cat
processed_images/8771.jpg,Cat
processed_images/7442.jpg,Cat
processed_images/6984.jpg,Cat
processed_images/1033.jpg,Cat
processed_images/5255.jpg,Cat
processed_images/11363.jpg,Cat
processed_images/3624.jpg,Cat
processed_images/8759.jpg,Cat
processed_images/8981.jpg,Cat
processed_images/6774.jpg,Cat
processed_images/9447.jpg,Cat
processed_images/2512.jpg,Cat
processed_images/10055.jpg,Cat
processed_images/4163.jpg,Cat
processed_images/4605.jpg,Cat
processed_images/2274.jpg,Cat
processed_images/10733.jpg,Cat
processed_images/6012.jpg,Cat
processed_images/9321.jpg,Cat
processed_images/12124.jpg,Cat
processed_images/6006.jpg,Cat
processed_images/9335.jpg,Cat
processed_images/1769.jpg,Cat
processed_images/12130.jpg,Cat
processed_images/7318.jpg,Cat
processed_images/4611.jpg,Cat
processed_images/11439.jpg,Cat
processed_images/2260.jpg,Cat
processed_images/10727.jpg,Cat
processed_images/5269.jpg,Cat
processed_images/2506.jpg,Cat
processed_images/10041.jpg,Cat
processed_images/3618.jpg,Cat
processed_images/4177.jpg,Cat
processed_images/8995.jpg,Cat
processed_images/6760.jpg,Cat
processed_images/9453.jpg,Cat
processed_images/6827.jpg,Cat
processed_images/1190.jpg,Cat
processed_images/404.jpg,Cat
processed_images/2499.jpg,Cat
processed_images/3787.jpg,Cat
processed_images/10860.jpg,Cat
processed_images/5490.jpg,Cat
processed_images/4956.jpg,Cat
processed_images/362.jpg,Cat
processed_images/6199.jpg,Cat
processed_images/7287.jpg,Cat
processed_images/376.jpg,Cat
processed_images/7293.jpg,Cat
processed_images/10874.jpg,Cat
processed_images/5484.jpg,Cat
processed_images/4942.jpg,Cat
processed_images/3793.jpg,Cat
processed_images/6833.jpg,Cat
processed_images/410.jpg,Cat
processed_images/1184.jpg,Cat
processed_images/3963.jpg,Cat
processed_images/8836.jpg,Cat
processed_images/438.jpg,Cat
processed_images/9296.jpg,Cat
processed_images/8188.jpg,Cat
processed_images/1812.jpg,Cat
processed_images/12093.jpg,Cat
processed_images/10684.jpg,Cat
processed_images/10848.jpg,Cat
processed_images/10690.jpg,Cat
processed_images/9282.jpg,Cat
processed_images/1806.jpg,Cat
processed_images/12087.jpg,Cat
processed_images/8822.jpg,Cat
processed_images/3977.jpg,Cat
processed_images/11203.jpg,Cat
processed_images/3744.jpg,Cat
processed_images/5335.jpg,Cat
processed_images/1153.jpg,Cat
processed_images/8611.jpg,Cat
processed_images/7522.jpg,Cat
processed_images/8177.jpg,Cat
processed_images/7244.jpg,Cat
processed_images/1635.jpg,Cat
processed_images/9269.jpg,Cat
processed_images/5453.jpg,Cat
processed_images/4995.jpg,Cat
processed_images/11565.jpg,Cat
processed_images/3022.jpg,Cat
processed_images/5447.jpg,Cat
processed_images/4981.jpg,Cat
processed_images/2328.jpg,Cat
processed_images/11571.jpg,Cat
processed_images/3036.jpg,Cat
processed_images/4759.jpg,Cat
processed_images/8163.jpg,Cat
processed_images/7250.jpg,Cat
processed_images/12078.jpg,Cat
processed_images/1621.jpg,Cat
processed_images/6628.jpg,Cat
processed_images/1147.jpg,Cat
processed_images/8605.jpg,Cat
processed_images/7536.jpg,Cat
processed_images/11217.jpg,Cat
processed_images/3750.jpg,Cat
processed_images/10109.jpg,Cat
processed_images/5321.jpg,Cat
processed_images/3988.jpg,Cat
processed_images/6600.jpg,Cat
processed_images/9533.jpg,Cat
processed_images/4017.jpg,Cat
processed_images/3778.jpg,Cat
processed_images/2466.jpg,Cat
processed_images/10121.jpg,Cat
processed_images/5309.jpg,Cat
processed_images/2300.jpg,Cat
processed_images/10647.jpg,Cat
processed_images/11559.jpg,Cat
processed_images/4771.jpg,Cat
processed_images/7278.jpg,Cat
processed_images/12050.jpg,Cat
processed_images/1609.jpg,Cat
processed_images/6166.jpg,Cat
processed_images/9255.jpg,Cat
processed_images/12044.jpg,Cat
processed_images/389.jpg,Cat
processed_images/6172.jpg,Cat
processed_images/9241.jpg,Cat
processed_images/2314.jpg,Cat
processed_images/10653.jpg,Cat
processed_images/4765.jpg,Cat
processed_images/4003.jpg,Cat
processed_images/2472.jpg,Cat
processed_images/10135.jpg,Cat
processed_images/6614.jpg,Cat
processed_images/9527.jpg,Cat
processed_images/8639.jpg,Cat
processed_images/7085.jpg,Cat
processed_images/160.jpg,Cat
processed_images/5692.jpg,Cat
processed_images/3585.jpg,Cat
processed_images/2843.jpg,Cat
processed_images/606.jpg,Cat
processed_images/1392.jpg,Cat
processed_images/9916.jpg,Cat
processed_images/1386.jpg,Cat
processed_images/612.jpg,Cat
processed_images/9902.jpg,Cat
processed_images/3591.jpg,Cat
processed_images/2857.jpg,Cat
processed_images/11968.jpg,Cat
processed_images/5686.jpg,Cat
processed_images/4598.jpg,Cat
processed_images/7091.jpg,Cat
processed_images/174.jpg,Cat
processed_images/10486.jpg,Cat
processed_images/11940.jpg,Cat
processed_images/5876.jpg,Cat
processed_images/11798.jpg,Cat
processed_images/12291.jpg,Cat
processed_images/9094.jpg,Cat
processed_images/7907.jpg,Cat
processed_images/7913.jpg,Cat
processed_images/12285.jpg,Cat
processed_images/9080.jpg,Cat
processed_images/148.jpg,Cat
processed_images/10492.jpg,Cat
processed_images/11954.jpg,Cat
processed_images/5862.jpg,Cat
processed_images/3220.jpg,Cat
processed_images/11767.jpg,Cat
processed_images/5889.jpg,Cat
processed_images/10479.jpg,Cat
processed_images/5651.jpg,Cat
processed_images/6358.jpg,Cat
processed_images/1437.jpg,Cat
processed_images/7046.jpg,Cat
processed_images/8375.jpg,Cat
processed_images/7720.jpg,Cat
processed_images/8413.jpg,Cat
processed_images/1351.jpg,Cat
processed_images/5137.jpg,Cat
processed_images/2658.jpg,Cat
processed_images/3546.jpg,Cat
processed_images/11001.jpg,Cat
processed_images/2880.jpg,Cat
processed_images/4229.jpg,Cat
processed_images/5123.jpg,Cat
processed_images/3552.jpg,Cat
processed_images/11015.jpg,Cat
processed_images/2894.jpg,Cat
processed_images/7734.jpg,Cat
processed_images/809.jpg,Cat
processed_images/8407.jpg,Cat
processed_images/1345.jpg,Cat
processed_images/49.jpg,Cat
processed_images/9719.jpg,Cat
processed_images/1423.jpg,Cat
processed_images/7052.jpg,Cat
processed_images/8361.jpg,Cat
processed_images/3234.jpg,Cat
processed_images/11773.jpg,Cat
processed_images/5645.jpg,Cat
processed_images/9057.jpg,Cat
processed_images/6364.jpg,Cat
processed_images/12252.jpg,Cat
processed_images/8349.jpg,Cat
processed_images/4573.jpg,Cat
processed_images/10445.jpg,Cat
processed_images/2102.jpg,Cat
processed_images/11983.jpg,Cat
processed_images/10323.jpg,Cat
processed_images/2664.jpg,Cat
processed_images/4215.jpg,Cat
processed_images/821.jpg,Cat
processed_images/9731.jpg,Cat
processed_images/6402.jpg,Cat
processed_images/61.jpg,Cat
processed_images/835.jpg,Cat
processed_images/7708.jpg,Cat
processed_images/1379.jpg,Cat
processed_images/9725.jpg,Cat
processed_images/75.jpg,Cat
processed_images/6416.jpg,Cat
processed_images/10337.jpg,Cat
processed_images/2670.jpg,Cat
processed_images/11029.jpg,Cat
processed_images/4201.jpg,Cat
processed_images/4567.jpg,Cat
processed_images/3208.jpg,Cat
processed_images/10451.jpg,Cat
processed_images/2116.jpg,Cat
processed_images/5679.jpg,Cat
processed_images/11997.jpg,Cat
processed_images/9043.jpg,Cat
processed_images/6370.jpg,Cat
processed_images/12246.jpg,Cat
processed_images/10469.jpg,Cat
processed_images/5641.jpg,Cat
processed_images/11777.jpg,Cat
processed_images/5899.jpg,Cat
processed_images/3230.jpg,Cat
processed_images/8365.jpg,Cat
processed_images/7056.jpg,Cat
processed_images/6348.jpg,Cat
processed_images/1427.jpg,Cat
processed_images/1341.jpg,Cat
processed_images/8403.jpg,Cat
processed_images/7730.jpg,Cat
processed_images/11011.jpg,Cat
processed_images/3556.jpg,Cat
processed_images/4239.jpg,Cat
processed_images/2890.jpg,Cat
processed_images/5127.jpg,Cat
processed_images/2648.jpg,Cat
processed_images/11005.jpg,Cat
processed_images/3542.jpg,Cat
processed_images/2884.jpg,Cat
processed_images/5133.jpg,Cat
processed_images/1355.jpg,Cat
processed_images/9709.jpg,Cat
processed_images/59.jpg,Cat
processed_images/819.jpg,Cat
processed_images/8417.jpg,Cat
processed_images/7724.jpg,Cat
processed_images/8371.jpg,Cat
processed_images/7042.jpg,Cat
processed_images/1433.jpg,Cat
processed_images/5655.jpg,Cat
processed_images/11763.jpg,Cat
processed_images/3224.jpg,Cat
processed_images/12242.jpg,Cat
processed_images/8359.jpg,Cat
processed_images/6374.jpg,Cat
processed_images/9047.jpg,Cat
processed_images/2112.jpg,Cat
processed_images/10455.jpg,Cat
processed_images/11993.jpg,Cat
processed_images/4563.jpg,Cat
processed_images/4205.jpg,Cat
processed_images/2674.jpg,Cat
processed_images/10333.jpg,Cat
processed_images/6412.jpg,Cat
processed_images/71.jpg,Cat
processed_images/9721.jpg,Cat
processed_images/831.jpg,Cat
processed_images/1369.jpg,Cat
processed_images/65.jpg,Cat
processed_images/6406.jpg,Cat
processed_images/9735.jpg,Cat
processed_images/7718.jpg,Cat
processed_images/825.jpg,Cat
processed_images/11039.jpg,Cat
processed_images/4211.jpg,Cat
processed_images/2660.jpg,Cat
processed_images/10327.jpg,Cat
processed_images/2106.jpg,Cat
processed_images/10441.jpg,Cat
processed_images/5669.jpg,Cat
processed_images/11987.jpg,Cat
processed_images/4577.jpg,Cat
processed_images/3218.jpg,Cat
processed_images/12256.jpg,Cat
processed_images/6360.jpg,Cat
processed_images/9053.jpg,Cat
processed_images/170.jpg,Cat
processed_images/7095.jpg,Cat
processed_images/5682.jpg,Cat
processed_images/3595.jpg,Cat
processed_images/2853.jpg,Cat
processed_images/9906.jpg,Cat
processed_images/616.jpg,Cat
processed_images/1382.jpg,Cat
processed_images/9912.jpg,Cat
processed_images/1396.jpg,Cat
processed_images/602.jpg,Cat
processed_images/3581.jpg,Cat
processed_images/2847.jpg,Cat
processed_images/4588.jpg,Cat
processed_images/11978.jpg,Cat
processed_images/5696.jpg,Cat
processed_images/164.jpg,Cat
processed_images/7081.jpg,Cat
processed_images/5866.jpg,Cat
processed_images/11788.jpg,Cat
processed_images/10496.jpg,Cat
processed_images/11950.jpg,Cat
processed_images/9084.jpg,Cat
processed_images/12281.jpg,Cat
processed_images/7917.jpg,Cat
processed_images/7903.jpg,Cat
processed_images/9090.jpg,Cat
processed_images/158.jpg,Cat
processed_images/12295.jpg,Cat
processed_images/5872.jpg,Cat
processed_images/10482.jpg,Cat
processed_images/11944.jpg,Cat
processed_images/5325.jpg,Cat
processed_images/3754.jpg,Cat
processed_images/11213.jpg,Cat
processed_images/7532.jpg,Cat
processed_images/8601.jpg,Cat
processed_images/1143.jpg,Cat
processed_images/1625.jpg,Cat
processed_images/9279.jpg,Cat
processed_images/7254.jpg,Cat
processed_images/8167.jpg,Cat
processed_images/3032.jpg,Cat
processed_images/11575.jpg,Cat
processed_images/5443.jpg,Cat
processed_images/4985.jpg,Cat
processed_images/3026.jpg,Cat
processed_images/11561.jpg,Cat
processed_images/4749.jpg,Cat
processed_images/5457.jpg,Cat
processed_images/2338.jpg,Cat
processed_images/4991.jpg,Cat
processed_images/1631.jpg,Cat
processed_images/7240.jpg,Cat
processed_images/8173.jpg,Cat
processed_images/12068.jpg,Cat
processed_images/7526.jpg,Cat
processed_images/8615.jpg,Cat
processed_images/6638.jpg,Cat
processed_images/1157.jpg,Cat
processed_images/10119.jpg,Cat
processed_images/3998.jpg,Cat
processed_images/5331.jpg,Cat
processed_images/3740.jpg,Cat
processed_images/11207.jpg,Cat
processed_images/9523.jpg,Cat
processed_images/6610.jpg,Cat
processed_images/10131.jpg,Cat
processed_images/2476.jpg,Cat
processed_images/5319.jpg,Cat
processed_images/4007.jpg,Cat
processed_images/3768.jpg,Cat
processed_images/11549.jpg,Cat
processed_images/4761.jpg,Cat
processed_images/10657.jpg,Cat
processed_images/2310.jpg,Cat
processed_images/1619.jpg,Cat
processed_images/9245.jpg,Cat
processed_images/6176.jpg,Cat
processed_images/7268.jpg,Cat
processed_images/12040.jpg,Cat
processed_images/399.jpg,Cat
processed_images/9251.jpg,Cat
processed_images/6162.jpg,Cat
processed_images/12054.jpg,Cat
processed_images/4775.jpg,Cat
processed_images/10643.jpg,Cat
processed_images/2304.jpg,Cat
processed_images/10125.jpg,Cat
processed_images/2462.jpg,Cat
processed_images/4013.jpg,Cat
processed_images/8629.jpg,Cat
processed_images/9537.jpg,Cat
processed_images/6604.jpg,Cat
processed_images/1180.jpg,Cat
processed_images/414.jpg,Cat
processed_images/6837.jpg,Cat
processed_images/3797.jpg,Cat
processed_images/2489.jpg,Cat
processed_images/5480.jpg,Cat
processed_images/4946.jpg,Cat
processed_images/10870.jpg,Cat
processed_images/7297.jpg,Cat
processed_images/372.jpg,Cat
processed_images/6189.jpg,Cat
processed_images/7283.jpg,Cat
processed_images/366.jpg,Cat
processed_images/5494.jpg,Cat
processed_images/4952.jpg,Cat
processed_images/10864.jpg,Cat
processed_images/3783.jpg,Cat
processed_images/400.jpg,Cat
processed_images/1194.jpg,Cat
processed_images/6823.jpg,Cat
processed_images/3973.jpg,Cat
processed_images/8826.jpg,Cat
processed_images/428.jpg,Cat
processed_images/8198.jpg,Cat
processed_images/1802.jpg,Cat
processed_images/12083.jpg,Cat
processed_images/9286.jpg,Cat
processed_images/10694.jpg,Cat
processed_images/10680.jpg,Cat
processed_images/10858.jpg,Cat
processed_images/1816.jpg,Cat
processed_images/12097.jpg,Cat
processed_images/9292.jpg,Cat
processed_images/8832.jpg,Cat
processed_images/3967.jpg,Cat
processed_images/3620.jpg,Cat
processed_images/11367.jpg,Cat
processed_images/5251.jpg,Cat
processed_images/10079.jpg,Cat
processed_images/1037.jpg,Cat
processed_images/6758.jpg,Cat
processed_images/7446.jpg,Cat
processed_images/8775.jpg,Cat
processed_images/6980.jpg,Cat
processed_images/12108.jpg,Cat
processed_images/7320.jpg,Cat
processed_images/8013.jpg,Cat
processed_images/1989.jpg,Cat
processed_images/1751.jpg,Cat
processed_images/2258.jpg,Cat
processed_images/5537.jpg,Cat
processed_images/4629.jpg,Cat
processed_images/3146.jpg,Cat
processed_images/11401.jpg,Cat
processed_images/5523.jpg,Cat
processed_images/3152.jpg,Cat
processed_images/11415.jpg,Cat
processed_images/7334.jpg,Cat
processed_images/8007.jpg,Cat
processed_images/9319.jpg,Cat
processed_images/1745.jpg,Cat
processed_images/1023.jpg,Cat
processed_images/7452.jpg,Cat
processed_images/8761.jpg,Cat
processed_images/6994.jpg,Cat
processed_images/3634.jpg,Cat
processed_images/11373.jpg,Cat
processed_images/5245.jpg,Cat
processed_images/8991.jpg,Cat
processed_images/9457.jpg,Cat
processed_images/6764.jpg,Cat
processed_images/8749.jpg,Cat
processed_images/4173.jpg,Cat
processed_images/10045.jpg,Cat
processed_images/2502.jpg,Cat
processed_images/10723.jpg,Cat
processed_images/2264.jpg,Cat
processed_images/4615.jpg,Cat
processed_images/12134.jpg,Cat
processed_images/9331.jpg,Cat
processed_images/6002.jpg,Cat
processed_images/12120.jpg,Cat
processed_images/7308.jpg,Cat
processed_images/9325.jpg,Cat
processed_images/6016.jpg,Cat
processed_images/1779.jpg,Cat
processed_images/10737.jpg,Cat
processed_images/2270.jpg,Cat
processed_images/4601.jpg,Cat
processed_images/11429.jpg,Cat
processed_images/3608.jpg,Cat
processed_images/4167.jpg,Cat
processed_images/5279.jpg,Cat
processed_images/10051.jpg,Cat
processed_images/2516.jpg,Cat
processed_images/8985.jpg,Cat
processed_images/9443.jpg,Cat
processed_images/6770.jpg,Cat
processed_images/7485.jpg,Cat
processed_images/6943.jpg,Cat
processed_images/560.jpg,Cat
processed_images/5292.jpg,Cat
processed_images/10904.jpg,Cat
processed_images/3185.jpg,Cat
processed_images/4832.jpg,Cat
processed_images/1792.jpg,Cat
processed_images/206.jpg,Cat
processed_images/212.jpg,Cat
processed_images/1786.jpg,Cat
processed_images/10910.jpg,Cat
processed_images/3191.jpg,Cat
processed_images/4826.jpg,Cat
processed_images/5286.jpg,Cat
processed_images/4198.jpg,Cat
processed_images/7491.jpg,Cat
processed_images/6957.jpg,Cat
processed_images/574.jpg,Cat
processed_images/3807.jpg,Cat
processed_images/10086.jpg,Cat
processed_images/11398.jpg,Cat
processed_images/8952.jpg,Cat
processed_images/9494.jpg,Cat
processed_images/1976.jpg,Cat
processed_images/10938.jpg,Cat
processed_images/1962.jpg,Cat
processed_images/8946.jpg,Cat
processed_images/548.jpg,Cat
processed_images/9480.jpg,Cat
processed_images/3813.jpg,Cat
processed_images/10092.jpg,Cat
processed_images/11603.jpg,Cat
processed_images/3344.jpg,Cat
processed_images/5735.jpg,Cat
processed_images/1553.jpg,Cat
processed_images/8211.jpg,Cat
processed_images/7122.jpg,Cat
processed_images/979.jpg,Cat
processed_images/8577.jpg,Cat
processed_images/7644.jpg,Cat
processed_images/9669.jpg,Cat
processed_images/1235.jpg,Cat
processed_images/5053.jpg,Cat
processed_images/11165.jpg,Cat
processed_images/3422.jpg,Cat
processed_images/2728.jpg,Cat
processed_images/5047.jpg,Cat
processed_images/4359.jpg,Cat
processed_images/11171.jpg,Cat
processed_images/3436.jpg,Cat
processed_images/12478.jpg,Cat
processed_images/8563.jpg,Cat
processed_images/7650.jpg,Cat
processed_images/1221.jpg,Cat
processed_images/7888.jpg,Cat
processed_images/1547.jpg,Cat
processed_images/6228.jpg,Cat
processed_images/8205.jpg,Cat
processed_images/7136.jpg,Cat
processed_images/11617.jpg,Cat
processed_images/3350.jpg,Cat
processed_images/5721.jpg,Cat
processed_images/10509.jpg,Cat
processed_images/6200.jpg,Cat
processed_images/9133.jpg,Cat
processed_images/12336.jpg,Cat
processed_images/3378.jpg,Cat
processed_images/4417.jpg,Cat
processed_images/5709.jpg,Cat
processed_images/2066.jpg,Cat
processed_images/10521.jpg,Cat
processed_images/2700.jpg,Cat
processed_images/10247.jpg,Cat
processed_images/4371.jpg,Cat
processed_images/11159.jpg,Cat
processed_images/12450.jpg,Cat
processed_images/7678.jpg,Cat
processed_images/945.jpg,Cat
processed_images/6566.jpg,Cat
processed_images/9655.jpg,Cat
processed_images/1209.jpg,Cat
processed_images/12444.jpg,Cat
processed_images/9899.jpg,Cat
processed_images/951.jpg,Cat
processed_images/6572.jpg,Cat
processed_images/9641.jpg,Cat
processed_images/789.jpg,Cat
processed_images/2714.jpg,Cat
processed_images/10253.jpg,Cat
processed_images/4365.jpg,Cat
processed_images/4403.jpg,Cat
processed_images/2072.jpg,Cat
processed_images/10535.jpg,Cat
processed_images/6214.jpg,Cat
processed_images/9127.jpg,Cat
processed_images/8239.jpg,Cat
processed_images/12322.jpg,Cat
processed_images/1590.jpg,Cat
processed_images/11818.jpg,Cat
processed_images/2099.jpg,Cat
processed_images/3387.jpg,Cat
processed_images/2927.jpg,Cat
processed_images/5090.jpg,Cat
processed_images/6599.jpg,Cat
processed_images/762.jpg,Cat
processed_images/9872.jpg,Cat
processed_images/7687.jpg,Cat
processed_images/776.jpg,Cat
processed_images/9866.jpg,Cat
processed_images/7693.jpg,Cat
processed_images/2933.jpg,Cat
processed_images/5084.jpg,Cat
processed_images/3393.jpg,Cat
processed_images/1584.jpg,Cat
processed_images/11824.jpg,Cat
processed_images/5912.jpg,Cat
processed_images/9696.jpg,Cat
processed_images/7863.jpg,Cat
processed_images/12493.jpg,Cat
processed_images/8588.jpg,Cat
processed_images/986.jpg,Cat
processed_images/10284.jpg,Cat
processed_images/10290.jpg,Cat
processed_images/9682.jpg,Cat
processed_images/7877.jpg,Cat
processed_images/12487.jpg,Cat
processed_images/992.jpg,Cat
processed_images/11830.jpg,Cat
processed_images/5906.jpg,Cat
processed_images/993.jpg,Cat
processed_images/12486.jpg,Cat
processed_images/7876.jpg,Cat
processed_images/9683.jpg,Cat
processed_images/10291.jpg,Cat
processed_images/5907.jpg,Cat
processed_images/11831.jpg,Cat
processed_images/5913.jpg,Cat
processed_images/11825.jpg,Cat
processed_images/10285.jpg,Cat
processed_images/8589.jpg,Cat
processed_images/987.jpg,Cat
processed_images/12492.jpg,Cat
processed_images/7862.jpg,Cat
processed_images/9697.jpg,Cat
processed_images/5085.jpg,Cat
processed_images/2932.jpg,Cat
processed_images/7692.jpg,Cat
processed_images/9867.jpg,Cat
processed_images/777.jpg,Cat
processed_images/1585.jpg,Cat
processed_images/3392.jpg,Cat
processed_images/3386.jpg,Cat
processed_images/2098.jpg,Cat
processed_images/11819.jpg,Cat
processed_images/1591.jpg,Cat
processed_images/7686.jpg,Cat
processed_images/9873.jpg,Cat
processed_images/763.jpg,Cat
processed_images/6598.jpg,Cat
processed_images/5091.jpg,Cat
processed_images/2926.jpg,Cat
processed_images/4364.jpg,Cat
processed_images/10252.jpg,Cat
processed_images/2715.jpg,Cat
processed_images/788.jpg,Cat
processed_images/9640.jpg,Cat
processed_images/6573.jpg,Cat
processed_images/950.jpg,Cat
processed_images/9898.jpg,Cat
processed_images/12445.jpg,Cat
processed_images/12323.jpg,Cat
processed_images/8238.jpg,Cat
processed_images/9126.jpg,Cat
processed_images/6215.jpg,Cat
processed_images/10534.jpg,Cat
processed_images/2073.jpg,Cat
processed_images/4402.jpg,Cat
processed_images/10520.jpg,Cat
processed_images/2067.jpg,Cat
processed_images/5708.jpg,Cat
processed_images/4416.jpg,Cat
processed_images/3379.jpg,Cat
processed_images/12337.jpg,Cat
processed_images/9132.jpg,Cat
processed_images/6201.jpg,Cat
processed_images/1208.jpg,Cat
processed_images/9654.jpg,Cat
processed_images/6567.jpg,Cat
processed_images/944.jpg,Cat
processed_images/7679.jpg,Cat
processed_images/12451.jpg,Cat
processed_images/11158.jpg,Cat
processed_images/4370.jpg,Cat
processed_images/10246.jpg,Cat
processed_images/2701.jpg,Cat
processed_images/7889.jpg,Cat
processed_images/1220.jpg,Cat
processed_images/7651.jpg,Cat
processed_images/8562.jpg,Cat
processed_images/12479.jpg,Cat
processed_images/3437.jpg,Cat
processed_images/11170.jpg,Cat
processed_images/4358.jpg,Cat
processed_images/5046.jpg,Cat
processed_images/2729.jpg,Cat
processed_images/10508.jpg,Cat
processed_images/5720.jpg,Cat
processed_images/3351.jpg,Cat
processed_images/11616.jpg,Cat
processed_images/7137.jpg,Cat
processed_images/8204.jpg,Cat
processed_images/6229.jpg,Cat
processed_images/1546.jpg,Cat
processed_images/7123.jpg,Cat
processed_images/8210.jpg,Cat
processed_images/1552.jpg,Cat
processed_images/5734.jpg,Cat
processed_images/3345.jpg,Cat
processed_images/11602.jpg,Cat
processed_images/3423.jpg,Cat
processed_images/11164.jpg,Cat
processed_images/5052.jpg,Cat
processed_images/1234.jpg,Cat
processed_images/9668.jpg,Cat
processed_images/7645.jpg,Cat
processed_images/978.jpg,Cat
processed_images/8576.jpg,Cat
processed_images/1963.jpg,Cat
processed_images/10093.jpg,Cat
processed_images/3812.jpg,Cat
processed_images/9481.jpg,Cat
processed_images/8947.jpg,Cat
processed_images/549.jpg,Cat
processed_images/9495.jpg,Cat
processed_images/8953.jpg,Cat
processed_images/11399.jpg,Cat
processed_images/10087.jpg,Cat
processed_images/3806.jpg,Cat
processed_images/10939.jpg,Cat
processed_images/1977.jpg,Cat
processed_images/4827.jpg,Cat
processed_images/3190.jpg,Cat
processed_images/10911.jpg,Cat
processed_images/1787.jpg,Cat
processed_images/213.jpg,Cat
processed_images/575.jpg,Cat
processed_images/6956.jpg,Cat
processed_images/7490.jpg,Cat
processed_images/4199.jpg,Cat
processed_images/5287.jpg,Cat
processed_images/5293.jpg,Cat
processed_images/561.jpg,Cat
processed_images/6942.jpg,Cat
processed_images/7484.jpg,Cat
processed_images/207.jpg,Cat
processed_images/1793.jpg,Cat
processed_images/4833.jpg,Cat
processed_images/3184.jpg,Cat
processed_images/10905.jpg,Cat
processed_images/11428.jpg,Cat
processed_images/4600.jpg,Cat
processed_images/2271.jpg,Cat
processed_images/10736.jpg,Cat
processed_images/1778.jpg,Cat
processed_images/6017.jpg,Cat
processed_images/9324.jpg,Cat
processed_images/7309.jpg,Cat
processed_images/12121.jpg,Cat
processed_images/6771.jpg,Cat
processed_images/9442.jpg,Cat
processed_images/8984.jpg,Cat
processed_images/2517.jpg,Cat
processed_images/10050.jpg,Cat
processed_images/5278.jpg,Cat
processed_images/4166.jpg,Cat
processed_images/3609.jpg,Cat
processed_images/2503.jpg,Cat
processed_images/10044.jpg,Cat
processed_images/4172.jpg,Cat
processed_images/8748.jpg,Cat
processed_images/6765.jpg,Cat
processed_images/9456.jpg,Cat
processed_images/8990.jpg,Cat
processed_images/6003.jpg,Cat
processed_images/9330.jpg,Cat
processed_images/12135.jpg,Cat
processed_images/4614.jpg,Cat
processed_images/2265.jpg,Cat
processed_images/10722.jpg,Cat
processed_images/1744.jpg,Cat
processed_images/9318.jpg,Cat
processed_images/8006.jpg,Cat
processed_images/7335.jpg,Cat
processed_images/11414.jpg,Cat
processed_images/3153.jpg,Cat
processed_images/5522.jpg,Cat
processed_images/5244.jpg,Cat
processed_images/11372.jpg,Cat
processed_images/3635.jpg,Cat
processed_images/6995.jpg,Cat
processed_images/8760.jpg,Cat
processed_images/7453.jpg,Cat
processed_images/1022.jpg,Cat
processed_images/6981.jpg,Cat
processed_images/8774.jpg,Cat
processed_images/7447.jpg,Cat
processed_images/6759.jpg,Cat
processed_images/1036.jpg,Cat
processed_images/10078.jpg,Cat
processed_images/5250.jpg,Cat
processed_images/11366.jpg,Cat
processed_images/3621.jpg,Cat
processed_images/11400.jpg,Cat
processed_images/3147.jpg,Cat
processed_images/4628.jpg,Cat
processed_images/5536.jpg,Cat
processed_images/2259.jpg,Cat
processed_images/1750.jpg,Cat
processed_images/8012.jpg,Cat
processed_images/1988.jpg,Cat
processed_images/7321.jpg,Cat
processed_images/12109.jpg,Cat
processed_images/9293.jpg,Cat
processed_images/12096.jpg,Cat
processed_images/1817.jpg,Cat
processed_images/10859.jpg,Cat
processed_images/10681.jpg,Cat
processed_images/3966.jpg,Cat
processed_images/8833.jpg,Cat
processed_images/8827.jpg,Cat
processed_images/429.jpg,Cat
processed_images/3972.jpg,Cat
processed_images/10695.jpg,Cat
processed_images/9287.jpg,Cat
processed_images/12082.jpg,Cat
processed_images/8199.jpg,Cat
processed_images/1803.jpg,Cat
processed_images/10865.jpg,Cat
processed_images/4953.jpg,Cat
processed_images/5495.jpg,Cat
processed_images/367.jpg,Cat
processed_images/7282.jpg,Cat
processed_images/6822.jpg,Cat
processed_images/1195.jpg,Cat
processed_images/401.jpg,Cat
processed_images/3782.jpg,Cat
processed_images/2488.jpg,Cat
processed_images/3796.jpg,Cat
processed_images/6836.jpg,Cat
processed_images/415.jpg,Cat
processed_images/1181.jpg,Cat
processed_images/6188.jpg,Cat
processed_images/373.jpg,Cat
processed_images/7296.jpg,Cat
processed_images/10871.jpg,Cat
processed_images/4947.jpg,Cat
processed_images/5481.jpg,Cat
processed_images/2305.jpg,Cat
processed_images/10642.jpg,Cat
processed_images/4774.jpg,Cat
processed_images/12055.jpg,Cat
processed_images/6163.jpg,Cat
processed_images/9250.jpg,Cat
processed_images/398.jpg,Cat
processed_images/6605.jpg,Cat
processed_images/9536.jpg,Cat
processed_images/8628.jpg,Cat
processed_images/4012.jpg,Cat
processed_images/2463.jpg,Cat
processed_images/10124.jpg,Cat
processed_images/3769.jpg,Cat
processed_images/4006.jpg,Cat
processed_images/5318.jpg,Cat
processed_images/2477.jpg,Cat
processed_images/10130.jpg,Cat
processed_images/6611.jpg,Cat
processed_images/9522.jpg,Cat
processed_images/12041.jpg,Cat
processed_images/7269.jpg,Cat
processed_images/6177.jpg,Cat
processed_images/9244.jpg,Cat
processed_images/1618.jpg,Cat
processed_images/2311.jpg,Cat
processed_images/10656.jpg,Cat
processed_images/4760.jpg,Cat
processed_images/11548.jpg,Cat
processed_images/12069.jpg,Cat
processed_images/8172.jpg,Cat
processed_images/7241.jpg,Cat
processed_images/1630.jpg,Cat
processed_images/4990.jpg,Cat
processed_images/2339.jpg,Cat
processed_images/5456.jpg,Cat
processed_images/4748.jpg,Cat
processed_images/11560.jpg,Cat
processed_images/3027.jpg,Cat
processed_images/11206.jpg,Cat
processed_images/3741.jpg,Cat
processed_images/5330.jpg,Cat
processed_images/3999.jpg,Cat
processed_images/10118.jpg,Cat
processed_images/1156.jpg,Cat
processed_images/6639.jpg,Cat
processed_images/8614.jpg,Cat
processed_images/7527.jpg,Cat
processed_images/1142.jpg,Cat
processed_images/8600.jpg,Cat
processed_images/7533.jpg,Cat
processed_images/11212.jpg,Cat
processed_images/3755.jpg,Cat
processed_images/5324.jpg,Cat
processed_images/4984.jpg,Cat
processed_images/5442.jpg,Cat
processed_images/11574.jpg,Cat
processed_images/3033.jpg,Cat
processed_images/8166.jpg,Cat
processed_images/7255.jpg,Cat
processed_images/9278.jpg,Cat
processed_images/1624.jpg,Cat
processed_images/7902.jpg,Cat
processed_images/11945.jpg,Cat
processed_images/10483.jpg,Cat
processed_images/5873.jpg,Cat
processed_images/12294.jpg,Cat
processed_images/159.jpg,Cat
processed_images/9091.jpg,Cat
processed_images/12280.jpg,Cat
processed_images/9085.jpg,Cat
processed_images/11951.jpg,Cat
processed_images/10497.jpg,Cat
processed_images/5867.jpg,Cat
processed_images/11789.jpg,Cat
processed_images/7916.jpg,Cat
processed_images/2846.jpg,Cat
processed_images/3580.jpg,Cat
processed_images/603.jpg,Cat
processed_images/1397.jpg,Cat
processed_images/9913.jpg,Cat
processed_images/7080.jpg,Cat
processed_images/165.jpg,Cat
processed_images/11979.jpg,Cat
processed_images/5697.jpg,Cat
processed_images/4589.jpg,Cat
processed_images/5683.jpg,Cat
processed_images/7094.jpg,Cat
processed_images/171.jpg,Cat
processed_images/1383.jpg,Cat
processed_images/617.jpg,Cat
processed_images/9907.jpg,Cat
processed_images/2852.jpg,Cat
processed_images/3594.jpg,Cat
processed_images/10326.jpg,Cat
processed_images/2661.jpg,Cat
processed_images/4210.jpg,Cat
processed_images/11038.jpg,Cat
processed_images/824.jpg,Cat
processed_images/7719.jpg,Cat
processed_images/9734.jpg,Cat
processed_images/64.jpg,Cat
processed_images/6407.jpg,Cat
processed_images/1368.jpg,Cat
processed_images/9052.jpg,Cat
processed_images/6361.jpg,Cat
processed_images/12257.jpg,Cat
processed_images/3219.jpg,Cat
processed_images/4576.jpg,Cat
processed_images/5668.jpg,Cat
processed_images/11986.jpg,Cat
processed_images/10440.jpg,Cat
processed_images/2107.jpg,Cat
processed_images/4562.jpg,Cat
processed_images/11992.jpg,Cat
processed_images/10454.jpg,Cat
processed_images/2113.jpg,Cat
processed_images/9046.jpg,Cat
processed_images/6375.jpg,Cat
processed_images/8358.jpg,Cat
processed_images/12243.jpg,Cat
processed_images/830.jpg,Cat
processed_images/9720.jpg,Cat
processed_images/6413.jpg,Cat
processed_images/70.jpg,Cat
processed_images/10332.jpg,Cat
processed_images/2675.jpg,Cat
processed_images/4204.jpg,Cat
processed_images/7725.jpg,Cat
processed_images/818.jpg,Cat
processed_images/8416.jpg,Cat
processed_images/58.jpg,Cat
processed_images/9708.jpg,Cat
processed_images/1354.jpg,Cat
processed_images/5132.jpg,Cat
processed_images/2885.jpg,Cat
processed_images/3543.jpg,Cat
processed_images/11004.jpg,Cat
processed_images/3225.jpg,Cat
processed_images/11762.jpg,Cat
processed_images/5654.jpg,Cat
processed_images/1432.jpg,Cat
processed_images/7043.jpg,Cat
processed_images/8370.jpg,Cat
processed_images/1426.jpg,Cat
processed_images/6349.jpg,Cat
processed_images/7057.jpg,Cat
processed_images/8364.jpg,Cat
processed_images/3231.jpg,Cat
processed_images/11776.jpg,Cat
processed_images/5898.jpg,Cat
processed_images/5640.jpg,Cat
processed_images/10468.jpg,Cat
processed_images/2649.jpg,Cat
processed_images/5126.jpg,Cat
processed_images/2891.jpg,Cat
processed_images/4238.jpg,Cat
processed_images/3557.jpg,Cat
processed_images/11010.jpg,Cat
processed_images/7731.jpg,Cat
processed_images/8402.jpg,Cat
processed_images/1340.jpg,Cat
processed_images/12269.jpg,Cat
processed_images/7041.jpg,Cat
processed_images/8372.jpg,Cat
processed_images/1430.jpg,Cat
processed_images/2139.jpg,Cat
processed_images/5656.jpg,Cat
processed_images/4548.jpg,Cat
processed_images/3227.jpg,Cat
processed_images/11760.jpg,Cat
processed_images/8.jpg,Cat
processed_images/3541.jpg,Cat
processed_images/11006.jpg,Cat
processed_images/2887.jpg,Cat
processed_images/5130.jpg,Cat
processed_images/10318.jpg,Cat
processed_images/1356.jpg,Cat
processed_images/6439.jpg,Cat
processed_images/7727.jpg,Cat
processed_images/8414.jpg,Cat
processed_images/1342.jpg,Cat
processed_images/7733.jpg,Cat
processed_images/8400.jpg,Cat
processed_images/3555.jpg,Cat
processed_images/11012.jpg,Cat
processed_images/2893.jpg,Cat
processed_images/5124.jpg,Cat
processed_images/5642.jpg,Cat
processed_images/3233.jpg,Cat
processed_images/11774.jpg,Cat
processed_images/7055.jpg,Cat
processed_images/8366.jpg,Cat
processed_images/9078.jpg,Cat
processed_images/1424.jpg,Cat
processed_images/10442.jpg,Cat
processed_images/2105.jpg,Cat
processed_images/11984.jpg,Cat
processed_images/4574.jpg,Cat
processed_images/12255.jpg,Cat
processed_images/9050.jpg,Cat
processed_images/6363.jpg,Cat
processed_images/198.jpg,Cat
processed_images/9736.jpg,Cat
processed_images/6405.jpg,Cat
processed_images/66.jpg,Cat
processed_images/8428.jpg,Cat
processed_images/826.jpg,Cat
processed_images/4212.jpg,Cat
processed_images/10324.jpg,Cat
processed_images/2663.jpg,Cat
processed_images/3569.jpg,Cat
processed_images/4206.jpg,Cat
processed_images/5118.jpg,Cat
processed_images/10330.jpg,Cat
processed_images/2677.jpg,Cat
processed_images/9722.jpg,Cat
processed_images/72.jpg,Cat
processed_images/6411.jpg,Cat
processed_images/832.jpg,Cat
processed_images/12241.jpg,Cat
processed_images/7069.jpg,Cat
processed_images/9044.jpg,Cat
processed_images/6377.jpg,Cat
processed_images/1418.jpg,Cat
processed_images/10456.jpg,Cat
processed_images/2111.jpg,Cat
processed_images/11990.jpg,Cat
processed_images/4560.jpg,Cat
processed_images/11748.jpg,Cat
processed_images/5695.jpg,Cat
processed_images/167.jpg,Cat
processed_images/7082.jpg,Cat
processed_images/9911.jpg,Cat
processed_images/1395.jpg,Cat
processed_images/601.jpg,Cat
processed_images/99.jpg,Cat
processed_images/3582.jpg,Cat
processed_images/2844.jpg,Cat
processed_images/2688.jpg,Cat
processed_images/3596.jpg,Cat
processed_images/2850.jpg,Cat
processed_images/9905.jpg,Cat
processed_images/7928.jpg,Cat
processed_images/615.jpg,Cat
processed_images/1381.jpg,Cat
processed_images/6388.jpg,Cat
processed_images/173.jpg,Cat
processed_images/7096.jpg,Cat
processed_images/5859.jpg,Cat
processed_images/5681.jpg,Cat
processed_images/9093.jpg,Cat
processed_images/12296.jpg,Cat
processed_images/5871.jpg,Cat
processed_images/10481.jpg,Cat
processed_images/11947.jpg,Cat
processed_images/2878.jpg,Cat
processed_images/7900.jpg,Cat
processed_images/9939.jpg,Cat
processed_images/629.jpg,Cat
processed_images/7914.jpg,Cat
processed_images/5865.jpg,Cat
processed_images/10495.jpg,Cat
processed_images/11953.jpg,Cat
processed_images/9087.jpg,Cat
processed_images/12282.jpg,Cat
processed_images/8399.jpg,Cat
processed_images/8616.jpg,Cat
processed_images/7525.jpg,Cat
processed_images/9508.jpg,Cat
processed_images/1154.jpg,Cat
processed_images/5332.jpg,Cat
processed_images/11204.jpg,Cat
processed_images/3743.jpg,Cat
processed_images/11562.jpg,Cat
processed_images/3025.jpg,Cat
processed_images/5454.jpg,Cat
processed_images/4992.jpg,Cat
processed_images/1632.jpg,Cat
processed_images/8170.jpg,Cat
processed_images/7243.jpg,Cat
processed_images/1626.jpg,Cat
processed_images/6149.jpg,Cat
processed_images/8164.jpg,Cat
processed_images/7257.jpg,Cat
processed_images/11576.jpg,Cat
processed_images/3031.jpg,Cat
processed_images/5440.jpg,Cat
processed_images/4986.jpg,Cat
processed_images/10668.jpg,Cat
processed_images/2449.jpg,Cat
processed_images/5326.jpg,Cat
processed_images/4038.jpg,Cat
processed_images/11210.jpg,Cat
processed_images/3757.jpg,Cat
processed_images/8602.jpg,Cat
processed_images/7531.jpg,Cat
processed_images/1140.jpg,Cat
processed_images/2461.jpg,Cat
processed_images/10126.jpg,Cat
processed_images/4010.jpg,Cat
processed_images/11238.jpg,Cat
processed_images/7519.jpg,Cat
processed_images/6607.jpg,Cat
processed_images/9534.jpg,Cat
processed_images/1168.jpg,Cat
processed_images/6161.jpg,Cat
processed_images/9252.jpg,Cat
processed_images/12057.jpg,Cat
processed_images/3019.jpg,Cat
processed_images/10898.jpg,Cat
processed_images/4776.jpg,Cat
processed_images/5468.jpg,Cat
processed_images/2307.jpg,Cat
processed_images/10640.jpg,Cat
processed_images/4762.jpg,Cat
processed_images/2313.jpg,Cat
processed_images/10654.jpg,Cat
processed_images/6175.jpg,Cat
processed_images/9246.jpg,Cat
processed_images/8158.jpg,Cat
processed_images/12043.jpg,Cat
processed_images/6613.jpg,Cat
processed_images/9520.jpg,Cat
processed_images/2475.jpg,Cat
processed_images/10132.jpg,Cat
processed_images/4004.jpg,Cat
processed_images/3780.jpg,Cat
processed_images/3958.jpg,Cat
processed_images/403.jpg,Cat
processed_images/1197.jpg,Cat
processed_images/6820.jpg,Cat
processed_images/1829.jpg,Cat
processed_images/7280.jpg,Cat
processed_images/365.jpg,Cat
processed_images/5497.jpg,Cat
processed_images/4951.jpg,Cat
processed_images/4789.jpg,Cat
processed_images/10867.jpg,Cat
processed_images/5483.jpg,Cat
processed_images/4945.jpg,Cat
processed_images/10873.jpg,Cat
processed_images/7294.jpg,Cat
processed_images/371.jpg,Cat
processed_images/1183.jpg,Cat
processed_images/417.jpg,Cat
processed_images/8819.jpg,Cat
processed_images/6834.jpg,Cat
processed_images/3794.jpg,Cat
processed_images/8831.jpg,Cat
processed_images/3964.jpg,Cat
processed_images/10683.jpg,Cat
processed_images/1815.jpg,Cat
processed_images/12094.jpg,Cat
processed_images/359.jpg,Cat
processed_images/9291.jpg,Cat
processed_images/1801.jpg,Cat
processed_images/12080.jpg,Cat
processed_images/9285.jpg,Cat
processed_images/10697.jpg,Cat
processed_images/4979.jpg,Cat
processed_images/11589.jpg,Cat
processed_images/3970.jpg,Cat
processed_images/8825.jpg,Cat
processed_images/6808.jpg,Cat
processed_images/1020.jpg,Cat
processed_images/8762.jpg,Cat
processed_images/7451.jpg,Cat
processed_images/6997.jpg,Cat
processed_images/11370.jpg,Cat
processed_images/3637.jpg,Cat
processed_images/4158.jpg,Cat
processed_images/5246.jpg,Cat
processed_images/2529.jpg,Cat
processed_images/10708.jpg,Cat
processed_images/5520.jpg,Cat
processed_images/11416.jpg,Cat
processed_images/3151.jpg,Cat
processed_images/8004.jpg,Cat
processed_images/7337.jpg,Cat
processed_images/6029.jpg,Cat
processed_images/1746.jpg,Cat
processed_images/8010.jpg,Cat
processed_images/7323.jpg,Cat
processed_images/1752.jpg,Cat
processed_images/5534.jpg,Cat
processed_images/11402.jpg,Cat
processed_images/3145.jpg,Cat
processed_images/11364.jpg,Cat
processed_images/3623.jpg,Cat
processed_images/5252.jpg,Cat
processed_images/1034.jpg,Cat
processed_images/9468.jpg,Cat
processed_images/8776.jpg,Cat
processed_images/7445.jpg,Cat
processed_images/6983.jpg,Cat
processed_images/4164.jpg,Cat
processed_images/2515.jpg,Cat
processed_images/10052.jpg,Cat
processed_images/8986.jpg,Cat
processed_images/588.jpg,Cat
processed_images/6773.jpg,Cat
processed_images/9440.jpg,Cat
processed_images/12123.jpg,Cat
processed_images/8038.jpg,Cat
processed_images/6015.jpg,Cat
processed_images/9326.jpg,Cat
processed_images/2273.jpg,Cat
processed_images/10734.jpg,Cat
processed_images/4602.jpg,Cat
processed_images/2267.jpg,Cat
processed_images/10720.jpg,Cat
processed_images/5508.jpg,Cat
processed_images/4616.jpg,Cat
processed_images/3179.jpg,Cat
processed_images/12137.jpg,Cat
processed_images/6001.jpg,Cat
processed_images/9332.jpg,Cat
processed_images/1008.jpg,Cat
processed_images/8992.jpg,Cat
processed_images/6767.jpg,Cat
processed_images/9454.jpg,Cat
processed_images/7479.jpg,Cat
processed_images/11358.jpg,Cat
processed_images/4170.jpg,Cat
processed_images/2501.jpg,Cat
processed_images/10046.jpg,Cat
processed_images/5285.jpg,Cat
processed_images/7492.jpg,Cat
processed_images/6954.jpg,Cat
processed_images/577.jpg,Cat
processed_images/8979.jpg,Cat
processed_images/211.jpg,Cat
processed_images/1785.jpg,Cat
processed_images/10913.jpg,Cat
processed_images/3192.jpg,Cat
processed_images/4825.jpg,Cat
processed_images/10907.jpg,Cat
processed_images/3186.jpg,Cat
processed_images/4831.jpg,Cat
processed_images/2298.jpg,Cat
processed_images/1791.jpg,Cat
processed_images/205.jpg,Cat
processed_images/1949.jpg,Cat
processed_images/7486.jpg,Cat
processed_images/6940.jpg,Cat
processed_images/563.jpg,Cat
processed_images/6798.jpg,Cat
processed_images/5291.jpg,Cat
processed_images/3838.jpg,Cat
processed_images/6968.jpg,Cat
processed_images/8945.jpg,Cat
processed_images/9483.jpg,Cat
processed_images/3810.jpg,Cat
processed_images/10091.jpg,Cat
processed_images/4819.jpg,Cat
processed_images/1961.jpg,Cat
processed_images/239.jpg,Cat
processed_images/1975.jpg,Cat
processed_images/3804.jpg,Cat
processed_images/10085.jpg,Cat
processed_images/8789.jpg,Cat
processed_images/8951.jpg,Cat
processed_images/9497.jpg,Cat
processed_images/1544.jpg,Cat
processed_images/9118.jpg,Cat
processed_images/7135.jpg,Cat
processed_images/8206.jpg,Cat
processed_images/3353.jpg,Cat
processed_images/11614.jpg,Cat
processed_images/5722.jpg,Cat
processed_images/5044.jpg,Cat
processed_images/3435.jpg,Cat
processed_images/11172.jpg,Cat
processed_images/7653.jpg,Cat
processed_images/8560.jpg,Cat
processed_images/1222.jpg,Cat
processed_images/7647.jpg,Cat
processed_images/8574.jpg,Cat
processed_images/6559.jpg,Cat
processed_images/1236.jpg,Cat
processed_images/10278.jpg,Cat
processed_images/5050.jpg,Cat
processed_images/3421.jpg,Cat
processed_images/11166.jpg,Cat
processed_images/3347.jpg,Cat
processed_images/11600.jpg,Cat
processed_images/4428.jpg,Cat
processed_images/5736.jpg,Cat
processed_images/2059.jpg,Cat
processed_images/1550.jpg,Cat
processed_images/7121.jpg,Cat
processed_images/8212.jpg,Cat
processed_images/12309.jpg,Cat
processed_images/11628.jpg,Cat
processed_images/4400.jpg,Cat
processed_images/10536.jpg,Cat
processed_images/2071.jpg,Cat
processed_images/1578.jpg,Cat
processed_images/9124.jpg,Cat
processed_images/6217.jpg,Cat
processed_images/7109.jpg,Cat
processed_images/12321.jpg,Cat
processed_images/12447.jpg,Cat
processed_images/952.jpg,Cat
processed_images/9642.jpg,Cat
processed_images/6571.jpg,Cat
processed_images/10250.jpg,Cat
processed_images/2717.jpg,Cat
processed_images/5078.jpg,Cat
processed_images/4366.jpg,Cat
processed_images/3409.jpg,Cat
processed_images/10244.jpg,Cat
processed_images/2703.jpg,Cat
processed_images/4372.jpg,Cat
processed_images/12453.jpg,Cat
processed_images/8548.jpg,Cat
processed_images/946.jpg,Cat
processed_images/9656.jpg,Cat
processed_images/6565.jpg,Cat
processed_images/9130.jpg,Cat
processed_images/6203.jpg,Cat
processed_images/12335.jpg,Cat
processed_images/4414.jpg,Cat
processed_images/10522.jpg,Cat
processed_images/2065.jpg,Cat
processed_images/3390.jpg,Cat
processed_images/5939.jpg,Cat
processed_images/1587.jpg,Cat
processed_images/7848.jpg,Cat
processed_images/775.jpg,Cat
processed_images/9865.jpg,Cat
processed_images/7690.jpg,Cat
processed_images/2930.jpg,Cat
processed_images/4399.jpg,Cat
processed_images/5087.jpg,Cat
processed_images/2924.jpg,Cat
processed_images/5093.jpg,Cat
processed_images/761.jpg,Cat
processed_images/9871.jpg,Cat
processed_images/7684.jpg,Cat
processed_images/1593.jpg,Cat
processed_images/3384.jpg,Cat
processed_images/11833.jpg,Cat
processed_images/5905.jpg,Cat
processed_images/10293.jpg,Cat
processed_images/9681.jpg,Cat
processed_images/749.jpg,Cat
processed_images/7874.jpg,Cat
processed_images/9859.jpg,Cat
processed_images/12484.jpg,Cat
processed_images/991.jpg,Cat
processed_images/9695.jpg,Cat
processed_images/7860.jpg,Cat
processed_images/12490.jpg,Cat
processed_images/985.jpg,Cat
processed_images/2918.jpg,Cat
processed_images/11199.jpg,Cat
processed_images/10287.jpg,Cat
processed_images/11827.jpg,Cat
processed_images/5911.jpg,Cat
processed_images/10286.jpg,Cat
processed_images/11198.jpg,Cat
processed_images/2919.jpg,Cat
processed_images/984.jpg,Cat
processed_images/12491.jpg,Cat
processed_images/7861.jpg,Cat
processed_images/9694.jpg,Cat
processed_images/5910.jpg,Cat
processed_images/11826.jpg,Cat
processed_images/5904.jpg,Cat
processed_images/11832.jpg,Cat
processed_images/990.jpg,Cat
processed_images/12485.jpg,Cat
processed_images/9858.jpg,Cat
processed_images/7875.jpg,Cat
processed_images/748.jpg,Cat
processed_images/9680.jpg,Cat
processed_images/10292.jpg,Cat
processed_images/7685.jpg,Cat
processed_images/9870.jpg,Cat
processed_images/760.jpg,Cat
processed_images/5092.jpg,Cat
processed_images/2925.jpg,Cat
processed_images/3385.jpg,Cat
processed_images/1592.jpg,Cat
processed_images/1586.jpg,Cat
processed_images/5938.jpg,Cat
processed_images/3391.jpg,Cat
processed_images/5086.jpg,Cat
processed_images/4398.jpg,Cat
processed_images/2931.jpg,Cat
processed_images/7691.jpg,Cat
processed_images/9864.jpg,Cat
processed_images/774.jpg,Cat
processed_images/7849.jpg,Cat
processed_images/6564.jpg,Cat
processed_images/9657.jpg,Cat
processed_images/8549.jpg,Cat
processed_images/947.jpg,Cat
processed_images/12452.jpg,Cat
processed_images/4373.jpg,Cat
processed_images/2702.jpg,Cat
processed_images/10245.jpg,Cat
processed_images/2064.jpg,Cat
processed_images/10523.jpg,Cat
processed_images/4415.jpg,Cat
processed_images/12334.jpg,Cat
processed_images/6202.jpg,Cat
processed_images/9131.jpg,Cat
processed_images/12320.jpg,Cat
processed_images/7108.jpg,Cat
processed_images/6216.jpg,Cat
processed_images/9125.jpg,Cat
processed_images/1579.jpg,Cat
processed_images/2070.jpg,Cat
processed_images/10537.jpg,Cat
processed_images/4401.jpg,Cat
processed_images/11629.jpg,Cat
processed_images/3408.jpg,Cat
processed_images/4367.jpg,Cat
processed_images/5079.jpg,Cat
processed_images/2716.jpg,Cat
processed_images/10251.jpg,Cat
processed_images/6570.jpg,Cat
processed_images/9643.jpg,Cat
processed_images/953.jpg,Cat
processed_images/12446.jpg,Cat
processed_images/11167.jpg,Cat
processed_images/3420.jpg,Cat
processed_images/5051.jpg,Cat
processed_images/10279.jpg,Cat
processed_images/1237.jpg,Cat
processed_images/6558.jpg,Cat
processed_images/8575.jpg,Cat
processed_images/7646.jpg,Cat
processed_images/12308.jpg,Cat
processed_images/8213.jpg,Cat
processed_images/7120.jpg,Cat
processed_images/1551.jpg,Cat
processed_images/2058.jpg,Cat
processed_images/5737.jpg,Cat
processed_images/4429.jpg,Cat
processed_images/11601.jpg,Cat
processed_images/3346.jpg,Cat
processed_images/5723.jpg,Cat
processed_images/11615.jpg,Cat
processed_images/3352.jpg,Cat
processed_images/8207.jpg,Cat
processed_images/7134.jpg,Cat
processed_images/9119.jpg,Cat
processed_images/1545.jpg,Cat
processed_images/1223.jpg,Cat
processed_images/8561.jpg,Cat
processed_images/7652.jpg,Cat
processed_images/11173.jpg,Cat
processed_images/3434.jpg,Cat
processed_images/5045.jpg,Cat
processed_images/1974.jpg,Cat
processed_images/238.jpg,Cat
processed_images/9496.jpg,Cat
processed_images/8950.jpg,Cat
processed_images/8788.jpg,Cat
processed_images/10084.jpg,Cat
processed_images/3805.jpg,Cat
processed_images/10090.jpg,Cat
processed_images/3811.jpg,Cat
processed_images/9482.jpg,Cat
processed_images/8944.jpg,Cat
processed_images/6969.jpg,Cat
processed_images/1960.jpg,Cat
processed_images/4818.jpg,Cat
processed_images/1948.jpg,Cat
processed_images/204.jpg,Cat
processed_images/1790.jpg,Cat
processed_images/2299.jpg,Cat
processed_images/4830.jpg,Cat
processed_images/3187.jpg,Cat
processed_images/10906.jpg,Cat
processed_images/3839.jpg,Cat
processed_images/5290.jpg,Cat
processed_images/6799.jpg,Cat
processed_images/562.jpg,Cat
processed_images/6941.jpg,Cat
processed_images/7487.jpg,Cat
processed_images/576.jpg,Cat
processed_images/8978.jpg,Cat
processed_images/6955.jpg,Cat
processed_images/7493.jpg,Cat
processed_images/5284.jpg,Cat
processed_images/4824.jpg,Cat
processed_images/3193.jpg,Cat
processed_images/10912.jpg,Cat
processed_images/1784.jpg,Cat
processed_images/210.jpg,Cat
processed_images/9333.jpg,Cat
processed_images/6000.jpg,Cat
processed_images/12136.jpg,Cat
processed_images/3178.jpg,Cat
processed_images/4617.jpg,Cat
processed_images/5509.jpg,Cat
processed_images/10721.jpg,Cat
processed_images/2266.jpg,Cat
processed_images/10047.jpg,Cat
processed_images/2500.jpg,Cat
processed_images/4171.jpg,Cat
processed_images/11359.jpg,Cat
processed_images/7478.jpg,Cat
processed_images/9455.jpg,Cat
processed_images/6766.jpg,Cat
processed_images/1009.jpg,Cat
processed_images/8993.jpg,Cat
processed_images/9441.jpg,Cat
processed_images/6772.jpg,Cat
processed_images/8987.jpg,Cat
processed_images/589.jpg,Cat
processed_images/10053.jpg,Cat
processed_images/2514.jpg,Cat
processed_images/4165.jpg,Cat
processed_images/4603.jpg,Cat
processed_images/10735.jpg,Cat
processed_images/2272.jpg,Cat
processed_images/9327.jpg,Cat
processed_images/6014.jpg,Cat
processed_images/8039.jpg,Cat
processed_images/12122.jpg,Cat
processed_images/3144.jpg,Cat
processed_images/11403.jpg,Cat
processed_images/5535.jpg,Cat
processed_images/1753.jpg,Cat
processed_images/7322.jpg,Cat
processed_images/8011.jpg,Cat
processed_images/6982.jpg,Cat
processed_images/7444.jpg,Cat
processed_images/8777.jpg,Cat
processed_images/9469.jpg,Cat
processed_images/1035.jpg,Cat
processed_images/5253.jpg,Cat
processed_images/3622.jpg,Cat
processed_images/11365.jpg,Cat
processed_images/2528.jpg,Cat
processed_images/5247.jpg,Cat
processed_images/4159.jpg,Cat
processed_images/3636.jpg,Cat
processed_images/11371.jpg,Cat
processed_images/6996.jpg,Cat
processed_images/7450.jpg,Cat
processed_images/8763.jpg,Cat
processed_images/1021.jpg,Cat
processed_images/1747.jpg,Cat
processed_images/6028.jpg,Cat
processed_images/7336.jpg,Cat
processed_images/8005.jpg,Cat
processed_images/3150.jpg,Cat
processed_images/11417.jpg,Cat
processed_images/5521.jpg,Cat
processed_images/10709.jpg,Cat
processed_images/11588.jpg,Cat
processed_images/10696.jpg,Cat
processed_images/4978.jpg,Cat
processed_images/9284.jpg,Cat
processed_images/12081.jpg,Cat
processed_images/1800.jpg,Cat
processed_images/6809.jpg,Cat
processed_images/8824.jpg,Cat
processed_images/3971.jpg,Cat
processed_images/3965.jpg,Cat
processed_images/8830.jpg,Cat
processed_images/9290.jpg,Cat
processed_images/358.jpg,Cat
processed_images/12095.jpg,Cat
processed_images/1814.jpg,Cat
processed_images/10682.jpg,Cat
processed_images/370.jpg,Cat
processed_images/7295.jpg,Cat
processed_images/10872.jpg,Cat
processed_images/4944.jpg,Cat
processed_images/5482.jpg,Cat
processed_images/3795.jpg,Cat
processed_images/6835.jpg,Cat
processed_images/416.jpg,Cat
processed_images/1182.jpg,Cat
processed_images/8818.jpg,Cat
processed_images/6821.jpg,Cat
processed_images/1196.jpg,Cat
processed_images/402.jpg,Cat
processed_images/3959.jpg,Cat
processed_images/3781.jpg,Cat
processed_images/4788.jpg,Cat
processed_images/10866.jpg,Cat
processed_images/4950.jpg,Cat
processed_images/5496.jpg,Cat
processed_images/364.jpg,Cat
processed_images/7281.jpg,Cat
processed_images/1828.jpg,Cat
processed_images/12042.jpg,Cat
processed_images/8159.jpg,Cat
processed_images/9247.jpg,Cat
processed_images/6174.jpg,Cat
processed_images/10655.jpg,Cat
processed_images/2312.jpg,Cat
processed_images/4763.jpg,Cat
processed_images/4005.jpg,Cat
processed_images/10133.jpg,Cat
processed_images/2474.jpg,Cat
processed_images/9521.jpg,Cat
processed_images/6612.jpg,Cat
processed_images/1169.jpg,Cat
processed_images/9535.jpg,Cat
processed_images/6606.jpg,Cat
processed_images/7518.jpg,Cat
processed_images/11239.jpg,Cat
processed_images/4011.jpg,Cat
processed_images/10127.jpg,Cat
processed_images/2460.jpg,Cat
processed_images/10641.jpg,Cat
processed_images/2306.jpg,Cat
processed_images/5469.jpg,Cat
processed_images/10899.jpg,Cat
processed_images/4777.jpg,Cat
processed_images/3018.jpg,Cat
processed_images/12056.jpg,Cat
processed_images/9253.jpg,Cat
processed_images/6160.jpg,Cat
processed_images/4987.jpg,Cat
processed_images/10669.jpg,Cat
processed_images/5441.jpg,Cat
processed_images/3030.jpg,Cat
processed_images/11577.jpg,Cat
processed_images/7256.jpg,Cat
processed_images/8165.jpg,Cat
processed_images/6148.jpg,Cat
processed_images/1627.jpg,Cat
processed_images/1141.jpg,Cat
processed_images/7530.jpg,Cat
processed_images/8603.jpg,Cat
processed_images/3756.jpg,Cat
processed_images/11211.jpg,Cat
processed_images/4039.jpg,Cat
processed_images/5327.jpg,Cat
processed_images/2448.jpg,Cat
processed_images/3742.jpg,Cat
processed_images/11205.jpg,Cat
processed_images/5333.jpg,Cat
processed_images/1155.jpg,Cat
processed_images/9509.jpg,Cat
processed_images/7524.jpg,Cat
processed_images/8617.jpg,Cat
processed_images/7242.jpg,Cat
processed_images/8171.jpg,Cat
processed_images/1633.jpg,Cat
processed_images/4993.jpg,Cat
processed_images/5455.jpg,Cat
processed_images/3024.jpg,Cat
processed_images/11563.jpg,Cat
processed_images/7915.jpg,Cat
processed_images/628.jpg,Cat
processed_images/9938.jpg,Cat
processed_images/8398.jpg,Cat
processed_images/12283.jpg,Cat
processed_images/9086.jpg,Cat
processed_images/11952.jpg,Cat
processed_images/10494.jpg,Cat
processed_images/5864.jpg,Cat
processed_images/11946.jpg,Cat
processed_images/10480.jpg,Cat
processed_images/5870.jpg,Cat
processed_images/12297.jpg,Cat
processed_images/9092.jpg,Cat
processed_images/7901.jpg,Cat
processed_images/2879.jpg,Cat
processed_images/1380.jpg,Cat
processed_images/614.jpg,Cat
processed_images/7929.jpg,Cat
processed_images/9904.jpg,Cat
processed_images/2851.jpg,Cat
processed_images/3597.jpg,Cat
processed_images/2689.jpg,Cat
processed_images/5680.jpg,Cat
processed_images/5858.jpg,Cat
processed_images/7097.jpg,Cat
processed_images/172.jpg,Cat
processed_images/6389.jpg,Cat
processed_images/7083.jpg,Cat
processed_images/166.jpg,Cat
processed_images/5694.jpg,Cat
processed_images/2845.jpg,Cat
processed_images/3583.jpg,Cat
processed_images/98.jpg,Cat
processed_images/600.jpg,Cat
processed_images/1394.jpg,Cat
processed_images/9910.jpg,Cat
processed_images/833.jpg,Cat
processed_images/73.jpg,Cat
processed_images/6410.jpg,Cat
processed_images/9723.jpg,Cat
processed_images/2676.jpg,Cat
processed_images/10331.jpg,Cat
processed_images/5119.jpg,Cat
processed_images/4207.jpg,Cat
processed_images/3568.jpg,Cat
processed_images/11749.jpg,Cat
processed_images/4561.jpg,Cat
processed_images/11991.jpg,Cat
processed_images/2110.jpg,Cat
processed_images/10457.jpg,Cat
processed_images/1419.jpg,Cat
processed_images/6376.jpg,Cat
processed_images/9045.jpg,Cat
processed_images/7068.jpg,Cat
processed_images/12240.jpg,Cat
processed_images/199.jpg,Cat
processed_images/6362.jpg,Cat
processed_images/9051.jpg,Cat
processed_images/12254.jpg,Cat
processed_images/4575.jpg,Cat
processed_images/11985.jpg,Cat
processed_images/2104.jpg,Cat
processed_images/10443.jpg,Cat
processed_images/2662.jpg,Cat
processed_images/10325.jpg,Cat
processed_images/4213.jpg,Cat
processed_images/8429.jpg,Cat
processed_images/827.jpg,Cat
processed_images/6404.jpg,Cat
processed_images/67.jpg,Cat
processed_images/9737.jpg,Cat
processed_images/5125.jpg,Cat
processed_images/2892.jpg,Cat
processed_images/11013.jpg,Cat
processed_images/3554.jpg,Cat
processed_images/8401.jpg,Cat
processed_images/7732.jpg,Cat
processed_images/1343.jpg,Cat
processed_images/1425.jpg,Cat
processed_images/9079.jpg,Cat
processed_images/8367.jpg,Cat
processed_images/7054.jpg,Cat
processed_images/11775.jpg,Cat
processed_images/3232.jpg,Cat
processed_images/5643.jpg,Cat
processed_images/11761.jpg,Cat
processed_images/9.jpg,Cat
processed_images/3226.jpg,Cat
processed_images/4549.jpg,Cat
processed_images/5657.jpg,Cat
processed_images/2138.jpg,Cat
processed_images/1431.jpg,Cat
processed_images/8373.jpg,Cat
processed_images/7040.jpg,Cat
processed_images/12268.jpg,Cat
processed_images/8415.jpg,Cat
processed_images/7726.jpg,Cat
processed_images/6438.jpg,Cat
processed_images/1357.jpg,Cat
processed_images/10319.jpg,Cat
processed_images/5131.jpg,Cat
processed_images/2886.jpg,Cat
processed_images/11007.jpg,Cat
processed_images/3540.jpg,Cat
processed_images/8328.jpg,Cat
processed_images/12233.jpg,Cat
processed_images/6305.jpg,Cat
processed_images/9036.jpg,Cat
processed_images/2163.jpg,Cat
processed_images/10424.jpg,Cat
processed_images/4512.jpg,Cat
processed_images/4274.jpg,Cat
processed_images/2605.jpg,Cat
processed_images/10342.jpg,Cat
processed_images/6463.jpg,Cat
processed_images/9750.jpg,Cat
processed_images/698.jpg,Cat
processed_images/9988.jpg,Cat
processed_images/840.jpg,Cat
processed_images/14.jpg,Cat
processed_images/6477.jpg,Cat
processed_images/9744.jpg,Cat
processed_images/1318.jpg,Cat
processed_images/7769.jpg,Cat
processed_images/854.jpg,Cat
processed_images/4260.jpg,Cat
processed_images/11048.jpg,Cat
processed_images/2611.jpg,Cat
processed_images/10356.jpg,Cat
processed_images/5618.jpg,Cat
processed_images/2177.jpg,Cat
processed_images/10430.jpg,Cat
processed_images/3269.jpg,Cat
processed_images/4506.jpg,Cat
processed_images/12227.jpg,Cat
processed_images/6311.jpg,Cat
processed_images/9022.jpg,Cat
processed_images/5630.jpg,Cat
processed_images/10418.jpg,Cat
processed_images/11706.jpg,Cat
processed_images/3241.jpg,Cat
processed_images/8314.jpg,Cat
processed_images/7027.jpg,Cat
processed_images/1456.jpg,Cat
processed_images/6339.jpg,Cat
processed_images/1330.jpg,Cat
processed_images/7999.jpg,Cat
processed_images/8472.jpg,Cat
processed_images/7741.jpg,Cat
processed_images/4248.jpg,Cat
processed_images/11060.jpg,Cat
processed_images/3527.jpg,Cat
processed_images/2639.jpg,Cat
processed_images/5156.jpg,Cat
processed_images/11074.jpg,Cat
processed_images/3533.jpg,Cat
processed_images/5142.jpg,Cat
processed_images/9778.jpg,Cat
processed_images/28.jpg,Cat
processed_images/1324.jpg,Cat
processed_images/868.jpg,Cat
processed_images/8466.jpg,Cat
processed_images/7755.jpg,Cat
processed_images/8300.jpg,Cat
processed_images/7033.jpg,Cat
processed_images/1442.jpg,Cat
processed_images/5624.jpg,Cat
processed_images/11712.jpg,Cat
processed_images/3255.jpg,Cat
processed_images/5817.jpg,Cat
processed_images/11921.jpg,Cat
processed_images/883.jpg,Cat
processed_images/9793.jpg,Cat
processed_images/7966.jpg,Cat
processed_images/10381.jpg,Cat
processed_images/10395.jpg,Cat
processed_images/8499.jpg,Cat
processed_images/897.jpg,Cat
processed_images/9787.jpg,Cat
processed_images/7972.jpg,Cat
processed_images/129.jpg,Cat
processed_images/5803.jpg,Cat
processed_images/11935.jpg,Cat
processed_images/1495.jpg,Cat
processed_images/101.jpg,Cat
processed_images/3282.jpg,Cat
processed_images/5195.jpg,Cat
processed_images/2822.jpg,Cat
processed_images/9977.jpg,Cat
processed_images/7782.jpg,Cat
processed_images/667.jpg,Cat
processed_images/9963.jpg,Cat
processed_images/7796.jpg,Cat
processed_images/6488.jpg,Cat
processed_images/673.jpg,Cat
processed_images/5181.jpg,Cat
processed_images/2836.jpg,Cat
processed_images/3296.jpg,Cat
processed_images/11909.jpg,Cat
processed_images/2188.jpg,Cat
processed_images/115.jpg,Cat
processed_images/1481.jpg,Cat
processed_images/8894.jpg,Cat
processed_images/9552.jpg,Cat
processed_images/6661.jpg,Cat
processed_images/5368.jpg,Cat
processed_images/10140.jpg,Cat
processed_images/2407.jpg,Cat
processed_images/3719.jpg,Cat
processed_images/4076.jpg,Cat
processed_images/4710.jpg,Cat
processed_images/11538.jpg,Cat
processed_images/10626.jpg,Cat
processed_images/2361.jpg,Cat
processed_images/9234.jpg,Cat
processed_images/6107.jpg,Cat
processed_images/1668.jpg,Cat
processed_images/12031.jpg,Cat
processed_images/7219.jpg,Cat
processed_images/9220.jpg,Cat
processed_images/6113.jpg,Cat
processed_images/12025.jpg,Cat
processed_images/4704.jpg,Cat
processed_images/10632.jpg,Cat
processed_images/2375.jpg,Cat
processed_images/10154.jpg,Cat
processed_images/2413.jpg,Cat
processed_images/4062.jpg,Cat
processed_images/8658.jpg,Cat
processed_images/8880.jpg,Cat
processed_images/9546.jpg,Cat
processed_images/6675.jpg,Cat
processed_images/5354.jpg,Cat
processed_images/3725.jpg,Cat
processed_images/11262.jpg,Cat
processed_images/7543.jpg,Cat
processed_images/8670.jpg,Cat
processed_images/6885.jpg,Cat
processed_images/1132.jpg,Cat
processed_images/9208.jpg,Cat
processed_images/1654.jpg,Cat
processed_images/7225.jpg,Cat
processed_images/8116.jpg,Cat
processed_images/3043.jpg,Cat
processed_images/11504.jpg,Cat
processed_images/5432.jpg,Cat
processed_images/4738.jpg,Cat
processed_images/3057.jpg,Cat
processed_images/11510.jpg,Cat
processed_images/2349.jpg,Cat
processed_images/5426.jpg,Cat
processed_images/1640.jpg,Cat
processed_images/12019.jpg,Cat
processed_images/7231.jpg,Cat
processed_images/8102.jpg,Cat
processed_images/1898.jpg,Cat
processed_images/7557.jpg,Cat
processed_images/8664.jpg,Cat
processed_images/6891.jpg,Cat
processed_images/1126.jpg,Cat
processed_images/6649.jpg,Cat
processed_images/5340.jpg,Cat
processed_images/10168.jpg,Cat
processed_images/3731.jpg,Cat
processed_images/11276.jpg,Cat
processed_images/3902.jpg,Cat
processed_images/10183.jpg,Cat
processed_images/8857.jpg,Cat
processed_images/459.jpg,Cat
processed_images/9591.jpg,Cat
processed_images/1873.jpg,Cat
processed_images/10829.jpg,Cat
processed_images/1867.jpg,Cat
processed_images/8843.jpg,Cat
processed_images/9585.jpg,Cat
processed_images/11289.jpg,Cat
processed_images/3916.jpg,Cat
processed_images/10197.jpg,Cat
processed_images/465.jpg,Cat
processed_images/7580.jpg,Cat
processed_images/6846.jpg,Cat
processed_images/4089.jpg,Cat
processed_images/5397.jpg,Cat
processed_images/4937.jpg,Cat
processed_images/10801.jpg,Cat
processed_images/3080.jpg,Cat
processed_images/303.jpg,Cat
processed_images/1697.jpg,Cat
processed_images/1683.jpg,Cat
processed_images/317.jpg,Cat
processed_images/4923.jpg,Cat
processed_images/10815.jpg,Cat
processed_images/3094.jpg,Cat
processed_images/5383.jpg,Cat
processed_images/471.jpg,Cat
processed_images/7594.jpg,Cat
processed_images/6852.jpg,Cat
processed_images/9426.jpg,Cat
processed_images/6715.jpg,Cat
processed_images/8738.jpg,Cat
processed_images/4102.jpg,Cat
processed_images/10034.jpg,Cat
processed_images/2573.jpg,Cat
processed_images/10752.jpg,Cat
processed_images/2215.jpg,Cat
processed_images/4664.jpg,Cat
processed_images/12145.jpg,Cat
processed_images/288.jpg,Cat
processed_images/9340.jpg,Cat
processed_images/6073.jpg,Cat
processed_images/7379.jpg,Cat
processed_images/12151.jpg,Cat
processed_images/1708.jpg,Cat
processed_images/9354.jpg,Cat
processed_images/6067.jpg,Cat
processed_images/10746.jpg,Cat
processed_images/2201.jpg,Cat
processed_images/11458.jpg,Cat
processed_images/4670.jpg,Cat
processed_images/4116.jpg,Cat
processed_images/3679.jpg,Cat
processed_images/10020.jpg,Cat
processed_images/2567.jpg,Cat
processed_images/5208.jpg,Cat
processed_images/9432.jpg,Cat
processed_images/6701.jpg,Cat
processed_images/3651.jpg,Cat
processed_images/11316.jpg,Cat
processed_images/10008.jpg,Cat
processed_images/3889.jpg,Cat
processed_images/5220.jpg,Cat
processed_images/6729.jpg,Cat
processed_images/1046.jpg,Cat
processed_images/7437.jpg,Cat
processed_images/8704.jpg,Cat
processed_images/7351.jpg,Cat
processed_images/8062.jpg,Cat
processed_images/12179.jpg,Cat
processed_images/1720.jpg,Cat
processed_images/5546.jpg,Cat
processed_images/2229.jpg,Cat
processed_images/4880.jpg,Cat
processed_images/3137.jpg,Cat
processed_images/11470.jpg,Cat
processed_images/4658.jpg,Cat
processed_images/5552.jpg,Cat
processed_images/4894.jpg,Cat
processed_images/3123.jpg,Cat
processed_images/11464.jpg,Cat
processed_images/7345.jpg,Cat
processed_images/8076.jpg,Cat
processed_images/1734.jpg,Cat
processed_images/9368.jpg,Cat
processed_images/1052.jpg,Cat
processed_images/7423.jpg,Cat
processed_images/8710.jpg,Cat
processed_images/3645.jpg,Cat
processed_images/11302.jpg,Cat
processed_images/5234.jpg,Cat
processed_images/3876.jpg,Cat
processed_images/8923.jpg,Cat
processed_images/9383.jpg,Cat
processed_images/1907.jpg,Cat
processed_images/12186.jpg,Cat
processed_images/10949.jpg,Cat
processed_images/10791.jpg,Cat
processed_images/10785.jpg,Cat
processed_images/9397.jpg,Cat
processed_images/8089.jpg,Cat
processed_images/1913.jpg,Cat
processed_images/12192.jpg,Cat
processed_images/8937.jpg,Cat
processed_images/539.jpg,Cat
processed_images/3862.jpg,Cat
processed_images/6932.jpg,Cat
processed_images/511.jpg,Cat
processed_images/1085.jpg,Cat
processed_images/3692.jpg,Cat
processed_images/10975.jpg,Cat
processed_images/5585.jpg,Cat
processed_images/4843.jpg,Cat
processed_images/277.jpg,Cat
processed_images/7392.jpg,Cat
processed_images/263.jpg,Cat
processed_images/6098.jpg,Cat
processed_images/7386.jpg,Cat
processed_images/10961.jpg,Cat
processed_images/5591.jpg,Cat
processed_images/4857.jpg,Cat
processed_images/2598.jpg,Cat
processed_images/3686.jpg,Cat
processed_images/6926.jpg,Cat
processed_images/1091.jpg,Cat
processed_images/505.jpg,Cat
processed_images/6271.jpg,Cat
processed_images/9142.jpg,Cat
processed_images/12347.jpg,Cat
processed_images/4466.jpg,Cat
processed_images/3309.jpg,Cat
processed_images/2017.jpg,Cat
processed_images/10550.jpg,Cat
processed_images/5778.jpg,Cat
processed_images/11896.jpg,Cat
processed_images/2771.jpg,Cat
processed_images/10236.jpg,Cat
processed_images/11128.jpg,Cat
processed_images/4300.jpg,Cat
processed_images/7609.jpg,Cat
processed_images/934.jpg,Cat
processed_images/12421.jpg,Cat
processed_images/1278.jpg,Cat
processed_images/6517.jpg,Cat
processed_images/9624.jpg,Cat
processed_images/920.jpg,Cat
processed_images/12435.jpg,Cat
processed_images/6503.jpg,Cat
processed_images/9630.jpg,Cat
processed_images/2765.jpg,Cat
processed_images/10222.jpg,Cat
processed_images/4314.jpg,Cat
processed_images/4472.jpg,Cat
processed_images/2003.jpg,Cat
processed_images/10544.jpg,Cat
processed_images/11882.jpg,Cat
processed_images/6265.jpg,Cat
processed_images/9156.jpg,Cat
processed_images/12353.jpg,Cat
processed_images/8248.jpg,Cat
processed_images/11672.jpg,Cat
processed_images/3335.jpg,Cat
processed_images/5744.jpg,Cat
processed_images/1522.jpg,Cat
processed_images/8260.jpg,Cat
processed_images/7153.jpg,Cat
processed_images/908.jpg,Cat
processed_images/8506.jpg,Cat
processed_images/7635.jpg,Cat
processed_images/1244.jpg,Cat
processed_images/9618.jpg,Cat
processed_images/5022.jpg,Cat
processed_images/11114.jpg,Cat
processed_images/3453.jpg,Cat
processed_images/2995.jpg,Cat
processed_images/5036.jpg,Cat
processed_images/2759.jpg,Cat
processed_images/11100.jpg,Cat
processed_images/3447.jpg,Cat
processed_images/4328.jpg,Cat
processed_images/2981.jpg,Cat
processed_images/8512.jpg,Cat
processed_images/7621.jpg,Cat
processed_images/12409.jpg,Cat
processed_images/1250.jpg,Cat
processed_images/6259.jpg,Cat
processed_images/1536.jpg,Cat
processed_images/8274.jpg,Cat
processed_images/7147.jpg,Cat
processed_images/11666.jpg,Cat
processed_images/5988.jpg,Cat
processed_images/3321.jpg,Cat
processed_images/10578.jpg,Cat
processed_images/5750.jpg,Cat
processed_images/10593.jpg,Cat
processed_images/11855.jpg,Cat
processed_images/5963.jpg,Cat
processed_images/12384.jpg,Cat
processed_images/9181.jpg,Cat
processed_images/7812.jpg,Cat
processed_images/7806.jpg,Cat
processed_images/12390.jpg,Cat
processed_images/9195.jpg,Cat
processed_images/10587.jpg,Cat
processed_images/11841.jpg,Cat
processed_images/5977.jpg,Cat
processed_images/11699.jpg,Cat
processed_images/7190.jpg,Cat
processed_images/11869.jpg,Cat
processed_images/5787.jpg,Cat
processed_images/4499.jpg,Cat
processed_images/3490.jpg,Cat
processed_images/2956.jpg,Cat
processed_images/1287.jpg,Cat
processed_images/713.jpg,Cat
processed_images/9803.jpg,Cat
processed_images/707.jpg,Cat
processed_images/1293.jpg,Cat
processed_images/9817.jpg,Cat
processed_images/3484.jpg,Cat
processed_images/2942.jpg,Cat
processed_images/5793.jpg,Cat
processed_images/7184.jpg,Cat
processed_images/2943.jpg,Cat
processed_images/3485.jpg,Cat
processed_images/9816.jpg,Cat
processed_images/1292.jpg,Cat
processed_images/706.jpg,Cat
processed_images/7185.jpg,Cat
processed_images/5792.jpg,Cat
processed_images/4498.jpg,Cat
processed_images/11868.jpg,Cat
processed_images/5786.jpg,Cat
processed_images/7191.jpg,Cat
processed_images/9802.jpg,Cat
processed_images/712.jpg,Cat
processed_images/1286.jpg,Cat
processed_images/2957.jpg,Cat
processed_images/3491.jpg,Cat
processed_images/7807.jpg,Cat
processed_images/5976.jpg,Cat
processed_images/11698.jpg,Cat
processed_images/11840.jpg,Cat
processed_images/10586.jpg,Cat
processed_images/9194.jpg,Cat
processed_images/12391.jpg,Cat
processed_images/9180.jpg,Cat
processed_images/12385.jpg,Cat
processed_images/5962.jpg,Cat
processed_images/11854.jpg,Cat
processed_images/10592.jpg,Cat
processed_images/7813.jpg,Cat
processed_images/1251.jpg,Cat
processed_images/12408.jpg,Cat
processed_images/7620.jpg,Cat
processed_images/8513.jpg,Cat
processed_images/2980.jpg,Cat
processed_images/4329.jpg,Cat
processed_images/3446.jpg,Cat
processed_images/11101.jpg,Cat
processed_images/2758.jpg,Cat
processed_images/5037.jpg,Cat
processed_images/5751.jpg,Cat
processed_images/10579.jpg,Cat
processed_images/3320.jpg,Cat
processed_images/11667.jpg,Cat
processed_images/5989.jpg,Cat
processed_images/7146.jpg,Cat
processed_images/8275.jpg,Cat
processed_images/1537.jpg,Cat
processed_images/6258.jpg,Cat
processed_images/7152.jpg,Cat
processed_images/8261.jpg,Cat
processed_images/1523.jpg,Cat
processed_images/5745.jpg,Cat
processed_images/3334.jpg,Cat
processed_images/11673.jpg,Cat
processed_images/2994.jpg,Cat
processed_images/3452.jpg,Cat
processed_images/11115.jpg,Cat
processed_images/5023.jpg,Cat
processed_images/9619.jpg,Cat
processed_images/1245.jpg,Cat
processed_images/7634.jpg,Cat
processed_images/909.jpg,Cat
processed_images/8507.jpg,Cat
processed_images/4315.jpg,Cat
processed_images/10223.jpg,Cat
processed_images/2764.jpg,Cat
processed_images/9631.jpg,Cat
processed_images/6502.jpg,Cat
processed_images/12434.jpg,Cat
processed_images/921.jpg,Cat
processed_images/8249.jpg,Cat
processed_images/12352.jpg,Cat
processed_images/9157.jpg,Cat
processed_images/6264.jpg,Cat
processed_images/11883.jpg,Cat
processed_images/10545.jpg,Cat
processed_images/2002.jpg,Cat
processed_images/4473.jpg,Cat
processed_images/5779.jpg,Cat
processed_images/11897.jpg,Cat
processed_images/10551.jpg,Cat
processed_images/2016.jpg,Cat
processed_images/3308.jpg,Cat
processed_images/4467.jpg,Cat
processed_images/12346.jpg,Cat
processed_images/9143.jpg,Cat
processed_images/6270.jpg,Cat
processed_images/9625.jpg,Cat
processed_images/6516.jpg,Cat
processed_images/1279.jpg,Cat
processed_images/12420.jpg,Cat
processed_images/935.jpg,Cat
processed_images/7608.jpg,Cat
processed_images/4301.jpg,Cat
processed_images/11129.jpg,Cat
processed_images/10237.jpg,Cat
processed_images/2770.jpg,Cat
processed_images/4856.jpg,Cat
processed_images/5590.jpg,Cat
processed_images/10960.jpg,Cat
processed_images/7387.jpg,Cat
processed_images/6099.jpg,Cat
processed_images/262.jpg,Cat
processed_images/504.jpg,Cat
processed_images/1090.jpg,Cat
processed_images/6927.jpg,Cat
processed_images/3687.jpg,Cat
processed_images/2599.jpg,Cat
processed_images/3693.jpg,Cat
processed_images/1084.jpg,Cat
processed_images/510.jpg,Cat
processed_images/6933.jpg,Cat
processed_images/7393.jpg,Cat
processed_images/276.jpg,Cat
processed_images/4842.jpg,Cat
processed_images/5584.jpg,Cat
processed_images/10974.jpg,Cat
processed_images/12193.jpg,Cat
processed_images/8088.jpg,Cat
processed_images/1912.jpg,Cat
processed_images/9396.jpg,Cat
processed_images/10784.jpg,Cat
processed_images/3863.jpg,Cat
processed_images/8936.jpg,Cat
processed_images/538.jpg,Cat
processed_images/8922.jpg,Cat
processed_images/3877.jpg,Cat
processed_images/10790.jpg,Cat
processed_images/10948.jpg,Cat
processed_images/12187.jpg,Cat
processed_images/1906.jpg,Cat
processed_images/9382.jpg,Cat
processed_images/9369.jpg,Cat
processed_images/1735.jpg,Cat
processed_images/8077.jpg,Cat
processed_images/7344.jpg,Cat
processed_images/11465.jpg,Cat
processed_images/3122.jpg,Cat
processed_images/4895.jpg,Cat
processed_images/5553.jpg,Cat
processed_images/5235.jpg,Cat
processed_images/11303.jpg,Cat
processed_images/3644.jpg,Cat
processed_images/8711.jpg,Cat
processed_images/7422.jpg,Cat
processed_images/1053.jpg,Cat
processed_images/8705.jpg,Cat
processed_images/7436.jpg,Cat
processed_images/1047.jpg,Cat
processed_images/6728.jpg,Cat
processed_images/5221.jpg,Cat
processed_images/3888.jpg,Cat
processed_images/10009.jpg,Cat
processed_images/11317.jpg,Cat
processed_images/3650.jpg,Cat
processed_images/4659.jpg,Cat
processed_images/11471.jpg,Cat
processed_images/3136.jpg,Cat
processed_images/4881.jpg,Cat
processed_images/2228.jpg,Cat
processed_images/5547.jpg,Cat
processed_images/1721.jpg,Cat
processed_images/12178.jpg,Cat
processed_images/8063.jpg,Cat
processed_images/7350.jpg,Cat
processed_images/4671.jpg,Cat
processed_images/11459.jpg,Cat
processed_images/2200.jpg,Cat
processed_images/10747.jpg,Cat
processed_images/6066.jpg,Cat
processed_images/9355.jpg,Cat
processed_images/1709.jpg,Cat
processed_images/12150.jpg,Cat
processed_images/7378.jpg,Cat
processed_images/6700.jpg,Cat
processed_images/9433.jpg,Cat
processed_images/5209.jpg,Cat
processed_images/2566.jpg,Cat
processed_images/10021.jpg,Cat
processed_images/3678.jpg,Cat
processed_images/4117.jpg,Cat
processed_images/2572.jpg,Cat
processed_images/10035.jpg,Cat
processed_images/4103.jpg,Cat
processed_images/8739.jpg,Cat
processed_images/6714.jpg,Cat
processed_images/9427.jpg,Cat
processed_images/6072.jpg,Cat
processed_images/9341.jpg,Cat
processed_images/289.jpg,Cat
processed_images/12144.jpg,Cat
processed_images/4665.jpg,Cat
processed_images/2214.jpg,Cat
processed_images/10753.jpg,Cat
processed_images/3095.jpg,Cat
processed_images/10814.jpg,Cat
processed_images/4922.jpg,Cat
processed_images/316.jpg,Cat
processed_images/1682.jpg,Cat
processed_images/6853.jpg,Cat
processed_images/7595.jpg,Cat
processed_images/470.jpg,Cat
processed_images/5382.jpg,Cat
processed_images/5396.jpg,Cat
processed_images/4088.jpg,Cat
processed_images/6847.jpg,Cat
processed_images/7581.jpg,Cat
processed_images/464.jpg,Cat
processed_images/1696.jpg,Cat
processed_images/302.jpg,Cat
processed_images/3081.jpg,Cat
processed_images/10800.jpg,Cat
processed_images/4936.jpg,Cat
processed_images/1866.jpg,Cat
processed_images/10828.jpg,Cat
processed_images/10196.jpg,Cat
processed_images/3917.jpg,Cat
processed_images/11288.jpg,Cat
processed_images/9584.jpg,Cat
processed_images/8842.jpg,Cat
processed_images/9590.jpg,Cat
processed_images/8856.jpg,Cat
processed_images/458.jpg,Cat
processed_images/10182.jpg,Cat
processed_images/3903.jpg,Cat
processed_images/1872.jpg,Cat
processed_images/8103.jpg,Cat
processed_images/1899.jpg,Cat
processed_images/7230.jpg,Cat
processed_images/12018.jpg,Cat
processed_images/1641.jpg,Cat
processed_images/5427.jpg,Cat
processed_images/2348.jpg,Cat
processed_images/11511.jpg,Cat
processed_images/3056.jpg,Cat
processed_images/4739.jpg,Cat
processed_images/11277.jpg,Cat
processed_images/3730.jpg,Cat
processed_images/10169.jpg,Cat
processed_images/5341.jpg,Cat
processed_images/6648.jpg,Cat
processed_images/1127.jpg,Cat
processed_images/6890.jpg,Cat
processed_images/8665.jpg,Cat
processed_images/7556.jpg,Cat
processed_images/1133.jpg,Cat
processed_images/6884.jpg,Cat
processed_images/8671.jpg,Cat
processed_images/7542.jpg,Cat
processed_images/11263.jpg,Cat
processed_images/3724.jpg,Cat
processed_images/5355.jpg,Cat
processed_images/5433.jpg,Cat
processed_images/11505.jpg,Cat
processed_images/3042.jpg,Cat
processed_images/8117.jpg,Cat
processed_images/7224.jpg,Cat
processed_images/1655.jpg,Cat
processed_images/9209.jpg,Cat
processed_images/2374.jpg,Cat
processed_images/10633.jpg,Cat
processed_images/4705.jpg,Cat
processed_images/12024.jpg,Cat
processed_images/6112.jpg,Cat
processed_images/9221.jpg,Cat
processed_images/6674.jpg,Cat
processed_images/9547.jpg,Cat
processed_images/8881.jpg,Cat
processed_images/8659.jpg,Cat
processed_images/4063.jpg,Cat
processed_images/2412.jpg,Cat
processed_images/10155.jpg,Cat
processed_images/4077.jpg,Cat
processed_images/3718.jpg,Cat
processed_images/2406.jpg,Cat
processed_images/10141.jpg,Cat
processed_images/5369.jpg,Cat
processed_images/6660.jpg,Cat
processed_images/9553.jpg,Cat
processed_images/8895.jpg,Cat
processed_images/7218.jpg,Cat
processed_images/12030.jpg,Cat
processed_images/1669.jpg,Cat
processed_images/6106.jpg,Cat
processed_images/9235.jpg,Cat
processed_images/2360.jpg,Cat
processed_images/10627.jpg,Cat
processed_images/11539.jpg,Cat
processed_images/4711.jpg,Cat
processed_images/2837.jpg,Cat
processed_images/5180.jpg,Cat
processed_images/672.jpg,Cat
processed_images/6489.jpg,Cat
processed_images/7797.jpg,Cat
processed_images/9962.jpg,Cat
processed_images/1480.jpg,Cat
processed_images/114.jpg,Cat
processed_images/2189.jpg,Cat
processed_images/11908.jpg,Cat
processed_images/3297.jpg,Cat
processed_images/3283.jpg,Cat
processed_images/100.jpg,Cat
processed_images/1494.jpg,Cat
processed_images/7783.jpg,Cat
processed_images/9976.jpg,Cat
processed_images/2823.jpg,Cat
processed_images/5194.jpg,Cat
processed_images/7973.jpg,Cat
processed_images/9786.jpg,Cat
processed_images/8498.jpg,Cat
processed_images/896.jpg,Cat
processed_images/10394.jpg,Cat
processed_images/11934.jpg,Cat
processed_images/5802.jpg,Cat
processed_images/128.jpg,Cat
processed_images/11920.jpg,Cat
processed_images/5816.jpg,Cat
processed_images/10380.jpg,Cat
processed_images/7967.jpg,Cat
processed_images/9792.jpg,Cat
processed_images/882.jpg,Cat
processed_images/7754.jpg,Cat
processed_images/869.jpg,Cat
processed_images/8467.jpg,Cat
processed_images/1325.jpg,Cat
processed_images/29.jpg,Cat
processed_images/9779.jpg,Cat
processed_images/5143.jpg,Cat
processed_images/3532.jpg,Cat
processed_images/11075.jpg,Cat
processed_images/3254.jpg,Cat
processed_images/11713.jpg,Cat
processed_images/5625.jpg,Cat
processed_images/1443.jpg,Cat
processed_images/7032.jpg,Cat
processed_images/8301.jpg,Cat
processed_images/6338.jpg,Cat
processed_images/1457.jpg,Cat
processed_images/7026.jpg,Cat
processed_images/8315.jpg,Cat
processed_images/3240.jpg,Cat
processed_images/11707.jpg,Cat
processed_images/10419.jpg,Cat
processed_images/5631.jpg,Cat
processed_images/5157.jpg,Cat
processed_images/2638.jpg,Cat
processed_images/3526.jpg,Cat
processed_images/11061.jpg,Cat
processed_images/4249.jpg,Cat
processed_images/7740.jpg,Cat
processed_images/8473.jpg,Cat
processed_images/7998.jpg,Cat
processed_images/1331.jpg,Cat
processed_images/10357.jpg,Cat
processed_images/2610.jpg,Cat
processed_images/11049.jpg,Cat
processed_images/4261.jpg,Cat
processed_images/855.jpg,Cat
processed_images/7768.jpg,Cat
processed_images/1319.jpg,Cat
processed_images/9745.jpg,Cat
processed_images/15.jpg,Cat
processed_images/6476.jpg,Cat
processed_images/9023.jpg,Cat
processed_images/6310.jpg,Cat
processed_images/12226.jpg,Cat
processed_images/4507.jpg,Cat
processed_images/3268.jpg,Cat
processed_images/10431.jpg,Cat
processed_images/2176.jpg,Cat
processed_images/5619.jpg,Cat
processed_images/4513.jpg,Cat
processed_images/10425.jpg,Cat
processed_images/2162.jpg,Cat
processed_images/9037.jpg,Cat
processed_images/6304.jpg,Cat
processed_images/12232.jpg,Cat
processed_images/8329.jpg,Cat
processed_images/841.jpg,Cat
processed_images/9989.jpg,Cat
processed_images/699.jpg,Cat
processed_images/9751.jpg,Cat
processed_images/6462.jpg,Cat
processed_images/10343.jpg,Cat
processed_images/2604.jpg,Cat
processed_images/4275.jpg,Cat
processed_images/10433.jpg,Cat
processed_images/2174.jpg,Cat
processed_images/4505.jpg,Cat
processed_images/12224.jpg,Cat
processed_images/9021.jpg,Cat
processed_images/6312.jpg,Cat
processed_images/9747.jpg,Cat
processed_images/6474.jpg,Cat
processed_images/17.jpg,Cat
processed_images/8459.jpg,Cat
processed_images/857.jpg,Cat
processed_images/4263.jpg,Cat
processed_images/10355.jpg,Cat
processed_images/2612.jpg,Cat
processed_images/4277.jpg,Cat
processed_images/3518.jpg,Cat
processed_images/10341.jpg,Cat
processed_images/2606.jpg,Cat
processed_images/5169.jpg,Cat
processed_images/9753.jpg,Cat
processed_images/6460.jpg,Cat
processed_images/843.jpg,Cat
processed_images/7018.jpg,Cat
processed_images/12230.jpg,Cat
processed_images/1469.jpg,Cat
processed_images/9035.jpg,Cat
processed_images/6306.jpg,Cat
processed_images/10427.jpg,Cat
processed_images/2160.jpg,Cat
processed_images/11739.jpg,Cat
processed_images/4511.jpg,Cat
processed_images/7030.jpg,Cat
processed_images/8303.jpg,Cat
processed_images/12218.jpg,Cat
processed_images/1441.jpg,Cat
processed_images/5627.jpg,Cat
processed_images/2148.jpg,Cat
processed_images/3256.jpg,Cat
processed_images/11711.jpg,Cat
processed_images/4539.jpg,Cat
processed_images/3530.jpg,Cat
processed_images/11077.jpg,Cat
processed_images/10369.jpg,Cat
processed_images/5141.jpg,Cat
processed_images/6448.jpg,Cat
processed_images/1327.jpg,Cat
processed_images/7756.jpg,Cat
processed_images/8465.jpg,Cat
processed_images/1333.jpg,Cat
processed_images/7742.jpg,Cat
processed_images/8471.jpg,Cat
processed_images/3524.jpg,Cat
processed_images/11063.jpg,Cat
processed_images/5155.jpg,Cat
processed_images/5633.jpg,Cat
processed_images/3242.jpg,Cat
processed_images/11705.jpg,Cat
processed_images/7024.jpg,Cat
processed_images/8317.jpg,Cat
processed_images/1455.jpg,Cat
processed_images/9009.jpg,Cat
processed_images/5800.jpg,Cat
processed_images/11936.jpg,Cat
processed_images/10396.jpg,Cat
processed_images/2809.jpg,Cat
processed_images/11088.jpg,Cat
processed_images/894.jpg,Cat
processed_images/9784.jpg,Cat
processed_images/7971.jpg,Cat
processed_images/9948.jpg,Cat
processed_images/880.jpg,Cat
processed_images/9790.jpg,Cat
processed_images/658.jpg,Cat
processed_images/7965.jpg,Cat
processed_images/10382.jpg,Cat
processed_images/5814.jpg,Cat
processed_images/11922.jpg,Cat
processed_images/3295.jpg,Cat
processed_images/116.jpg,Cat
processed_images/1482.jpg,Cat
processed_images/9960.jpg,Cat
processed_images/7795.jpg,Cat
processed_images/670.jpg,Cat
processed_images/5182.jpg,Cat
processed_images/2835.jpg,Cat
processed_images/5196.jpg,Cat
processed_images/2821.jpg,Cat
processed_images/4288.jpg,Cat
processed_images/9974.jpg,Cat
processed_images/7781.jpg,Cat
processed_images/7959.jpg,Cat
processed_images/664.jpg,Cat
processed_images/1496.jpg,Cat
processed_images/102.jpg,Cat
processed_images/3281.jpg,Cat
processed_images/5828.jpg,Cat
processed_images/2410.jpg,Cat
processed_images/10157.jpg,Cat
processed_images/11249.jpg,Cat
processed_images/4061.jpg,Cat
processed_images/7568.jpg,Cat
processed_images/1119.jpg,Cat
processed_images/8883.jpg,Cat
processed_images/6676.jpg,Cat
processed_images/9545.jpg,Cat
processed_images/6110.jpg,Cat
processed_images/9223.jpg,Cat
processed_images/12026.jpg,Cat
processed_images/4707.jpg,Cat
processed_images/3068.jpg,Cat
processed_images/2376.jpg,Cat
processed_images/10631.jpg,Cat
processed_images/5419.jpg,Cat
processed_images/4713.jpg,Cat
processed_images/2362.jpg,Cat
processed_images/10625.jpg,Cat
processed_images/6104.jpg,Cat
processed_images/9237.jpg,Cat
processed_images/12032.jpg,Cat
processed_images/8129.jpg,Cat
processed_images/8897.jpg,Cat
processed_images/499.jpg,Cat
processed_images/6662.jpg,Cat
processed_images/9551.jpg,Cat
processed_images/2404.jpg,Cat
processed_images/10143.jpg,Cat
processed_images/4075.jpg,Cat
processed_images/8667.jpg,Cat
processed_images/7554.jpg,Cat
processed_images/6892.jpg,Cat
processed_images/1125.jpg,Cat
processed_images/9579.jpg,Cat
processed_images/5343.jpg,Cat
processed_images/11275.jpg,Cat
processed_images/3732.jpg,Cat
processed_images/11513.jpg,Cat
processed_images/3054.jpg,Cat
processed_images/5425.jpg,Cat
processed_images/1643.jpg,Cat
processed_images/8101.jpg,Cat
processed_images/7232.jpg,Cat
processed_images/6138.jpg,Cat
processed_images/1657.jpg,Cat
processed_images/8115.jpg,Cat
processed_images/7226.jpg,Cat
processed_images/11507.jpg,Cat
processed_images/3040.jpg,Cat
processed_images/10619.jpg,Cat
processed_images/5431.jpg,Cat
processed_images/5357.jpg,Cat
processed_images/2438.jpg,Cat
processed_images/11261.jpg,Cat
processed_images/3726.jpg,Cat
processed_images/4049.jpg,Cat
processed_images/8673.jpg,Cat
processed_images/7540.jpg,Cat
processed_images/6886.jpg,Cat
processed_images/1131.jpg,Cat
processed_images/8840.jpg,Cat
processed_images/9586.jpg,Cat
processed_images/8698.jpg,Cat
processed_images/3915.jpg,Cat
processed_images/10194.jpg,Cat
processed_images/1864.jpg,Cat
processed_images/328.jpg,Cat
processed_images/1870.jpg,Cat
processed_images/4908.jpg,Cat
processed_images/3901.jpg,Cat
processed_images/10180.jpg,Cat
processed_images/8854.jpg,Cat
processed_images/9592.jpg,Cat
processed_images/6879.jpg,Cat
processed_images/5380.jpg,Cat
processed_images/3929.jpg,Cat
processed_images/472.jpg,Cat
processed_images/6689.jpg,Cat
processed_images/7597.jpg,Cat
processed_images/6851.jpg,Cat
processed_images/1858.jpg,Cat
processed_images/1680.jpg,Cat
processed_images/314.jpg,Cat
processed_images/4920.jpg,Cat
processed_images/2389.jpg,Cat
processed_images/10816.jpg,Cat
processed_images/3097.jpg,Cat
processed_images/4934.jpg,Cat
processed_images/10802.jpg,Cat
processed_images/3083.jpg,Cat
processed_images/300.jpg,Cat
processed_images/1694.jpg,Cat
processed_images/466.jpg,Cat
processed_images/8868.jpg,Cat
processed_images/7583.jpg,Cat
processed_images/6845.jpg,Cat
processed_images/5394.jpg,Cat
processed_images/4115.jpg,Cat
processed_images/2564.jpg,Cat
processed_images/10023.jpg,Cat
processed_images/6702.jpg,Cat
processed_images/9431.jpg,Cat
processed_images/8049.jpg,Cat
processed_images/12152.jpg,Cat
processed_images/6064.jpg,Cat
processed_images/9357.jpg,Cat
processed_images/2202.jpg,Cat
processed_images/10745.jpg,Cat
processed_images/4673.jpg,Cat
processed_images/5579.jpg,Cat
processed_images/2216.jpg,Cat
processed_images/10751.jpg,Cat
processed_images/3108.jpg,Cat
processed_images/10989.jpg,Cat
processed_images/4667.jpg,Cat
processed_images/12146.jpg,Cat
processed_images/6070.jpg,Cat
processed_images/9343.jpg,Cat
processed_images/6716.jpg,Cat
processed_images/9425.jpg,Cat
processed_images/1079.jpg,Cat
processed_images/7408.jpg,Cat
processed_images/4101.jpg,Cat
processed_images/11329.jpg,Cat
processed_images/2570.jpg,Cat
processed_images/10037.jpg,Cat
processed_images/1051.jpg,Cat
processed_images/8713.jpg,Cat
processed_images/7420.jpg,Cat
processed_images/4129.jpg,Cat
processed_images/11301.jpg,Cat
processed_images/3646.jpg,Cat
processed_images/2558.jpg,Cat
processed_images/5237.jpg,Cat
processed_images/5551.jpg,Cat
processed_images/4897.jpg,Cat
processed_images/10779.jpg,Cat
processed_images/11467.jpg,Cat
processed_images/3120.jpg,Cat
processed_images/8075.jpg,Cat
processed_images/7346.jpg,Cat
processed_images/1737.jpg,Cat
processed_images/6058.jpg,Cat
processed_images/8061.jpg,Cat
processed_images/7352.jpg,Cat
processed_images/1723.jpg,Cat
processed_images/5545.jpg,Cat
processed_images/4883.jpg,Cat
processed_images/11473.jpg,Cat
processed_images/3134.jpg,Cat
processed_images/11315.jpg,Cat
processed_images/3652.jpg,Cat
processed_images/5223.jpg,Cat
processed_images/9419.jpg,Cat
processed_images/1045.jpg,Cat
processed_images/8707.jpg,Cat
processed_images/7434.jpg,Cat
processed_images/6919.jpg,Cat
processed_images/8934.jpg,Cat
processed_images/3861.jpg,Cat
processed_images/11498.jpg,Cat
processed_images/10786.jpg,Cat
processed_images/4868.jpg,Cat
processed_images/9394.jpg,Cat
processed_images/1910.jpg,Cat
processed_images/12191.jpg,Cat
processed_images/248.jpg,Cat
processed_images/9380.jpg,Cat
processed_images/1904.jpg,Cat
processed_images/12185.jpg,Cat
processed_images/10792.jpg,Cat
processed_images/3875.jpg,Cat
processed_images/8920.jpg,Cat
processed_images/3685.jpg,Cat
processed_images/6925.jpg,Cat
processed_images/1092.jpg,Cat
processed_images/506.jpg,Cat
processed_images/8908.jpg,Cat
processed_images/260.jpg,Cat
processed_images/7385.jpg,Cat
processed_images/10962.jpg,Cat
processed_images/5592.jpg,Cat
processed_images/4854.jpg,Cat
processed_images/4698.jpg,Cat
processed_images/10976.jpg,Cat
processed_images/5586.jpg,Cat
processed_images/4840.jpg,Cat
processed_images/274.jpg,Cat
processed_images/1938.jpg,Cat
processed_images/7391.jpg,Cat
processed_images/6931.jpg,Cat
processed_images/512.jpg,Cat
processed_images/1086.jpg,Cat
processed_images/3849.jpg,Cat
processed_images/3691.jpg,Cat
processed_images/4471.jpg,Cat
processed_images/11659.jpg,Cat
processed_images/10547.jpg,Cat
processed_images/2000.jpg,Cat
processed_images/11881.jpg,Cat
processed_images/9155.jpg,Cat
processed_images/6266.jpg,Cat
processed_images/1509.jpg,Cat
processed_images/12350.jpg,Cat
processed_images/7178.jpg,Cat
processed_images/923.jpg,Cat
processed_images/12436.jpg,Cat
processed_images/9633.jpg,Cat
processed_images/6500.jpg,Cat
processed_images/5009.jpg,Cat
processed_images/10221.jpg,Cat
processed_images/2766.jpg,Cat
processed_images/3478.jpg,Cat
processed_images/4317.jpg,Cat
processed_images/10235.jpg,Cat
processed_images/2772.jpg,Cat
processed_images/4303.jpg,Cat
processed_images/8539.jpg,Cat
processed_images/937.jpg,Cat
processed_images/12422.jpg,Cat
processed_images/9627.jpg,Cat
processed_images/6514.jpg,Cat
processed_images/9141.jpg,Cat
processed_images/6272.jpg,Cat
processed_images/12344.jpg,Cat
processed_images/4465.jpg,Cat
processed_images/10553.jpg,Cat
processed_images/2014.jpg,Cat
processed_images/11895.jpg,Cat
processed_images/9169.jpg,Cat
processed_images/1535.jpg,Cat
processed_images/7144.jpg,Cat
processed_images/8277.jpg,Cat
processed_images/3322.jpg,Cat
processed_images/11665.jpg,Cat
processed_images/5753.jpg,Cat
processed_images/5035.jpg,Cat
processed_images/3444.jpg,Cat
processed_images/11103.jpg,Cat
processed_images/2982.jpg,Cat
processed_images/7622.jpg,Cat
processed_images/8511.jpg,Cat
processed_images/1253.jpg,Cat
processed_images/7636.jpg,Cat
processed_images/8505.jpg,Cat
processed_images/1247.jpg,Cat
processed_images/6528.jpg,Cat
processed_images/5021.jpg,Cat
processed_images/10209.jpg,Cat
processed_images/3450.jpg,Cat
processed_images/11117.jpg,Cat
processed_images/2996.jpg,Cat
processed_images/4459.jpg,Cat
processed_images/3336.jpg,Cat
processed_images/11671.jpg,Cat
processed_images/2028.jpg,Cat
processed_images/5747.jpg,Cat
processed_images/1521.jpg,Cat
processed_images/12378.jpg,Cat
processed_images/7150.jpg,Cat
processed_images/8263.jpg,Cat
processed_images/12393.jpg,Cat
processed_images/8288.jpg,Cat
processed_images/9196.jpg,Cat
processed_images/10584.jpg,Cat
processed_images/11842.jpg,Cat
processed_images/5974.jpg,Cat
processed_images/738.jpg,Cat
processed_images/7805.jpg,Cat
processed_images/9828.jpg,Cat
processed_images/7811.jpg,Cat
processed_images/2969.jpg,Cat
processed_images/10590.jpg,Cat
processed_images/11856.jpg,Cat
processed_images/5960.jpg,Cat
processed_images/12387.jpg,Cat
processed_images/9182.jpg,Cat
processed_images/5790.jpg,Cat
processed_images/5948.jpg,Cat
processed_images/7187.jpg,Cat
processed_images/6299.jpg,Cat
processed_images/7839.jpg,Cat
processed_images/704.jpg,Cat
processed_images/1290.jpg,Cat
processed_images/9814.jpg,Cat
processed_images/3487.jpg,Cat
processed_images/2941.jpg,Cat
processed_images/2799.jpg,Cat
processed_images/3493.jpg,Cat
processed_images/2955.jpg,Cat
processed_images/1284.jpg,Cat
processed_images/710.jpg,Cat
processed_images/9800.jpg,Cat
processed_images/7193.jpg,Cat
processed_images/5784.jpg,Cat
processed_images/9801.jpg,Cat
processed_images/711.jpg,Cat
processed_images/1285.jpg,Cat
processed_images/2954.jpg,Cat
processed_images/3492.jpg,Cat
processed_images/5785.jpg,Cat
processed_images/7192.jpg,Cat
processed_images/6298.jpg,Cat
processed_images/7186.jpg,Cat
processed_images/5949.jpg,Cat
processed_images/5791.jpg,Cat
processed_images/2798.jpg,Cat
processed_images/2940.jpg,Cat
processed_images/3486.jpg,Cat
processed_images/9815.jpg,Cat
processed_images/1291.jpg,Cat
processed_images/705.jpg,Cat
processed_images/7838.jpg,Cat
processed_images/2968.jpg,Cat
processed_images/7810.jpg,Cat
processed_images/9183.jpg,Cat
processed_images/12386.jpg,Cat
processed_images/5961.jpg,Cat
processed_images/11857.jpg,Cat
processed_images/10591.jpg,Cat
processed_images/5975.jpg,Cat
processed_images/11843.jpg,Cat
processed_images/10585.jpg,Cat
processed_images/9197.jpg,Cat
processed_images/8289.jpg,Cat
processed_images/12392.jpg,Cat
processed_images/9829.jpg,Cat
processed_images/7804.jpg,Cat
processed_images/739.jpg,Cat
processed_images/2997.jpg,Cat
processed_images/11116.jpg,Cat
processed_images/3451.jpg,Cat
processed_images/10208.jpg,Cat
processed_images/5020.jpg,Cat
processed_images/6529.jpg,Cat
processed_images/1246.jpg,Cat
processed_images/8504.jpg,Cat
processed_images/7637.jpg,Cat
processed_images/8262.jpg,Cat
processed_images/7151.jpg,Cat
processed_images/12379.jpg,Cat
processed_images/1520.jpg,Cat
processed_images/5746.jpg,Cat
processed_images/2029.jpg,Cat
processed_images/11670.jpg,Cat
processed_images/3337.jpg,Cat
processed_images/4458.jpg,Cat
processed_images/5752.jpg,Cat
processed_images/11664.jpg,Cat
processed_images/3323.jpg,Cat
processed_images/8276.jpg,Cat
processed_images/7145.jpg,Cat
processed_images/1534.jpg,Cat
processed_images/9168.jpg,Cat
processed_images/1252.jpg,Cat
processed_images/8510.jpg,Cat
processed_images/7623.jpg,Cat
processed_images/2983.jpg,Cat
processed_images/11102.jpg,Cat
processed_images/3445.jpg,Cat
processed_images/5034.jpg,Cat
processed_images/6515.jpg,Cat
processed_images/9626.jpg,Cat
processed_images/12423.jpg,Cat
processed_images/8538.jpg,Cat
processed_images/936.jpg,Cat
processed_images/4302.jpg,Cat
processed_images/2773.jpg,Cat
processed_images/10234.jpg,Cat
processed_images/11894.jpg,Cat
processed_images/2015.jpg,Cat
processed_images/10552.jpg,Cat
processed_images/4464.jpg,Cat
processed_images/12345.jpg,Cat
processed_images/6273.jpg,Cat
processed_images/9140.jpg,Cat
processed_images/7179.jpg,Cat
processed_images/12351.jpg,Cat
processed_images/1508.jpg,Cat
processed_images/6267.jpg,Cat
processed_images/9154.jpg,Cat
processed_images/11880.jpg,Cat
processed_images/2001.jpg,Cat
processed_images/10546.jpg,Cat
processed_images/11658.jpg,Cat
processed_images/4470.jpg,Cat
processed_images/4316.jpg,Cat
processed_images/3479.jpg,Cat
processed_images/2767.jpg,Cat
processed_images/10220.jpg,Cat
processed_images/5008.jpg,Cat
processed_images/6501.jpg,Cat
processed_images/9632.jpg,Cat
processed_images/12437.jpg,Cat
processed_images/922.jpg,Cat
processed_images/7390.jpg,Cat
processed_images/1939.jpg,Cat
processed_images/275.jpg,Cat
processed_images/4841.jpg,Cat
processed_images/5587.jpg,Cat
processed_images/4699.jpg,Cat
processed_images/10977.jpg,Cat
processed_images/3690.jpg,Cat
processed_images/3848.jpg,Cat
processed_images/1087.jpg,Cat
processed_images/513.jpg,Cat
processed_images/6930.jpg,Cat
processed_images/507.jpg,Cat
processed_images/1093.jpg,Cat
processed_images/8909.jpg,Cat
processed_images/6924.jpg,Cat
processed_images/3684.jpg,Cat
processed_images/4855.jpg,Cat
processed_images/5593.jpg,Cat
processed_images/10963.jpg,Cat
processed_images/7384.jpg,Cat
processed_images/261.jpg,Cat
processed_images/10793.jpg,Cat
processed_images/12184.jpg,Cat
processed_images/1905.jpg,Cat
processed_images/9381.jpg,Cat
processed_images/249.jpg,Cat
processed_images/8921.jpg,Cat
processed_images/3874.jpg,Cat
processed_images/3860.jpg,Cat
processed_images/8935.jpg,Cat
processed_images/6918.jpg,Cat
processed_images/12190.jpg,Cat
processed_images/1911.jpg,Cat
processed_images/9395.jpg,Cat
processed_images/10787.jpg,Cat
processed_images/4869.jpg,Cat
processed_images/11499.jpg,Cat
processed_images/3135.jpg,Cat
processed_images/11472.jpg,Cat
processed_images/4882.jpg,Cat
processed_images/5544.jpg,Cat
processed_images/1722.jpg,Cat
processed_images/7353.jpg,Cat
processed_images/8060.jpg,Cat
processed_images/7435.jpg,Cat
processed_images/8706.jpg,Cat
processed_images/1044.jpg,Cat
processed_images/9418.jpg,Cat
processed_images/5222.jpg,Cat
processed_images/3653.jpg,Cat
processed_images/11314.jpg,Cat
processed_images/5236.jpg,Cat
processed_images/2559.jpg,Cat
processed_images/3647.jpg,Cat
processed_images/11300.jpg,Cat
processed_images/4128.jpg,Cat
processed_images/7421.jpg,Cat
processed_images/8712.jpg,Cat
processed_images/1050.jpg,Cat
processed_images/6059.jpg,Cat
processed_images/1736.jpg,Cat
processed_images/7347.jpg,Cat
processed_images/8074.jpg,Cat
processed_images/3121.jpg,Cat
processed_images/11466.jpg,Cat
processed_images/4896.jpg,Cat
processed_images/10778.jpg,Cat
processed_images/5550.jpg,Cat
processed_images/9342.jpg,Cat
processed_images/6071.jpg,Cat
processed_images/12147.jpg,Cat
processed_images/10988.jpg,Cat
processed_images/4666.jpg,Cat
processed_images/3109.jpg,Cat
processed_images/10750.jpg,Cat
processed_images/2217.jpg,Cat
processed_images/5578.jpg,Cat
processed_images/10036.jpg,Cat
processed_images/2571.jpg,Cat
processed_images/11328.jpg,Cat
processed_images/4100.jpg,Cat
processed_images/7409.jpg,Cat
processed_images/1078.jpg,Cat
processed_images/9424.jpg,Cat
processed_images/6717.jpg,Cat
processed_images/9430.jpg,Cat
processed_images/6703.jpg,Cat
processed_images/10022.jpg,Cat
processed_images/2565.jpg,Cat
processed_images/4114.jpg,Cat
processed_images/4672.jpg,Cat
processed_images/10744.jpg,Cat
processed_images/2203.jpg,Cat
processed_images/9356.jpg,Cat
processed_images/6065.jpg,Cat
processed_images/12153.jpg,Cat
processed_images/8048.jpg,Cat
processed_images/1695.jpg,Cat
processed_images/301.jpg,Cat
processed_images/3082.jpg,Cat
processed_images/10803.jpg,Cat
processed_images/4935.jpg,Cat
processed_images/5395.jpg,Cat
processed_images/6844.jpg,Cat
processed_images/7582.jpg,Cat
processed_images/467.jpg,Cat
processed_images/8869.jpg,Cat
processed_images/6850.jpg,Cat
processed_images/7596.jpg,Cat
processed_images/6688.jpg,Cat
processed_images/473.jpg,Cat
processed_images/3928.jpg,Cat
processed_images/5381.jpg,Cat
processed_images/3096.jpg,Cat
processed_images/10817.jpg,Cat
processed_images/2388.jpg,Cat
processed_images/4921.jpg,Cat
processed_images/315.jpg,Cat
processed_images/1681.jpg,Cat
processed_images/1859.jpg,Cat
processed_images/4909.jpg,Cat
processed_images/1871.jpg,Cat
processed_images/6878.jpg,Cat
processed_images/9593.jpg,Cat
processed_images/8855.jpg,Cat
processed_images/10181.jpg,Cat
processed_images/3900.jpg,Cat
processed_images/10195.jpg,Cat
processed_images/3914.jpg,Cat
processed_images/8699.jpg,Cat
processed_images/9587.jpg,Cat
processed_images/8841.jpg,Cat
processed_images/329.jpg,Cat
processed_images/1865.jpg,Cat
processed_images/5430.jpg,Cat
processed_images/10618.jpg,Cat
processed_images/3041.jpg,Cat
processed_images/11506.jpg,Cat
processed_images/7227.jpg,Cat
processed_images/8114.jpg,Cat
processed_images/1656.jpg,Cat
processed_images/6139.jpg,Cat
processed_images/1130.jpg,Cat
processed_images/6887.jpg,Cat
processed_images/7541.jpg,Cat
processed_images/8672.jpg,Cat
processed_images/4048.jpg,Cat
processed_images/3727.jpg,Cat
processed_images/11260.jpg,Cat
processed_images/2439.jpg,Cat
processed_images/5356.jpg,Cat
processed_images/3733.jpg,Cat
processed_images/11274.jpg,Cat
processed_images/5342.jpg,Cat
processed_images/9578.jpg,Cat
processed_images/1124.jpg,Cat
processed_images/6893.jpg,Cat
processed_images/7555.jpg,Cat
processed_images/8666.jpg,Cat
processed_images/7233.jpg,Cat
processed_images/8100.jpg,Cat
processed_images/1642.jpg,Cat
processed_images/5424.jpg,Cat
processed_images/3055.jpg,Cat
processed_images/11512.jpg,Cat
processed_images/8128.jpg,Cat
processed_images/12033.jpg,Cat
processed_images/9236.jpg,Cat
processed_images/6105.jpg,Cat
processed_images/10624.jpg,Cat
processed_images/2363.jpg,Cat
processed_images/4712.jpg,Cat
processed_images/4074.jpg,Cat
processed_images/10142.jpg,Cat
processed_images/2405.jpg,Cat
processed_images/9550.jpg,Cat
processed_images/6663.jpg,Cat
processed_images/8896.jpg,Cat
processed_images/498.jpg,Cat
processed_images/9544.jpg,Cat
processed_images/6677.jpg,Cat
processed_images/1118.jpg,Cat
processed_images/8882.jpg,Cat
processed_images/7569.jpg,Cat
processed_images/4060.jpg,Cat
processed_images/11248.jpg,Cat
processed_images/10156.jpg,Cat
processed_images/2411.jpg,Cat
processed_images/5418.jpg,Cat
processed_images/10630.jpg,Cat
processed_images/2377.jpg,Cat
processed_images/3069.jpg,Cat
processed_images/4706.jpg,Cat
processed_images/12027.jpg,Cat
processed_images/9222.jpg,Cat
processed_images/6111.jpg,Cat
processed_images/665.jpg,Cat
processed_images/7958.jpg,Cat
processed_images/7780.jpg,Cat
processed_images/9975.jpg,Cat
processed_images/4289.jpg,Cat
processed_images/2820.jpg,Cat
processed_images/5197.jpg,Cat
processed_images/5829.jpg,Cat
processed_images/3280.jpg,Cat
processed_images/103.jpg,Cat
processed_images/1497.jpg,Cat
processed_images/1483.jpg,Cat
processed_images/117.jpg,Cat
processed_images/3294.jpg,Cat
processed_images/2834.jpg,Cat
processed_images/5183.jpg,Cat
processed_images/671.jpg,Cat
processed_images/7794.jpg,Cat
processed_images/9961.jpg,Cat
processed_images/10383.jpg,Cat
processed_images/7964.jpg,Cat
processed_images/659.jpg,Cat
processed_images/9791.jpg,Cat
processed_images/881.jpg,Cat
processed_images/9949.jpg,Cat
processed_images/11923.jpg,Cat
processed_images/5815.jpg,Cat
processed_images/11937.jpg,Cat
processed_images/5801.jpg,Cat
processed_images/7970.jpg,Cat
processed_images/9785.jpg,Cat
processed_images/895.jpg,Cat
processed_images/11089.jpg,Cat
processed_images/2808.jpg,Cat
processed_images/10397.jpg,Cat
processed_images/5154.jpg,Cat
processed_images/11062.jpg,Cat
processed_images/3525.jpg,Cat
processed_images/8470.jpg,Cat
processed_images/7743.jpg,Cat
processed_images/1332.jpg,Cat
processed_images/9008.jpg,Cat
processed_images/1454.jpg,Cat
processed_images/8316.jpg,Cat
processed_images/7025.jpg,Cat
processed_images/11704.jpg,Cat
processed_images/3243.jpg,Cat
processed_images/5632.jpg,Cat
processed_images/4538.jpg,Cat
processed_images/11710.jpg,Cat
processed_images/3257.jpg,Cat
processed_images/2149.jpg,Cat
processed_images/5626.jpg,Cat
processed_images/1440.jpg,Cat
processed_images/12219.jpg,Cat
processed_images/8302.jpg,Cat
processed_images/7031.jpg,Cat
processed_images/8464.jpg,Cat
processed_images/7757.jpg,Cat
processed_images/1326.jpg,Cat
processed_images/6449.jpg,Cat
processed_images/5140.jpg,Cat
processed_images/10368.jpg,Cat
processed_images/11076.jpg,Cat
processed_images/3531.jpg,Cat
processed_images/842.jpg,Cat
processed_images/6461.jpg,Cat
processed_images/9752.jpg,Cat
processed_images/5168.jpg,Cat
processed_images/2607.jpg,Cat
processed_images/10340.jpg,Cat
processed_images/3519.jpg,Cat
processed_images/4276.jpg,Cat
processed_images/4510.jpg,Cat
processed_images/11738.jpg,Cat
processed_images/2161.jpg,Cat
processed_images/10426.jpg,Cat
processed_images/6307.jpg,Cat
processed_images/9034.jpg,Cat
processed_images/1468.jpg,Cat
processed_images/12231.jpg,Cat
processed_images/7019.jpg,Cat
processed_images/6313.jpg,Cat
processed_images/9020.jpg,Cat
processed_images/12225.jpg,Cat
processed_images/4504.jpg,Cat
processed_images/2175.jpg,Cat
processed_images/10432.jpg,Cat
processed_images/2613.jpg,Cat
processed_images/10354.jpg,Cat
processed_images/4262.jpg,Cat
processed_images/8458.jpg,Cat
processed_images/856.jpg,Cat
processed_images/6475.jpg,Cat
processed_images/16.jpg,Cat
processed_images/9746.jpg,Cat
processed_images/3535.jpg,Cat
processed_images/11072.jpg,Cat
processed_images/5144.jpg,Cat
processed_images/1322.jpg,Cat
processed_images/7753.jpg,Cat
processed_images/8460.jpg,Cat
processed_images/7035.jpg,Cat
processed_images/8306.jpg,Cat
processed_images/9018.jpg,Cat
processed_images/1444.jpg,Cat
processed_images/5622.jpg,Cat
processed_images/3253.jpg,Cat
processed_images/11714.jpg,Cat
processed_images/2159.jpg,Cat
processed_images/5636.jpg,Cat
processed_images/4528.jpg,Cat
processed_images/3247.jpg,Cat
processed_images/11700.jpg,Cat
processed_images/12209.jpg,Cat
processed_images/7021.jpg,Cat
processed_images/8312.jpg,Cat
processed_images/1450.jpg,Cat
processed_images/1336.jpg,Cat
processed_images/6459.jpg,Cat
processed_images/7747.jpg,Cat
processed_images/8474.jpg,Cat
processed_images/3521.jpg,Cat
processed_images/11066.jpg,Cat
processed_images/5150.jpg,Cat
processed_images/10378.jpg,Cat
processed_images/9742.jpg,Cat
processed_images/12.jpg,Cat
processed_images/6471.jpg,Cat
processed_images/852.jpg,Cat
processed_images/3509.jpg,Cat
processed_images/4266.jpg,Cat
processed_images/5178.jpg,Cat
processed_images/10350.jpg,Cat
processed_images/2617.jpg,Cat
processed_images/10436.jpg,Cat
processed_images/2171.jpg,Cat
processed_images/4500.jpg,Cat
processed_images/11728.jpg,Cat
processed_images/12221.jpg,Cat
processed_images/7009.jpg,Cat
processed_images/9024.jpg,Cat
processed_images/6317.jpg,Cat
processed_images/1478.jpg,Cat
processed_images/12235.jpg,Cat
processed_images/9030.jpg,Cat
processed_images/6303.jpg,Cat
processed_images/10422.jpg,Cat
processed_images/2165.jpg,Cat
processed_images/4514.jpg,Cat
processed_images/4272.jpg,Cat
processed_images/10344.jpg,Cat
processed_images/2603.jpg,Cat
processed_images/9756.jpg,Cat
processed_images/6465.jpg,Cat
processed_images/8448.jpg,Cat
processed_images/846.jpg,Cat
processed_images/7790.jpg,Cat
processed_images/9965.jpg,Cat
processed_images/7948.jpg,Cat
processed_images/675.jpg,Cat
processed_images/5187.jpg,Cat
processed_images/2830.jpg,Cat
processed_images/4299.jpg,Cat
processed_images/3290.jpg,Cat
processed_images/5839.jpg,Cat
processed_images/113.jpg,Cat
processed_images/1487.jpg,Cat
processed_images/1493.jpg,Cat
processed_images/107.jpg,Cat
processed_images/3284.jpg,Cat
processed_images/5193.jpg,Cat
processed_images/2824.jpg,Cat
processed_images/7784.jpg,Cat
processed_images/9971.jpg,Cat
processed_images/661.jpg,Cat
processed_images/10393.jpg,Cat
processed_images/891.jpg,Cat
processed_images/9959.jpg,Cat
processed_images/649.jpg,Cat
processed_images/7974.jpg,Cat
processed_images/9781.jpg,Cat
processed_images/5805.jpg,Cat
processed_images/11933.jpg,Cat
processed_images/5811.jpg,Cat
processed_images/11927.jpg,Cat
processed_images/885.jpg,Cat
processed_images/7960.jpg,Cat
processed_images/9795.jpg,Cat
processed_images/10387.jpg,Cat
processed_images/11099.jpg,Cat
processed_images/2818.jpg,Cat
processed_images/11516.jpg,Cat
processed_images/3051.jpg,Cat
processed_images/5420.jpg,Cat
processed_images/10608.jpg,Cat
processed_images/1646.jpg,Cat
processed_images/6129.jpg,Cat
processed_images/8104.jpg,Cat
processed_images/7237.jpg,Cat
processed_images/6897.jpg,Cat
processed_images/8662.jpg,Cat
processed_images/7551.jpg,Cat
processed_images/1120.jpg,Cat
processed_images/2429.jpg,Cat
processed_images/5346.jpg,Cat
processed_images/4058.jpg,Cat
processed_images/11270.jpg,Cat
processed_images/3737.jpg,Cat
processed_images/5352.jpg,Cat
processed_images/11264.jpg,Cat
processed_images/3723.jpg,Cat
processed_images/6883.jpg,Cat
processed_images/8676.jpg,Cat
processed_images/7545.jpg,Cat
processed_images/9568.jpg,Cat
processed_images/1134.jpg,Cat
processed_images/1652.jpg,Cat
processed_images/8110.jpg,Cat
processed_images/7223.jpg,Cat
processed_images/11502.jpg,Cat
processed_images/3045.jpg,Cat
processed_images/5434.jpg,Cat
processed_images/6115.jpg,Cat
processed_images/9226.jpg,Cat
processed_images/8138.jpg,Cat
processed_images/12023.jpg,Cat
processed_images/4702.jpg,Cat
processed_images/2373.jpg,Cat
processed_images/10634.jpg,Cat
processed_images/2415.jpg,Cat
processed_images/10152.jpg,Cat
processed_images/4064.jpg,Cat
processed_images/6673.jpg,Cat
processed_images/9540.jpg,Cat
processed_images/8886.jpg,Cat
processed_images/488.jpg,Cat
processed_images/7579.jpg,Cat
processed_images/6667.jpg,Cat
processed_images/9554.jpg,Cat
processed_images/1108.jpg,Cat
processed_images/8892.jpg,Cat
processed_images/2401.jpg,Cat
processed_images/10146.jpg,Cat
processed_images/4070.jpg,Cat
processed_images/11258.jpg,Cat
processed_images/3079.jpg,Cat
processed_images/4716.jpg,Cat
processed_images/5408.jpg,Cat
processed_images/2367.jpg,Cat
processed_images/10620.jpg,Cat
processed_images/6101.jpg,Cat
processed_images/9232.jpg,Cat
processed_images/12037.jpg,Cat
processed_images/1685.jpg,Cat
processed_images/311.jpg,Cat
processed_images/4925.jpg,Cat
processed_images/3092.jpg,Cat
processed_images/10813.jpg,Cat
processed_images/5385.jpg,Cat
processed_images/477.jpg,Cat
processed_images/8879.jpg,Cat
processed_images/6854.jpg,Cat
processed_images/7592.jpg,Cat
processed_images/6698.jpg,Cat
processed_images/463.jpg,Cat
processed_images/6840.jpg,Cat
processed_images/7586.jpg,Cat
processed_images/5391.jpg,Cat
processed_images/3938.jpg,Cat
processed_images/4931.jpg,Cat
processed_images/2398.jpg,Cat
processed_images/3086.jpg,Cat
processed_images/10807.jpg,Cat
processed_images/1849.jpg,Cat
processed_images/305.jpg,Cat
processed_images/1691.jpg,Cat
processed_images/4919.jpg,Cat
processed_images/1861.jpg,Cat
processed_images/9583.jpg,Cat
processed_images/8845.jpg,Cat
processed_images/6868.jpg,Cat
processed_images/10191.jpg,Cat
processed_images/3910.jpg,Cat
processed_images/10185.jpg,Cat
processed_images/3904.jpg,Cat
processed_images/9597.jpg,Cat
processed_images/8851.jpg,Cat
processed_images/8689.jpg,Cat
processed_images/1875.jpg,Cat
processed_images/339.jpg,Cat
processed_images/4892.jpg,Cat
processed_images/5554.jpg,Cat
processed_images/11462.jpg,Cat
processed_images/3125.jpg,Cat
processed_images/8070.jpg,Cat
processed_images/7343.jpg,Cat
processed_images/1732.jpg,Cat
processed_images/1054.jpg,Cat
processed_images/9408.jpg,Cat
processed_images/8716.jpg,Cat
processed_images/7425.jpg,Cat
processed_images/11304.jpg,Cat
processed_images/3643.jpg,Cat
processed_images/5232.jpg,Cat
processed_images/11310.jpg,Cat
processed_images/3657.jpg,Cat
processed_images/4138.jpg,Cat
processed_images/5226.jpg,Cat
processed_images/2549.jpg,Cat
processed_images/1040.jpg,Cat
processed_images/8702.jpg,Cat
processed_images/7431.jpg,Cat
processed_images/8064.jpg,Cat
processed_images/7357.jpg,Cat
processed_images/6049.jpg,Cat
processed_images/1726.jpg,Cat
processed_images/4886.jpg,Cat
processed_images/10768.jpg,Cat
processed_images/5540.jpg,Cat
processed_images/11476.jpg,Cat
processed_images/3131.jpg,Cat
processed_images/12157.jpg,Cat
processed_images/6061.jpg,Cat
processed_images/9352.jpg,Cat
processed_images/2207.jpg,Cat
processed_images/10740.jpg,Cat
processed_images/5568.jpg,Cat
processed_images/10998.jpg,Cat
processed_images/4676.jpg,Cat
processed_images/3119.jpg,Cat
processed_images/11338.jpg,Cat
processed_images/4110.jpg,Cat
processed_images/2561.jpg,Cat
processed_images/10026.jpg,Cat
processed_images/1068.jpg,Cat
processed_images/6707.jpg,Cat
processed_images/9434.jpg,Cat
processed_images/7419.jpg,Cat
processed_images/6713.jpg,Cat
processed_images/9420.jpg,Cat
processed_images/4104.jpg,Cat
processed_images/2575.jpg,Cat
processed_images/10032.jpg,Cat
processed_images/2213.jpg,Cat
processed_images/10754.jpg,Cat
processed_images/4662.jpg,Cat
processed_images/12143.jpg,Cat
processed_images/8058.jpg,Cat
processed_images/6075.jpg,Cat
processed_images/9346.jpg,Cat
processed_images/265.jpg,Cat
processed_images/1929.jpg,Cat
processed_images/7380.jpg,Cat
processed_images/4689.jpg,Cat
processed_images/10967.jpg,Cat
processed_images/4851.jpg,Cat
processed_images/5597.jpg,Cat
processed_images/3858.jpg,Cat
processed_images/3680.jpg,Cat
processed_images/6920.jpg,Cat
processed_images/1097.jpg,Cat
processed_images/503.jpg,Cat
processed_images/6934.jpg,Cat
processed_images/517.jpg,Cat
processed_images/1083.jpg,Cat
processed_images/8919.jpg,Cat
processed_images/3694.jpg,Cat
processed_images/10973.jpg,Cat
processed_images/4845.jpg,Cat
processed_images/5583.jpg,Cat
processed_images/271.jpg,Cat
processed_images/7394.jpg,Cat
processed_images/10783.jpg,Cat
processed_images/9391.jpg,Cat
processed_images/259.jpg,Cat
processed_images/12194.jpg,Cat
processed_images/1915.jpg,Cat
processed_images/8931.jpg,Cat
processed_images/3864.jpg,Cat
processed_images/3870.jpg,Cat
processed_images/6908.jpg,Cat
processed_images/8925.jpg,Cat
processed_images/9385.jpg,Cat
processed_images/12180.jpg,Cat
processed_images/1901.jpg,Cat
processed_images/11489.jpg,Cat
processed_images/10797.jpg,Cat
processed_images/4879.jpg,Cat
processed_images/10218.jpg,Cat
processed_images/5030.jpg,Cat
processed_images/2987.jpg,Cat
processed_images/3441.jpg,Cat
processed_images/11106.jpg,Cat
processed_images/7627.jpg,Cat
processed_images/8514.jpg,Cat
processed_images/6539.jpg,Cat
processed_images/1256.jpg,Cat
processed_images/1530.jpg,Cat
processed_images/7141.jpg,Cat
processed_images/8272.jpg,Cat
processed_images/12369.jpg,Cat
processed_images/3327.jpg,Cat
processed_images/11660.jpg,Cat
processed_images/4448.jpg,Cat
processed_images/5756.jpg,Cat
processed_images/2039.jpg,Cat
processed_images/3333.jpg,Cat
processed_images/11674.jpg,Cat
processed_images/5742.jpg,Cat
processed_images/1524.jpg,Cat
processed_images/9178.jpg,Cat
processed_images/7155.jpg,Cat
processed_images/8266.jpg,Cat
processed_images/7633.jpg,Cat
processed_images/8500.jpg,Cat
processed_images/1242.jpg,Cat
processed_images/5024.jpg,Cat
processed_images/2993.jpg,Cat
processed_images/3455.jpg,Cat
processed_images/11112.jpg,Cat
processed_images/12433.jpg,Cat
processed_images/8528.jpg,Cat
processed_images/926.jpg,Cat
processed_images/9636.jpg,Cat
processed_images/6505.jpg,Cat
processed_images/10224.jpg,Cat
processed_images/2763.jpg,Cat
processed_images/4312.jpg,Cat
processed_images/4474.jpg,Cat
processed_images/11884.jpg,Cat
processed_images/10542.jpg,Cat
processed_images/2005.jpg,Cat
processed_images/9150.jpg,Cat
processed_images/6263.jpg,Cat
processed_images/12355.jpg,Cat
processed_images/1518.jpg,Cat
processed_images/9144.jpg,Cat
processed_images/6277.jpg,Cat
processed_images/7169.jpg,Cat
processed_images/12341.jpg,Cat
processed_images/11648.jpg,Cat
processed_images/4460.jpg,Cat
processed_images/11890.jpg,Cat
processed_images/10556.jpg,Cat
processed_images/2011.jpg,Cat
processed_images/10230.jpg,Cat
processed_images/2777.jpg,Cat
processed_images/5018.jpg,Cat
processed_images/4306.jpg,Cat
processed_images/3469.jpg,Cat
processed_images/12427.jpg,Cat
processed_images/932.jpg,Cat
processed_images/9622.jpg,Cat
processed_images/6511.jpg,Cat
processed_images/701.jpg,Cat
processed_images/1295.jpg,Cat
processed_images/9811.jpg,Cat
processed_images/2944.jpg,Cat
processed_images/3482.jpg,Cat
processed_images/5795.jpg,Cat
processed_images/7182.jpg,Cat
processed_images/7196.jpg,Cat
processed_images/6288.jpg,Cat
processed_images/5781.jpg,Cat
processed_images/5959.jpg,Cat
processed_images/2950.jpg,Cat
processed_images/3496.jpg,Cat
processed_images/2788.jpg,Cat
processed_images/7828.jpg,Cat
processed_images/1281.jpg,Cat
processed_images/715.jpg,Cat
processed_images/9805.jpg,Cat
processed_images/2978.jpg,Cat
processed_images/7800.jpg,Cat
processed_images/12396.jpg,Cat
processed_images/9193.jpg,Cat
processed_images/11847.jpg,Cat
processed_images/10581.jpg,Cat
processed_images/5971.jpg,Cat
processed_images/11853.jpg,Cat
processed_images/10595.jpg,Cat
processed_images/5965.jpg,Cat
processed_images/8299.jpg,Cat
processed_images/12382.jpg,Cat
processed_images/9187.jpg,Cat
processed_images/729.jpg,Cat
processed_images/7814.jpg,Cat
processed_images/9839.jpg,Cat
processed_images/9186.jpg,Cat
processed_images/12383.jpg,Cat
processed_images/8298.jpg,Cat
processed_images/5964.jpg,Cat
processed_images/10594.jpg,Cat
processed_images/11852.jpg,Cat
processed_images/9838.jpg,Cat
processed_images/7815.jpg,Cat
processed_images/728.jpg,Cat
processed_images/7801.jpg,Cat
processed_images/2979.jpg,Cat
processed_images/5970.jpg,Cat
processed_images/10580.jpg,Cat
processed_images/11846.jpg,Cat
processed_images/9192.jpg,Cat
processed_images/12397.jpg,Cat
processed_images/5958.jpg,Cat
processed_images/5780.jpg,Cat
processed_images/6289.jpg,Cat
processed_images/7197.jpg,Cat
processed_images/9804.jpg,Cat
processed_images/714.jpg,Cat
processed_images/1280.jpg,Cat
processed_images/7829.jpg,Cat
processed_images/2789.jpg,Cat
processed_images/3497.jpg,Cat
processed_images/2951.jpg,Cat
processed_images/3483.jpg,Cat
processed_images/2945.jpg,Cat
processed_images/9810.jpg,Cat
processed_images/1294.jpg,Cat
processed_images/700.jpg,Cat
processed_images/7183.jpg,Cat
processed_images/5794.jpg,Cat
processed_images/2010.jpg,Cat
processed_images/10557.jpg,Cat
processed_images/11891.jpg,Cat
processed_images/4461.jpg,Cat
processed_images/11649.jpg,Cat
processed_images/12340.jpg,Cat
processed_images/7168.jpg,Cat
processed_images/6276.jpg,Cat
processed_images/9145.jpg,Cat
processed_images/1519.jpg,Cat
processed_images/6510.jpg,Cat
processed_images/9623.jpg,Cat
processed_images/933.jpg,Cat
processed_images/12426.jpg,Cat
processed_images/3468.jpg,Cat
processed_images/4307.jpg,Cat
processed_images/5019.jpg,Cat
processed_images/2776.jpg,Cat
processed_images/10231.jpg,Cat
processed_images/4313.jpg,Cat
processed_images/2762.jpg,Cat
processed_images/10225.jpg,Cat
processed_images/6504.jpg,Cat
processed_images/9637.jpg,Cat
processed_images/8529.jpg,Cat
processed_images/927.jpg,Cat
processed_images/12432.jpg,Cat
processed_images/12354.jpg,Cat
processed_images/6262.jpg,Cat
processed_images/9151.jpg,Cat
processed_images/2004.jpg,Cat
processed_images/10543.jpg,Cat
processed_images/11885.jpg,Cat
processed_images/4475.jpg,Cat
processed_images/8267.jpg,Cat
processed_images/7154.jpg,Cat
processed_images/9179.jpg,Cat
processed_images/1525.jpg,Cat
processed_images/5743.jpg,Cat
processed_images/11675.jpg,Cat
processed_images/3332.jpg,Cat
processed_images/11113.jpg,Cat
processed_images/3454.jpg,Cat
processed_images/2992.jpg,Cat
processed_images/5025.jpg,Cat
processed_images/1243.jpg,Cat
processed_images/8501.jpg,Cat
processed_images/7632.jpg,Cat
processed_images/1257.jpg,Cat
processed_images/6538.jpg,Cat
processed_images/8515.jpg,Cat
processed_images/7626.jpg,Cat
processed_images/11107.jpg,Cat
processed_images/3440.jpg,Cat
processed_images/2986.jpg,Cat
processed_images/5031.jpg,Cat
processed_images/10219.jpg,Cat
processed_images/2038.jpg,Cat
processed_images/5757.jpg,Cat
processed_images/4449.jpg,Cat
processed_images/11661.jpg,Cat
processed_images/3326.jpg,Cat
processed_images/12368.jpg,Cat
processed_images/8273.jpg,Cat
processed_images/7140.jpg,Cat
processed_images/1531.jpg,Cat
processed_images/8924.jpg,Cat
processed_images/6909.jpg,Cat
processed_images/3871.jpg,Cat
processed_images/10796.jpg,Cat
processed_images/4878.jpg,Cat
processed_images/11488.jpg,Cat
processed_images/1900.jpg,Cat
processed_images/12181.jpg,Cat
processed_images/9384.jpg,Cat
processed_images/1914.jpg,Cat
processed_images/12195.jpg,Cat
processed_images/258.jpg,Cat
processed_images/9390.jpg,Cat
processed_images/10782.jpg,Cat
processed_images/3865.jpg,Cat
processed_images/8930.jpg,Cat
processed_images/3695.jpg,Cat
processed_images/1082.jpg,Cat
processed_images/516.jpg,Cat
processed_images/8918.jpg,Cat
processed_images/6935.jpg,Cat
processed_images/7395.jpg,Cat
processed_images/270.jpg,Cat
processed_images/5582.jpg,Cat
processed_images/4844.jpg,Cat
processed_images/10972.jpg,Cat
processed_images/5596.jpg,Cat
processed_images/4850.jpg,Cat
processed_images/4688.jpg,Cat
processed_images/10966.jpg,Cat
processed_images/7381.jpg,Cat
processed_images/1928.jpg,Cat
processed_images/264.jpg,Cat
processed_images/502.jpg,Cat
processed_images/1096.jpg,Cat
processed_images/6921.jpg,Cat
processed_images/3681.jpg,Cat
processed_images/3859.jpg,Cat
processed_images/10033.jpg,Cat
processed_images/2574.jpg,Cat
processed_images/4105.jpg,Cat
processed_images/9421.jpg,Cat
processed_images/6712.jpg,Cat
processed_images/9347.jpg,Cat
processed_images/6074.jpg,Cat
processed_images/8059.jpg,Cat
processed_images/12142.jpg,Cat
processed_images/4663.jpg,Cat
processed_images/10755.jpg,Cat
processed_images/2212.jpg,Cat
processed_images/3118.jpg,Cat
processed_images/10999.jpg,Cat
processed_images/4677.jpg,Cat
processed_images/5569.jpg,Cat
processed_images/10741.jpg,Cat
processed_images/2206.jpg,Cat
processed_images/9353.jpg,Cat
processed_images/6060.jpg,Cat
processed_images/12156.jpg,Cat
processed_images/7418.jpg,Cat
processed_images/9435.jpg,Cat
processed_images/6706.jpg,Cat
processed_images/1069.jpg,Cat
processed_images/10027.jpg,Cat
processed_images/2560.jpg,Cat
processed_images/4111.jpg,Cat
processed_images/11339.jpg,Cat
processed_images/7430.jpg,Cat
processed_images/8703.jpg,Cat
processed_images/1041.jpg,Cat
processed_images/2548.jpg,Cat
processed_images/5227.jpg,Cat
processed_images/4139.jpg,Cat
processed_images/3656.jpg,Cat
processed_images/11311.jpg,Cat
processed_images/3130.jpg,Cat
processed_images/11477.jpg,Cat
processed_images/5541.jpg,Cat
processed_images/4887.jpg,Cat
processed_images/10769.jpg,Cat
processed_images/1727.jpg,Cat
processed_images/6048.jpg,Cat
processed_images/7356.jpg,Cat
processed_images/8065.jpg,Cat
processed_images/1733.jpg,Cat
processed_images/7342.jpg,Cat
processed_images/8071.jpg,Cat
processed_images/3124.jpg,Cat
processed_images/11463.jpg,Cat
processed_images/5555.jpg,Cat
processed_images/4893.jpg,Cat
processed_images/5233.jpg,Cat
processed_images/3642.jpg,Cat
processed_images/11305.jpg,Cat
processed_images/7424.jpg,Cat
processed_images/8717.jpg,Cat
processed_images/9409.jpg,Cat
processed_images/1055.jpg,Cat
processed_images/8688.jpg,Cat
processed_images/8850.jpg,Cat
processed_images/9596.jpg,Cat
processed_images/3905.jpg,Cat
processed_images/10184.jpg,Cat
processed_images/338.jpg,Cat
processed_images/1874.jpg,Cat
processed_images/1860.jpg,Cat
processed_images/4918.jpg,Cat
processed_images/3911.jpg,Cat
processed_images/10190.jpg,Cat
processed_images/6869.jpg,Cat
processed_images/8844.jpg,Cat
processed_images/9582.jpg,Cat
processed_images/3939.jpg,Cat
processed_images/5390.jpg,Cat
processed_images/7587.jpg,Cat
processed_images/6841.jpg,Cat
processed_images/462.jpg,Cat
processed_images/6699.jpg,Cat
processed_images/1690.jpg,Cat
processed_images/304.jpg,Cat
processed_images/1848.jpg,Cat
processed_images/10806.jpg,Cat
processed_images/3087.jpg,Cat
processed_images/2399.jpg,Cat
processed_images/4930.jpg,Cat
processed_images/10812.jpg,Cat
processed_images/3093.jpg,Cat
processed_images/4924.jpg,Cat
processed_images/310.jpg,Cat
processed_images/1684.jpg,Cat
processed_images/7593.jpg,Cat
processed_images/6855.jpg,Cat
processed_images/476.jpg,Cat
processed_images/8878.jpg,Cat
processed_images/5384.jpg,Cat
processed_images/11259.jpg,Cat
processed_images/4071.jpg,Cat
processed_images/10147.jpg,Cat
processed_images/2400.jpg,Cat
processed_images/1109.jpg,Cat
processed_images/8893.jpg,Cat
processed_images/9555.jpg,Cat
processed_images/6666.jpg,Cat
processed_images/7578.jpg,Cat
processed_images/12036.jpg,Cat
processed_images/9233.jpg,Cat
processed_images/6100.jpg,Cat
processed_images/10621.jpg,Cat
processed_images/2366.jpg,Cat
processed_images/5409.jpg,Cat
processed_images/4717.jpg,Cat
processed_images/3078.jpg,Cat
processed_images/10635.jpg,Cat
processed_images/2372.jpg,Cat
processed_images/4703.jpg,Cat
processed_images/12022.jpg,Cat
processed_images/8139.jpg,Cat
processed_images/9227.jpg,Cat
processed_images/6114.jpg,Cat
processed_images/8887.jpg,Cat
processed_images/489.jpg,Cat
processed_images/9541.jpg,Cat
processed_images/6672.jpg,Cat
processed_images/4065.jpg,Cat
processed_images/10153.jpg,Cat
processed_images/2414.jpg,Cat
processed_images/1135.jpg,Cat
processed_images/9569.jpg,Cat
processed_images/7544.jpg,Cat
processed_images/8677.jpg,Cat
processed_images/6882.jpg,Cat
processed_images/3722.jpg,Cat
processed_images/11265.jpg,Cat
processed_images/5353.jpg,Cat
processed_images/5435.jpg,Cat
processed_images/3044.jpg,Cat
processed_images/11503.jpg,Cat
processed_images/7222.jpg,Cat
processed_images/8111.jpg,Cat
processed_images/1653.jpg,Cat
processed_images/7236.jpg,Cat
processed_images/8105.jpg,Cat
processed_images/6128.jpg,Cat
processed_images/1647.jpg,Cat
processed_images/10609.jpg,Cat
processed_images/5421.jpg,Cat
processed_images/3050.jpg,Cat
processed_images/11517.jpg,Cat
processed_images/3736.jpg,Cat
processed_images/11271.jpg,Cat
processed_images/4059.jpg,Cat
processed_images/5347.jpg,Cat
processed_images/2428.jpg,Cat
processed_images/1121.jpg,Cat
processed_images/7550.jpg,Cat
processed_images/8663.jpg,Cat
processed_images/6896.jpg,Cat
processed_images/11926.jpg,Cat
processed_images/5810.jpg,Cat
processed_images/2819.jpg,Cat
processed_images/11098.jpg,Cat
processed_images/10386.jpg,Cat
processed_images/9794.jpg,Cat
processed_images/7961.jpg,Cat
processed_images/884.jpg,Cat
processed_images/9780.jpg,Cat
processed_images/7975.jpg,Cat
processed_images/648.jpg,Cat
processed_images/9958.jpg,Cat
processed_images/890.jpg,Cat
processed_images/10392.jpg,Cat
processed_images/11932.jpg,Cat
processed_images/5804.jpg,Cat
processed_images/3285.jpg,Cat
processed_images/106.jpg,Cat
processed_images/1492.jpg,Cat
processed_images/660.jpg,Cat
processed_images/9970.jpg,Cat
processed_images/7785.jpg,Cat
processed_images/2825.jpg,Cat
processed_images/5192.jpg,Cat
processed_images/4298.jpg,Cat
processed_images/2831.jpg,Cat
processed_images/5186.jpg,Cat
processed_images/674.jpg,Cat
processed_images/7949.jpg,Cat
processed_images/9964.jpg,Cat
processed_images/7791.jpg,Cat
processed_images/1486.jpg,Cat
processed_images/112.jpg,Cat
processed_images/5838.jpg,Cat
processed_images/3291.jpg,Cat
processed_images/4515.jpg,Cat
processed_images/2164.jpg,Cat
processed_images/10423.jpg,Cat
processed_images/6302.jpg,Cat
processed_images/9031.jpg,Cat
processed_images/12234.jpg,Cat
processed_images/8449.jpg,Cat
processed_images/847.jpg,Cat
processed_images/6464.jpg,Cat
processed_images/9757.jpg,Cat
processed_images/2602.jpg,Cat
processed_images/10345.jpg,Cat
processed_images/4273.jpg,Cat
processed_images/2616.jpg,Cat
processed_images/10351.jpg,Cat
processed_images/5179.jpg,Cat
processed_images/4267.jpg,Cat
processed_images/3508.jpg,Cat
processed_images/853.jpg,Cat
processed_images/13.jpg,Cat
processed_images/6470.jpg,Cat
processed_images/9743.jpg,Cat
processed_images/1479.jpg,Cat
processed_images/6316.jpg,Cat
processed_images/9025.jpg,Cat
processed_images/7008.jpg,Cat
processed_images/12220.jpg,Cat
processed_images/11729.jpg,Cat
processed_images/4501.jpg,Cat
processed_images/2170.jpg,Cat
processed_images/10437.jpg,Cat
processed_images/1451.jpg,Cat
processed_images/8313.jpg,Cat
processed_images/7020.jpg,Cat
processed_images/12208.jpg,Cat
processed_images/11701.jpg,Cat
processed_images/3246.jpg,Cat
processed_images/4529.jpg,Cat
processed_images/5637.jpg,Cat
processed_images/2158.jpg,Cat
processed_images/10379.jpg,Cat
processed_images/5151.jpg,Cat
processed_images/11067.jpg,Cat
processed_images/3520.jpg,Cat
processed_images/8475.jpg,Cat
processed_images/7746.jpg,Cat
processed_images/6458.jpg,Cat
processed_images/1337.jpg,Cat
processed_images/8461.jpg,Cat
processed_images/7752.jpg,Cat
processed_images/1323.jpg,Cat
processed_images/5145.jpg,Cat
processed_images/11073.jpg,Cat
processed_images/3534.jpg,Cat
processed_images/11715.jpg,Cat
processed_images/3252.jpg,Cat
processed_images/5623.jpg,Cat
processed_images/1445.jpg,Cat
processed_images/9019.jpg,Cat
processed_images/8307.jpg,Cat
processed_images/7034.jpg,Cat
processed_images/1335.jpg,Cat
processed_images/9769.jpg,Cat
processed_images/39.jpg,Cat
processed_images/879.jpg,Cat
processed_images/8477.jpg,Cat
processed_images/7744.jpg,Cat
processed_images/11065.jpg,Cat
processed_images/3522.jpg,Cat
processed_images/5153.jpg,Cat
processed_images/5635.jpg,Cat
processed_images/11703.jpg,Cat
processed_images/3244.jpg,Cat
processed_images/8311.jpg,Cat
processed_images/7022.jpg,Cat
processed_images/1453.jpg,Cat
processed_images/8305.jpg,Cat
processed_images/7036.jpg,Cat
processed_images/6328.jpg,Cat
processed_images/1447.jpg,Cat
processed_images/10409.jpg,Cat
processed_images/5621.jpg,Cat
processed_images/11717.jpg,Cat
processed_images/3250.jpg,Cat
processed_images/11071.jpg,Cat
processed_images/3536.jpg,Cat
processed_images/4259.jpg,Cat
processed_images/5147.jpg,Cat
processed_images/2628.jpg,Cat
processed_images/1321.jpg,Cat
processed_images/7988.jpg,Cat
processed_images/8463.jpg,Cat
processed_images/7750.jpg,Cat
processed_images/11059.jpg,Cat
processed_images/4271.jpg,Cat
processed_images/2600.jpg,Cat
processed_images/10347.jpg,Cat
processed_images/1309.jpg,Cat
processed_images/6466.jpg,Cat
processed_images/9755.jpg,Cat
processed_images/7778.jpg,Cat
processed_images/845.jpg,Cat
processed_images/12236.jpg,Cat
processed_images/6300.jpg,Cat
processed_images/9033.jpg,Cat
processed_images/2166.jpg,Cat
processed_images/10421.jpg,Cat
processed_images/5609.jpg,Cat
processed_images/4517.jpg,Cat
processed_images/3278.jpg,Cat
processed_images/2172.jpg,Cat
processed_images/10435.jpg,Cat
processed_images/4503.jpg,Cat
processed_images/12222.jpg,Cat
processed_images/8339.jpg,Cat
processed_images/6314.jpg,Cat
processed_images/9027.jpg,Cat
processed_images/689.jpg,Cat
processed_images/6472.jpg,Cat
processed_images/11.jpg,Cat
processed_images/9741.jpg,Cat
processed_images/851.jpg,Cat
processed_images/9999.jpg,Cat
processed_images/4265.jpg,Cat
processed_images/2614.jpg,Cat
processed_images/10353.jpg,Cat
processed_images/5190.jpg,Cat
processed_images/2827.jpg,Cat
processed_images/7787.jpg,Cat
processed_images/9972.jpg,Cat
processed_images/662.jpg,Cat
processed_images/6499.jpg,Cat
processed_images/1490.jpg,Cat
processed_images/104.jpg,Cat
processed_images/3287.jpg,Cat
processed_images/2199.jpg,Cat
processed_images/11918.jpg,Cat
processed_images/3293.jpg,Cat
processed_images/110.jpg,Cat
processed_images/1484.jpg,Cat
processed_images/7793.jpg,Cat
processed_images/9966.jpg,Cat
processed_images/676.jpg,Cat
processed_images/5184.jpg,Cat
processed_images/2833.jpg,Cat
processed_images/8488.jpg,Cat
processed_images/886.jpg,Cat
processed_images/7963.jpg,Cat
processed_images/9796.jpg,Cat
processed_images/10384.jpg,Cat
processed_images/5812.jpg,Cat
processed_images/11924.jpg,Cat
processed_images/138.jpg,Cat
processed_images/5806.jpg,Cat
processed_images/11930.jpg,Cat
processed_images/10390.jpg,Cat
processed_images/892.jpg,Cat
processed_images/7977.jpg,Cat
processed_images/9782.jpg,Cat
processed_images/1651.jpg,Cat
processed_images/7220.jpg,Cat
processed_images/8113.jpg,Cat
processed_images/1889.jpg,Cat
processed_images/12008.jpg,Cat
processed_images/3046.jpg,Cat
processed_images/11501.jpg,Cat
processed_images/4729.jpg,Cat
processed_images/5437.jpg,Cat
processed_images/2358.jpg,Cat
processed_images/10179.jpg,Cat
processed_images/5351.jpg,Cat
processed_images/3720.jpg,Cat
processed_images/11267.jpg,Cat
processed_images/6880.jpg,Cat
processed_images/7546.jpg,Cat
processed_images/8675.jpg,Cat
processed_images/6658.jpg,Cat
processed_images/1137.jpg,Cat
processed_images/6894.jpg,Cat
processed_images/7552.jpg,Cat
processed_images/8661.jpg,Cat
processed_images/1123.jpg,Cat
processed_images/5345.jpg,Cat
processed_images/3734.jpg,Cat
processed_images/11273.jpg,Cat
processed_images/3052.jpg,Cat
processed_images/11515.jpg,Cat
processed_images/5423.jpg,Cat
processed_images/1645.jpg,Cat
processed_images/9219.jpg,Cat
processed_images/7234.jpg,Cat
processed_images/8107.jpg,Cat
processed_images/4715.jpg,Cat
processed_images/10623.jpg,Cat
processed_images/2364.jpg,Cat
processed_images/9231.jpg,Cat
processed_images/6102.jpg,Cat
processed_images/12034.jpg,Cat
processed_images/8649.jpg,Cat
processed_images/9557.jpg,Cat
processed_images/6664.jpg,Cat
processed_images/8891.jpg,Cat
processed_images/10145.jpg,Cat
processed_images/2402.jpg,Cat
processed_images/4073.jpg,Cat
processed_images/10151.jpg,Cat
processed_images/2416.jpg,Cat
processed_images/5379.jpg,Cat
processed_images/4067.jpg,Cat
processed_images/3708.jpg,Cat
processed_images/9543.jpg,Cat
processed_images/6670.jpg,Cat
processed_images/8885.jpg,Cat
processed_images/1679.jpg,Cat
processed_images/9225.jpg,Cat
processed_images/6116.jpg,Cat
processed_images/7208.jpg,Cat
processed_images/12020.jpg,Cat
processed_images/11529.jpg,Cat
processed_images/4701.jpg,Cat
processed_images/10637.jpg,Cat
processed_images/2370.jpg,Cat
processed_images/4932.jpg,Cat
processed_images/3085.jpg,Cat
processed_images/10804.jpg,Cat
processed_images/306.jpg,Cat
processed_images/1692.jpg,Cat
processed_images/460.jpg,Cat
processed_images/6843.jpg,Cat
processed_images/7585.jpg,Cat
processed_images/5392.jpg,Cat
processed_images/4098.jpg,Cat
processed_images/5386.jpg,Cat
processed_images/474.jpg,Cat
processed_images/6857.jpg,Cat
processed_images/7591.jpg,Cat
processed_images/1686.jpg,Cat
processed_images/312.jpg,Cat
processed_images/4926.jpg,Cat
processed_images/3091.jpg,Cat
processed_images/10810.jpg,Cat
processed_images/1876.jpg,Cat
processed_images/10838.jpg,Cat
processed_images/11298.jpg,Cat
processed_images/10186.jpg,Cat
processed_images/3907.jpg,Cat
processed_images/9594.jpg,Cat
processed_images/8852.jpg,Cat
processed_images/9580.jpg,Cat
processed_images/8846.jpg,Cat
processed_images/448.jpg,Cat
processed_images/10192.jpg,Cat
processed_images/3913.jpg,Cat
processed_images/1862.jpg,Cat
processed_images/7354.jpg,Cat
processed_images/8067.jpg,Cat
processed_images/9379.jpg,Cat
processed_images/1725.jpg,Cat
processed_images/4885.jpg,Cat
processed_images/5543.jpg,Cat
processed_images/3132.jpg,Cat
processed_images/11475.jpg,Cat
processed_images/3654.jpg,Cat
processed_images/11313.jpg,Cat
processed_images/5225.jpg,Cat
processed_images/1043.jpg,Cat
processed_images/7432.jpg,Cat
processed_images/8701.jpg,Cat
processed_images/1057.jpg,Cat
processed_images/6738.jpg,Cat
processed_images/7426.jpg,Cat
processed_images/8715.jpg,Cat
processed_images/3640.jpg,Cat
processed_images/11307.jpg,Cat
processed_images/3898.jpg,Cat
processed_images/5231.jpg,Cat
processed_images/10019.jpg,Cat
processed_images/2238.jpg,Cat
processed_images/4891.jpg,Cat
processed_images/5557.jpg,Cat
processed_images/4649.jpg,Cat
processed_images/3126.jpg,Cat
processed_images/11461.jpg,Cat
processed_images/12168.jpg,Cat
processed_images/7340.jpg,Cat
processed_images/8073.jpg,Cat
processed_images/1731.jpg,Cat
processed_images/10757.jpg,Cat
processed_images/2210.jpg,Cat
processed_images/4661.jpg,Cat
processed_images/11449.jpg,Cat
processed_images/12140.jpg,Cat
processed_images/7368.jpg,Cat
processed_images/9345.jpg,Cat
processed_images/6076.jpg,Cat
processed_images/1719.jpg,Cat
processed_images/9423.jpg,Cat
processed_images/6710.jpg,Cat
processed_images/3668.jpg,Cat
processed_images/4107.jpg,Cat
processed_images/5219.jpg,Cat
processed_images/10031.jpg,Cat
processed_images/2576.jpg,Cat
processed_images/4113.jpg,Cat
processed_images/10025.jpg,Cat
processed_images/2562.jpg,Cat
processed_images/9437.jpg,Cat
processed_images/6704.jpg,Cat
processed_images/8729.jpg,Cat
processed_images/12154.jpg,Cat
processed_images/9351.jpg,Cat
processed_images/6062.jpg,Cat
processed_images/299.jpg,Cat
processed_images/10743.jpg,Cat
processed_images/2204.jpg,Cat
processed_images/4675.jpg,Cat
processed_images/10970.jpg,Cat
processed_images/4846.jpg,Cat
processed_images/5580.jpg,Cat
processed_images/6089.jpg,Cat
processed_images/272.jpg,Cat
processed_images/7397.jpg,Cat
processed_images/6937.jpg,Cat
processed_images/514.jpg,Cat
processed_images/1080.jpg,Cat
processed_images/2589.jpg,Cat
processed_images/3697.jpg,Cat
processed_images/3683.jpg,Cat
processed_images/6923.jpg,Cat
processed_images/1094.jpg,Cat
processed_images/500.jpg,Cat
processed_images/266.jpg,Cat
processed_images/7383.jpg,Cat
processed_images/10964.jpg,Cat
processed_images/4852.jpg,Cat
processed_images/5594.jpg,Cat
processed_images/9386.jpg,Cat
processed_images/12183.jpg,Cat
processed_images/8098.jpg,Cat
processed_images/1902.jpg,Cat
processed_images/10794.jpg,Cat
processed_images/3873.jpg,Cat
processed_images/8926.jpg,Cat
processed_images/528.jpg,Cat
processed_images/8932.jpg,Cat
processed_images/3867.jpg,Cat
processed_images/10958.jpg,Cat
processed_images/10780.jpg,Cat
processed_images/9392.jpg,Cat
processed_images/12197.jpg,Cat
processed_images/1916.jpg,Cat
processed_images/12418.jpg,Cat
processed_images/8503.jpg,Cat
processed_images/7630.jpg,Cat
processed_images/1241.jpg,Cat
processed_images/2748.jpg,Cat
processed_images/5027.jpg,Cat
processed_images/4339.jpg,Cat
processed_images/2990.jpg,Cat
processed_images/11111.jpg,Cat
processed_images/3456.jpg,Cat
processed_images/11677.jpg,Cat
processed_images/5999.jpg,Cat
processed_images/3330.jpg,Cat
processed_images/5741.jpg,Cat
processed_images/10569.jpg,Cat
processed_images/1527.jpg,Cat
processed_images/6248.jpg,Cat
processed_images/8265.jpg,Cat
processed_images/7156.jpg,Cat
processed_images/1533.jpg,Cat
processed_images/8271.jpg,Cat
processed_images/7142.jpg,Cat
processed_images/11663.jpg,Cat
processed_images/3324.jpg,Cat
processed_images/5755.jpg,Cat
processed_images/5033.jpg,Cat
processed_images/2984.jpg,Cat
processed_images/11105.jpg,Cat
processed_images/3442.jpg,Cat
processed_images/919.jpg,Cat
processed_images/8517.jpg,Cat
processed_images/7624.jpg,Cat
processed_images/9609.jpg,Cat
processed_images/1255.jpg,Cat
processed_images/2774.jpg,Cat
processed_images/10233.jpg,Cat
processed_images/4305.jpg,Cat
processed_images/12424.jpg,Cat
processed_images/931.jpg,Cat
processed_images/6512.jpg,Cat
processed_images/9621.jpg,Cat
processed_images/6274.jpg,Cat
processed_images/9147.jpg,Cat
processed_images/8259.jpg,Cat
processed_images/12342.jpg,Cat
processed_images/4463.jpg,Cat
processed_images/11893.jpg,Cat
processed_images/2012.jpg,Cat
processed_images/10555.jpg,Cat
processed_images/3318.jpg,Cat
processed_images/4477.jpg,Cat
processed_images/5769.jpg,Cat
processed_images/11887.jpg,Cat
processed_images/2006.jpg,Cat
processed_images/10541.jpg,Cat
processed_images/6260.jpg,Cat
processed_images/9153.jpg,Cat
processed_images/12356.jpg,Cat
processed_images/12430.jpg,Cat
processed_images/7618.jpg,Cat
processed_images/925.jpg,Cat
processed_images/6506.jpg,Cat
processed_images/9635.jpg,Cat
processed_images/1269.jpg,Cat
processed_images/2760.jpg,Cat
processed_images/10227.jpg,Cat
processed_images/4311.jpg,Cat
processed_images/11139.jpg,Cat
processed_images/2953.jpg,Cat
processed_images/3495.jpg,Cat
processed_images/1282.jpg,Cat
processed_images/716.jpg,Cat
processed_images/9806.jpg,Cat
processed_images/7195.jpg,Cat
processed_images/5782.jpg,Cat
processed_images/11878.jpg,Cat
processed_images/5796.jpg,Cat
processed_images/4488.jpg,Cat
processed_images/7181.jpg,Cat
processed_images/702.jpg,Cat
processed_images/1296.jpg,Cat
processed_images/9812.jpg,Cat
processed_images/2947.jpg,Cat
processed_images/3481.jpg,Cat
processed_images/7817.jpg,Cat
processed_images/11850.jpg,Cat
processed_images/10596.jpg,Cat
processed_images/5966.jpg,Cat
processed_images/11688.jpg,Cat
processed_images/12381.jpg,Cat
processed_images/9184.jpg,Cat
processed_images/12395.jpg,Cat
processed_images/9190.jpg,Cat
processed_images/11844.jpg,Cat
processed_images/10582.jpg,Cat
processed_images/5972.jpg,Cat
processed_images/7803.jpg,Cat
processed_images/5973.jpg,Cat
processed_images/10583.jpg,Cat
processed_images/11845.jpg,Cat
processed_images/9191.jpg,Cat
processed_images/12394.jpg,Cat
processed_images/7802.jpg,Cat
processed_images/7816.jpg,Cat
processed_images/9185.jpg,Cat
processed_images/12380.jpg,Cat
processed_images/5967.jpg,Cat
processed_images/11689.jpg,Cat
processed_images/10597.jpg,Cat
processed_images/11851.jpg,Cat
processed_images/7180.jpg,Cat
processed_images/4489.jpg,Cat
processed_images/11879.jpg,Cat
processed_images/5797.jpg,Cat
processed_images/3480.jpg,Cat
processed_images/2946.jpg,Cat
processed_images/9813.jpg,Cat
processed_images/1297.jpg,Cat
processed_images/703.jpg,Cat
processed_images/9807.jpg,Cat
processed_images/717.jpg,Cat
processed_images/1283.jpg,Cat
processed_images/3494.jpg,Cat
processed_images/2952.jpg,Cat
processed_images/5783.jpg,Cat
processed_images/7194.jpg,Cat
processed_images/12357.jpg,Cat
processed_images/9152.jpg,Cat
processed_images/6261.jpg,Cat
processed_images/10540.jpg,Cat
processed_images/2007.jpg,Cat
processed_images/5768.jpg,Cat
processed_images/11886.jpg,Cat
processed_images/4476.jpg,Cat
processed_images/3319.jpg,Cat
processed_images/11138.jpg,Cat
processed_images/4310.jpg,Cat
processed_images/10226.jpg,Cat
processed_images/2761.jpg,Cat
processed_images/1268.jpg,Cat
processed_images/9634.jpg,Cat
processed_images/6507.jpg,Cat
processed_images/924.jpg,Cat
processed_images/7619.jpg,Cat
processed_images/12431.jpg,Cat
processed_images/9620.jpg,Cat
processed_images/6513.jpg,Cat
processed_images/930.jpg,Cat
processed_images/12425.jpg,Cat
processed_images/4304.jpg,Cat
processed_images/10232.jpg,Cat
processed_images/2775.jpg,Cat
processed_images/10554.jpg,Cat
processed_images/2013.jpg,Cat
processed_images/11892.jpg,Cat
processed_images/4462.jpg,Cat
processed_images/12343.jpg,Cat
processed_images/8258.jpg,Cat
processed_images/9146.jpg,Cat
processed_images/6275.jpg,Cat
processed_images/5754.jpg,Cat
processed_images/3325.jpg,Cat
processed_images/11662.jpg,Cat
processed_images/7143.jpg,Cat
processed_images/8270.jpg,Cat
processed_images/1532.jpg,Cat
processed_images/1254.jpg,Cat
processed_images/9608.jpg,Cat
processed_images/7625.jpg,Cat
processed_images/918.jpg,Cat
processed_images/8516.jpg,Cat
processed_images/3443.jpg,Cat
processed_images/11104.jpg,Cat
processed_images/2985.jpg,Cat
processed_images/5032.jpg,Cat
processed_images/3457.jpg,Cat
processed_images/11110.jpg,Cat
processed_images/2991.jpg,Cat
processed_images/4338.jpg,Cat
processed_images/5026.jpg,Cat
processed_images/2749.jpg,Cat
processed_images/1240.jpg,Cat
processed_images/7631.jpg,Cat
processed_images/8502.jpg,Cat
processed_images/12419.jpg,Cat
processed_images/7157.jpg,Cat
processed_images/8264.jpg,Cat
processed_images/6249.jpg,Cat
processed_images/1526.jpg,Cat
processed_images/10568.jpg,Cat
processed_images/5740.jpg,Cat
processed_images/3331.jpg,Cat
processed_images/11676.jpg,Cat
processed_images/5998.jpg,Cat
processed_images/3866.jpg,Cat
processed_images/8933.jpg,Cat
processed_images/1917.jpg,Cat
processed_images/12196.jpg,Cat
processed_images/9393.jpg,Cat
processed_images/10781.jpg,Cat
processed_images/10959.jpg,Cat
processed_images/10795.jpg,Cat
processed_images/8099.jpg,Cat
processed_images/1903.jpg,Cat
processed_images/12182.jpg,Cat
processed_images/9387.jpg,Cat
processed_images/8927.jpg,Cat
processed_images/529.jpg,Cat
processed_images/3872.jpg,Cat
processed_images/501.jpg,Cat
processed_images/1095.jpg,Cat
processed_images/6922.jpg,Cat
processed_images/3682.jpg,Cat
processed_images/5595.jpg,Cat
processed_images/4853.jpg,Cat
processed_images/10965.jpg,Cat
processed_images/7382.jpg,Cat
processed_images/267.jpg,Cat
processed_images/7396.jpg,Cat
processed_images/273.jpg,Cat
processed_images/6088.jpg,Cat
processed_images/5581.jpg,Cat
processed_images/4847.jpg,Cat
processed_images/10971.jpg,Cat
processed_images/3696.jpg,Cat
processed_images/2588.jpg,Cat
processed_images/1081.jpg,Cat
processed_images/515.jpg,Cat
processed_images/6936.jpg,Cat
processed_images/8728.jpg,Cat
processed_images/6705.jpg,Cat
processed_images/9436.jpg,Cat
processed_images/2563.jpg,Cat
processed_images/10024.jpg,Cat
processed_images/4112.jpg,Cat
processed_images/4674.jpg,Cat
processed_images/2205.jpg,Cat
processed_images/10742.jpg,Cat
processed_images/298.jpg,Cat
processed_images/6063.jpg,Cat
processed_images/9350.jpg,Cat
processed_images/12155.jpg,Cat
processed_images/1718.jpg,Cat
processed_images/6077.jpg,Cat
processed_images/9344.jpg,Cat
processed_images/7369.jpg,Cat
processed_images/12141.jpg,Cat
processed_images/11448.jpg,Cat
processed_images/4660.jpg,Cat
processed_images/2211.jpg,Cat
processed_images/10756.jpg,Cat
processed_images/2577.jpg,Cat
processed_images/10030.jpg,Cat
processed_images/5218.jpg,Cat
processed_images/4106.jpg,Cat
processed_images/3669.jpg,Cat
processed_images/6711.jpg,Cat
processed_images/9422.jpg,Cat
processed_images/10018.jpg,Cat
processed_images/5230.jpg,Cat
processed_images/3899.jpg,Cat
processed_images/11306.jpg,Cat
processed_images/3641.jpg,Cat
processed_images/8714.jpg,Cat
processed_images/7427.jpg,Cat
processed_images/6739.jpg,Cat
processed_images/1056.jpg,Cat
processed_images/1730.jpg,Cat
processed_images/8072.jpg,Cat
processed_images/7341.jpg,Cat
processed_images/12169.jpg,Cat
processed_images/11460.jpg,Cat
processed_images/3127.jpg,Cat
processed_images/4648.jpg,Cat
processed_images/5556.jpg,Cat
processed_images/4890.jpg,Cat
processed_images/2239.jpg,Cat
processed_images/11474.jpg,Cat
processed_images/3133.jpg,Cat
processed_images/5542.jpg,Cat
processed_images/4884.jpg,Cat
processed_images/1724.jpg,Cat
processed_images/9378.jpg,Cat
processed_images/8066.jpg,Cat
processed_images/7355.jpg,Cat
processed_images/8700.jpg,Cat
processed_images/7433.jpg,Cat
processed_images/1042.jpg,Cat
processed_images/5224.jpg,Cat
processed_images/11312.jpg,Cat
processed_images/3655.jpg,Cat
processed_images/3912.jpg,Cat
processed_images/10193.jpg,Cat
processed_images/8847.jpg,Cat
processed_images/449.jpg,Cat
processed_images/9581.jpg,Cat
processed_images/1863.jpg,Cat
processed_images/10839.jpg,Cat
processed_images/1877.jpg,Cat
processed_images/8853.jpg,Cat
processed_images/9595.jpg,Cat
processed_images/3906.jpg,Cat
processed_images/10187.jpg,Cat
processed_images/11299.jpg,Cat
processed_images/7590.jpg,Cat
processed_images/6856.jpg,Cat
processed_images/475.jpg,Cat
processed_images/5387.jpg,Cat
processed_images/4099.jpg,Cat
processed_images/10811.jpg,Cat
processed_images/3090.jpg,Cat
processed_images/4927.jpg,Cat
processed_images/313.jpg,Cat
processed_images/1687.jpg,Cat
processed_images/1693.jpg,Cat
processed_images/307.jpg,Cat
processed_images/10805.jpg,Cat
processed_images/3084.jpg,Cat
processed_images/4933.jpg,Cat
processed_images/5393.jpg,Cat
processed_images/7584.jpg,Cat
processed_images/6842.jpg,Cat
processed_images/461.jpg,Cat
processed_images/8884.jpg,Cat
processed_images/6671.jpg,Cat
processed_images/9542.jpg,Cat
processed_images/3709.jpg,Cat
processed_images/4066.jpg,Cat
processed_images/5378.jpg,Cat
processed_images/2417.jpg,Cat
processed_images/10150.jpg,Cat
processed_images/2371.jpg,Cat
processed_images/10636.jpg,Cat
processed_images/4700.jpg,Cat
processed_images/11528.jpg,Cat
processed_images/12021.jpg,Cat
processed_images/7209.jpg,Cat
processed_images/6117.jpg,Cat
processed_images/9224.jpg,Cat
processed_images/1678.jpg,Cat
processed_images/12035.jpg,Cat
processed_images/6103.jpg,Cat
processed_images/9230.jpg,Cat
processed_images/2365.jpg,Cat
processed_images/10622.jpg,Cat
processed_images/4714.jpg,Cat
processed_images/4072.jpg,Cat
processed_images/2403.jpg,Cat
processed_images/10144.jpg,Cat
processed_images/8890.jpg,Cat
processed_images/6665.jpg,Cat
processed_images/9556.jpg,Cat
processed_images/8648.jpg,Cat
processed_images/11272.jpg,Cat
processed_images/3735.jpg,Cat
processed_images/5344.jpg,Cat
processed_images/1122.jpg,Cat
processed_images/8660.jpg,Cat
processed_images/7553.jpg,Cat
processed_images/6895.jpg,Cat
processed_images/8106.jpg,Cat
processed_images/7235.jpg,Cat
processed_images/9218.jpg,Cat
processed_images/1644.jpg,Cat
processed_images/5422.jpg,Cat
processed_images/11514.jpg,Cat
processed_images/3053.jpg,Cat
processed_images/2359.jpg,Cat
processed_images/5436.jpg,Cat
processed_images/4728.jpg,Cat
processed_images/11500.jpg,Cat
processed_images/3047.jpg,Cat
processed_images/12009.jpg,Cat
processed_images/8112.jpg,Cat
processed_images/1888.jpg,Cat
processed_images/7221.jpg,Cat
processed_images/1650.jpg,Cat
processed_images/1136.jpg,Cat
processed_images/6659.jpg,Cat
processed_images/8674.jpg,Cat
processed_images/7547.jpg,Cat
processed_images/6881.jpg,Cat
processed_images/11266.jpg,Cat
processed_images/3721.jpg,Cat
processed_images/5350.jpg,Cat
processed_images/10178.jpg,Cat
processed_images/11931.jpg,Cat
processed_images/5807.jpg,Cat
processed_images/9783.jpg,Cat
processed_images/7976.jpg,Cat
processed_images/893.jpg,Cat
processed_images/10391.jpg,Cat
processed_images/10385.jpg,Cat
processed_images/9797.jpg,Cat
processed_images/7962.jpg,Cat
processed_images/8489.jpg,Cat
processed_images/887.jpg,Cat
processed_images/139.jpg,Cat
processed_images/11925.jpg,Cat
processed_images/5813.jpg,Cat
processed_images/1485.jpg,Cat
processed_images/111.jpg,Cat
processed_images/3292.jpg,Cat
processed_images/2832.jpg,Cat
processed_images/5185.jpg,Cat
processed_images/677.jpg,Cat
processed_images/9967.jpg,Cat
processed_images/7792.jpg,Cat
processed_images/6498.jpg,Cat
processed_images/663.jpg,Cat
processed_images/9973.jpg,Cat
processed_images/7786.jpg,Cat
processed_images/2826.jpg,Cat
processed_images/5191.jpg,Cat
processed_images/11919.jpg,Cat
processed_images/2198.jpg,Cat
processed_images/3286.jpg,Cat
processed_images/105.jpg,Cat
processed_images/1491.jpg,Cat
processed_images/9026.jpg,Cat
processed_images/6315.jpg,Cat
processed_images/8338.jpg,Cat
processed_images/12223.jpg,Cat
processed_images/4502.jpg,Cat
processed_images/10434.jpg,Cat
processed_images/2173.jpg,Cat
processed_images/10352.jpg,Cat
processed_images/2615.jpg,Cat
processed_images/4264.jpg,Cat
processed_images/9998.jpg,Cat
processed_images/850.jpg,Cat
processed_images/9740.jpg,Cat
processed_images/6473.jpg,Cat
processed_images/10.jpg,Cat
processed_images/688.jpg,Cat
processed_images/844.jpg,Cat
processed_images/7779.jpg,Cat
processed_images/9754.jpg,Cat
processed_images/6467.jpg,Cat
processed_images/1308.jpg,Cat
processed_images/10346.jpg,Cat
processed_images/2601.jpg,Cat
processed_images/4270.jpg,Cat
processed_images/11058.jpg,Cat
processed_images/3279.jpg,Cat
processed_images/4516.jpg,Cat
processed_images/5608.jpg,Cat
processed_images/10420.jpg,Cat
processed_images/2167.jpg,Cat
processed_images/9032.jpg,Cat
processed_images/6301.jpg,Cat
processed_images/12237.jpg,Cat
processed_images/3251.jpg,Cat
processed_images/11716.jpg,Cat
processed_images/5620.jpg,Cat
processed_images/10408.jpg,Cat
processed_images/1446.jpg,Cat
processed_images/6329.jpg,Cat
processed_images/7037.jpg,Cat
processed_images/8304.jpg,Cat
processed_images/7751.jpg,Cat
processed_images/8462.jpg,Cat
processed_images/7989.jpg,Cat
processed_images/1320.jpg,Cat
processed_images/2629.jpg,Cat
processed_images/5146.jpg,Cat
processed_images/4258.jpg,Cat
processed_images/3537.jpg,Cat
processed_images/11070.jpg,Cat
processed_images/5152.jpg,Cat
processed_images/3523.jpg,Cat
processed_images/11064.jpg,Cat
processed_images/7745.jpg,Cat
processed_images/878.jpg,Cat
processed_images/8476.jpg,Cat
processed_images/38.jpg,Cat
processed_images/9768.jpg,Cat
processed_images/1334.jpg,Cat
processed_images/1452.jpg,Cat
processed_images/7023.jpg,Cat
processed_images/8310.jpg,Cat
processed_images/3245.jpg,Cat
processed_images/11702.jpg,Cat
processed_images/5634.jpg,Cat
processed_images/2142.jpg,Cat
processed_images/10405.jpg,Cat
processed_images/4533.jpg,Cat
processed_images/8309.jpg,Cat
processed_images/12212.jpg,Cat
processed_images/6324.jpg,Cat
processed_images/9017.jpg,Cat
processed_images/21.jpg,Cat
processed_images/6442.jpg,Cat
processed_images/9771.jpg,Cat
processed_images/7984.jpg,Cat
processed_images/861.jpg,Cat
processed_images/4255.jpg,Cat
processed_images/2624.jpg,Cat
processed_images/10363.jpg,Cat
processed_images/4241.jpg,Cat
processed_images/11069.jpg,Cat
processed_images/2630.jpg,Cat
processed_images/10377.jpg,Cat
processed_images/6456.jpg,Cat
processed_images/35.jpg,Cat
processed_images/9765.jpg,Cat
processed_images/7990.jpg,Cat
processed_images/1339.jpg,Cat
processed_images/7748.jpg,Cat
processed_images/875.jpg,Cat
processed_images/12206.jpg,Cat
processed_images/6330.jpg,Cat
processed_images/9003.jpg,Cat
processed_images/5639.jpg,Cat
processed_images/2156.jpg,Cat
processed_images/10411.jpg,Cat
processed_images/3248.jpg,Cat
processed_images/4527.jpg,Cat
processed_images/8335.jpg,Cat
processed_images/7006.jpg,Cat
processed_images/1477.jpg,Cat
processed_images/6318.jpg,Cat
processed_images/5611.jpg,Cat
processed_images/10439.jpg,Cat
processed_images/11727.jpg,Cat
processed_images/3260.jpg,Cat
processed_images/4269.jpg,Cat
processed_images/11041.jpg,Cat
processed_images/3506.jpg,Cat
processed_images/2618.jpg,Cat
processed_images/5177.jpg,Cat
processed_images/685.jpg,Cat
processed_images/1311.jpg,Cat
processed_images/9995.jpg,Cat
processed_images/8453.jpg,Cat
processed_images/7760.jpg,Cat
processed_images/9759.jpg,Cat
processed_images/1305.jpg,Cat
processed_images/691.jpg,Cat
processed_images/9981.jpg,Cat
processed_images/8447.jpg,Cat
processed_images/849.jpg,Cat
processed_images/7774.jpg,Cat
processed_images/11055.jpg,Cat
processed_images/3512.jpg,Cat
processed_images/5163.jpg,Cat
processed_images/5605.jpg,Cat
processed_images/11733.jpg,Cat
processed_images/3274.jpg,Cat
processed_images/8321.jpg,Cat
processed_images/7012.jpg,Cat
processed_images/1463.jpg,Cat
processed_images/1488.jpg,Cat
processed_images/5836.jpg,Cat
processed_images/11900.jpg,Cat
processed_images/2181.jpg,Cat
processed_images/5188.jpg,Cat
processed_images/4296.jpg,Cat
processed_images/6481.jpg,Cat
processed_images/7947.jpg,Cat
processed_images/6495.jpg,Cat
processed_images/7953.jpg,Cat
processed_images/4282.jpg,Cat
processed_images/5822.jpg,Cat
processed_images/11914.jpg,Cat
processed_images/2195.jpg,Cat
processed_images/108.jpg,Cat
processed_images/120.jpg,Cat
processed_images/9956.jpg,Cat
processed_images/8490.jpg,Cat
processed_images/646.jpg,Cat
processed_images/2803.jpg,Cat
processed_images/11082.jpg,Cat
processed_images/10388.jpg,Cat
processed_images/2817.jpg,Cat
processed_images/11096.jpg,Cat
processed_images/9942.jpg,Cat
processed_images/8484.jpg,Cat
processed_images/652.jpg,Cat
processed_images/134.jpg,Cat
processed_images/11928.jpg,Cat
processed_images/5349.jpg,Cat
processed_images/10161.jpg,Cat
processed_images/2426.jpg,Cat
processed_images/3738.jpg,Cat
processed_images/4057.jpg,Cat
processed_images/6898.jpg,Cat
processed_images/9573.jpg,Cat
processed_images/6640.jpg,Cat
processed_images/9215.jpg,Cat
processed_images/6126.jpg,Cat
processed_images/1649.jpg,Cat
processed_images/12010.jpg,Cat
processed_images/1891.jpg,Cat
processed_images/7238.jpg,Cat
processed_images/4731.jpg,Cat
processed_images/11519.jpg,Cat
processed_images/10607.jpg,Cat
processed_images/2340.jpg,Cat
processed_images/4725.jpg,Cat
processed_images/10613.jpg,Cat
processed_images/2354.jpg,Cat
processed_images/9201.jpg,Cat
processed_images/6132.jpg,Cat
processed_images/12004.jpg,Cat
processed_images/1885.jpg,Cat
processed_images/8679.jpg,Cat
processed_images/9567.jpg,Cat
processed_images/6654.jpg,Cat
processed_images/10175.jpg,Cat
processed_images/2432.jpg,Cat
processed_images/4043.jpg,Cat
processed_images/7562.jpg,Cat
processed_images/8651.jpg,Cat
processed_images/8889.jpg,Cat
processed_images/1113.jpg,Cat
processed_images/487.jpg,Cat
processed_images/5375.jpg,Cat
processed_images/3704.jpg,Cat
processed_images/11243.jpg,Cat
processed_images/3062.jpg,Cat
processed_images/11525.jpg,Cat
processed_images/5413.jpg,Cat
processed_images/9229.jpg,Cat
processed_images/1675.jpg,Cat
processed_images/7204.jpg,Cat
processed_images/8137.jpg,Cat
processed_images/1661.jpg,Cat
processed_images/12038.jpg,Cat
processed_images/7210.jpg,Cat
processed_images/8123.jpg,Cat
processed_images/4719.jpg,Cat
processed_images/3076.jpg,Cat
processed_images/11531.jpg,Cat
processed_images/2368.jpg,Cat
processed_images/5407.jpg,Cat
processed_images/5361.jpg,Cat
processed_images/10149.jpg,Cat
processed_images/3710.jpg,Cat
processed_images/11257.jpg,Cat
processed_images/7576.jpg,Cat
processed_images/8645.jpg,Cat
processed_images/493.jpg,Cat
processed_images/1107.jpg,Cat
processed_images/6668.jpg,Cat
processed_images/478.jpg,Cat
processed_images/8876.jpg,Cat
processed_images/6683.jpg,Cat
processed_images/4094.jpg,Cat
processed_images/3923.jpg,Cat
processed_images/2383.jpg,Cat
processed_images/1852.jpg,Cat
processed_images/1846.jpg,Cat
processed_images/2397.jpg,Cat
processed_images/10808.jpg,Cat
processed_images/3089.jpg,Cat
processed_images/4080.jpg,Cat
processed_images/3937.jpg,Cat
processed_images/8862.jpg,Cat
processed_images/6697.jpg,Cat
processed_images/7589.jpg,Cat
processed_images/11280.jpg,Cat
processed_images/444.jpg,Cat
processed_images/8692.jpg,Cat
processed_images/6867.jpg,Cat
processed_images/322.jpg,Cat
processed_images/4916.jpg,Cat
processed_images/10820.jpg,Cat
processed_images/4902.jpg,Cat
processed_images/10834.jpg,Cat
processed_images/336.jpg,Cat
processed_images/450.jpg,Cat
processed_images/9598.jpg,Cat
processed_images/8686.jpg,Cat
processed_images/6873.jpg,Cat
processed_images/11294.jpg,Cat
processed_images/4123.jpg,Cat
processed_images/10015.jpg,Cat
processed_images/2552.jpg,Cat
processed_images/3894.jpg,Cat
processed_images/9407.jpg,Cat
processed_images/6734.jpg,Cat
processed_images/8719.jpg,Cat
processed_images/12164.jpg,Cat
processed_images/9361.jpg,Cat
processed_images/6052.jpg,Cat
processed_images/10773.jpg,Cat
processed_images/2234.jpg,Cat
processed_images/4645.jpg,Cat
processed_images/4889.jpg,Cat
processed_images/10767.jpg,Cat
processed_images/2220.jpg,Cat
processed_images/11479.jpg,Cat
processed_images/4651.jpg,Cat
processed_images/7358.jpg,Cat
processed_images/12170.jpg,Cat
processed_images/1729.jpg,Cat
processed_images/9375.jpg,Cat
processed_images/6046.jpg,Cat
processed_images/9413.jpg,Cat
processed_images/6720.jpg,Cat
processed_images/4137.jpg,Cat
processed_images/3658.jpg,Cat
processed_images/10001.jpg,Cat
processed_images/2546.jpg,Cat
processed_images/5229.jpg,Cat
processed_images/3880.jpg,Cat
processed_images/6708.jpg,Cat
processed_images/1067.jpg,Cat
processed_images/7416.jpg,Cat
processed_images/8725.jpg,Cat
processed_images/3670.jpg,Cat
processed_images/11337.jpg,Cat
processed_images/10029.jpg,Cat
processed_images/5201.jpg,Cat
processed_images/5567.jpg,Cat
processed_images/2208.jpg,Cat
processed_images/3116.jpg,Cat
processed_images/11451.jpg,Cat
processed_images/10997.jpg,Cat
processed_images/4679.jpg,Cat
processed_images/7370.jpg,Cat
processed_images/8043.jpg,Cat
processed_images/12158.jpg,Cat
processed_images/1701.jpg,Cat
processed_images/295.jpg,Cat
processed_images/7364.jpg,Cat
processed_images/8057.jpg,Cat
processed_images/281.jpg,Cat
processed_images/1715.jpg,Cat
processed_images/9349.jpg,Cat
processed_images/5573.jpg,Cat
processed_images/3102.jpg,Cat
processed_images/11445.jpg,Cat
processed_images/10983.jpg,Cat
processed_images/3664.jpg,Cat
processed_images/11323.jpg,Cat
processed_images/5215.jpg,Cat
processed_images/1073.jpg,Cat
processed_images/7402.jpg,Cat
processed_images/8731.jpg,Cat
processed_images/8902.jpg,Cat
processed_images/1098.jpg,Cat
processed_images/2591.jpg,Cat
processed_images/3857.jpg,Cat
processed_images/4686.jpg,Cat
processed_images/10968.jpg,Cat
processed_images/5598.jpg,Cat
processed_images/6091.jpg,Cat
processed_images/1926.jpg,Cat
processed_images/6085.jpg,Cat
processed_images/1932.jpg,Cat
processed_images/4692.jpg,Cat
processed_images/2585.jpg,Cat
processed_images/3843.jpg,Cat
processed_images/518.jpg,Cat
processed_images/8916.jpg,Cat
processed_images/6913.jpg,Cat
processed_images/530.jpg,Cat
processed_images/256.jpg,Cat
processed_images/8080.jpg,Cat
processed_images/11492.jpg,Cat
processed_images/10954.jpg,Cat
processed_images/4862.jpg,Cat
processed_images/11486.jpg,Cat
processed_images/10940.jpg,Cat
processed_images/10798.jpg,Cat
processed_images/4876.jpg,Cat
processed_images/242.jpg,Cat
processed_images/8094.jpg,Cat
processed_images/6907.jpg,Cat
processed_images/524.jpg,Cat
processed_images/4447.jpg,Cat
processed_images/3328.jpg,Cat
processed_images/5981.jpg,Cat
processed_images/2036.jpg,Cat
processed_images/10571.jpg,Cat
processed_images/5759.jpg,Cat
processed_images/6250.jpg,Cat
processed_images/9163.jpg,Cat
processed_images/12366.jpg,Cat
processed_images/7628.jpg,Cat
processed_images/915.jpg,Cat
processed_images/12400.jpg,Cat
processed_images/1259.jpg,Cat
processed_images/6536.jpg,Cat
processed_images/9605.jpg,Cat
processed_images/2750.jpg,Cat
processed_images/10217.jpg,Cat
processed_images/11109.jpg,Cat
processed_images/2988.jpg,Cat
processed_images/4321.jpg,Cat
processed_images/2744.jpg,Cat
processed_images/10203.jpg,Cat
processed_images/4335.jpg,Cat
processed_images/901.jpg,Cat
processed_images/12414.jpg,Cat
processed_images/6522.jpg,Cat
processed_images/9611.jpg,Cat
processed_images/6244.jpg,Cat
processed_images/9177.jpg,Cat
processed_images/12372.jpg,Cat
processed_images/8269.jpg,Cat
processed_images/4453.jpg,Cat
processed_images/5995.jpg,Cat
processed_images/2022.jpg,Cat
processed_images/10565.jpg,Cat
processed_images/1503.jpg,Cat
processed_images/8241.jpg,Cat
processed_images/7172.jpg,Cat
processed_images/11653.jpg,Cat
processed_images/3314.jpg,Cat
processed_images/5765.jpg,Cat
processed_images/5003.jpg,Cat
processed_images/11135.jpg,Cat
processed_images/3472.jpg,Cat
processed_images/8527.jpg,Cat
processed_images/929.jpg,Cat
processed_images/7614.jpg,Cat
processed_images/1265.jpg,Cat
processed_images/9639.jpg,Cat
processed_images/8533.jpg,Cat
processed_images/7600.jpg,Cat
processed_images/12428.jpg,Cat
processed_images/1271.jpg,Cat
processed_images/5017.jpg,Cat
processed_images/2778.jpg,Cat
processed_images/11121.jpg,Cat
processed_images/3466.jpg,Cat
processed_images/4309.jpg,Cat
processed_images/11647.jpg,Cat
processed_images/3300.jpg,Cat
processed_images/10559.jpg,Cat
processed_images/5771.jpg,Cat
processed_images/6278.jpg,Cat
processed_images/1517.jpg,Cat
processed_images/8255.jpg,Cat
processed_images/7166.jpg,Cat
processed_images/6293.jpg,Cat
processed_images/11874.jpg,Cat
processed_images/4484.jpg,Cat
processed_images/5942.jpg,Cat
processed_images/2793.jpg,Cat
processed_images/7833.jpg,Cat
processed_images/7827.jpg,Cat
processed_images/3499.jpg,Cat
processed_images/2787.jpg,Cat
processed_images/11860.jpg,Cat
processed_images/4490.jpg,Cat
processed_images/5956.jpg,Cat
processed_images/7199.jpg,Cat
processed_images/6287.jpg,Cat
processed_images/11848.jpg,Cat
processed_images/11690.jpg,Cat
processed_images/12399.jpg,Cat
processed_images/8282.jpg,Cat
processed_images/732.jpg,Cat
processed_images/9822.jpg,Cat
processed_images/2977.jpg,Cat
processed_images/2963.jpg,Cat
processed_images/726.jpg,Cat
processed_images/9836.jpg,Cat
processed_images/8296.jpg,Cat
processed_images/9188.jpg,Cat
processed_images/11684.jpg,Cat
processed_images/9837.jpg,Cat
processed_images/727.jpg,Cat
processed_images/2962.jpg,Cat
processed_images/11685.jpg,Cat
processed_images/9189.jpg,Cat
processed_images/8297.jpg,Cat
processed_images/8283.jpg,Cat
processed_images/12398.jpg,Cat
processed_images/11691.jpg,Cat
processed_images/11849.jpg,Cat
processed_images/2976.jpg,Cat
processed_images/9823.jpg,Cat
processed_images/733.jpg,Cat
processed_images/2786.jpg,Cat
processed_images/3498.jpg,Cat
processed_images/7826.jpg,Cat
processed_images/6286.jpg,Cat
processed_images/7198.jpg,Cat
processed_images/5957.jpg,Cat
processed_images/4491.jpg,Cat
processed_images/11861.jpg,Cat
processed_images/5943.jpg,Cat
processed_images/4485.jpg,Cat
processed_images/11875.jpg,Cat
processed_images/6292.jpg,Cat
processed_images/7832.jpg,Cat
processed_images/2792.jpg,Cat
processed_images/4308.jpg,Cat
processed_images/3467.jpg,Cat
processed_images/11120.jpg,Cat
processed_images/2779.jpg,Cat
processed_images/5016.jpg,Cat
processed_images/1270.jpg,Cat
processed_images/12429.jpg,Cat
processed_images/7601.jpg,Cat
processed_images/8532.jpg,Cat
processed_images/7167.jpg,Cat
processed_images/8254.jpg,Cat
processed_images/1516.jpg,Cat
processed_images/6279.jpg,Cat
processed_images/5770.jpg,Cat
processed_images/10558.jpg,Cat
processed_images/3301.jpg,Cat
processed_images/11646.jpg,Cat
processed_images/5764.jpg,Cat
processed_images/3315.jpg,Cat
processed_images/11652.jpg,Cat
processed_images/7173.jpg,Cat
processed_images/8240.jpg,Cat
processed_images/1502.jpg,Cat
processed_images/9638.jpg,Cat
processed_images/1264.jpg,Cat
processed_images/7615.jpg,Cat
processed_images/8526.jpg,Cat
processed_images/928.jpg,Cat
processed_images/3473.jpg,Cat
processed_images/11134.jpg,Cat
processed_images/5002.jpg,Cat
processed_images/9610.jpg,Cat
processed_images/6523.jpg,Cat
processed_images/12415.jpg,Cat
processed_images/900.jpg,Cat
processed_images/4334.jpg,Cat
processed_images/10202.jpg,Cat
processed_images/2745.jpg,Cat
processed_images/10564.jpg,Cat
processed_images/2023.jpg,Cat
processed_images/5994.jpg,Cat
processed_images/4452.jpg,Cat
processed_images/8268.jpg,Cat
processed_images/12373.jpg,Cat
processed_images/9176.jpg,Cat
processed_images/6245.jpg,Cat
processed_images/12367.jpg,Cat
processed_images/9162.jpg,Cat
processed_images/6251.jpg,Cat
processed_images/5758.jpg,Cat
processed_images/10570.jpg,Cat
processed_images/2037.jpg,Cat
processed_images/5980.jpg,Cat
processed_images/3329.jpg,Cat
processed_images/4446.jpg,Cat
processed_images/4320.jpg,Cat
processed_images/2989.jpg,Cat
processed_images/11108.jpg,Cat
processed_images/10216.jpg,Cat
processed_images/2751.jpg,Cat
processed_images/9604.jpg,Cat
processed_images/6537.jpg,Cat
processed_images/1258.jpg,Cat
processed_images/12401.jpg,Cat
processed_images/914.jpg,Cat
processed_images/7629.jpg,Cat
processed_images/8095.jpg,Cat
processed_images/243.jpg,Cat
processed_images/10799.jpg,Cat
processed_images/4877.jpg,Cat
processed_images/10941.jpg,Cat
processed_images/11487.jpg,Cat
processed_images/525.jpg,Cat
processed_images/6906.jpg,Cat
processed_images/531.jpg,Cat
processed_images/6912.jpg,Cat
processed_images/4863.jpg,Cat
processed_images/10955.jpg,Cat
processed_images/11493.jpg,Cat
processed_images/8081.jpg,Cat
processed_images/257.jpg,Cat
processed_images/4693.jpg,Cat
processed_images/1933.jpg,Cat
processed_images/6084.jpg,Cat
processed_images/519.jpg,Cat
processed_images/8917.jpg,Cat
processed_images/3842.jpg,Cat
processed_images/2584.jpg,Cat
processed_images/3856.jpg,Cat
processed_images/2590.jpg,Cat
processed_images/8903.jpg,Cat
processed_images/1099.jpg,Cat
processed_images/1927.jpg,Cat
processed_images/6090.jpg,Cat
processed_images/5599.jpg,Cat
processed_images/4687.jpg,Cat
processed_images/10969.jpg,Cat
processed_images/10982.jpg,Cat
processed_images/11444.jpg,Cat
processed_images/3103.jpg,Cat
processed_images/5572.jpg,Cat
processed_images/9348.jpg,Cat
processed_images/1714.jpg,Cat
processed_images/280.jpg,Cat
processed_images/8056.jpg,Cat
processed_images/7365.jpg,Cat
processed_images/8730.jpg,Cat
processed_images/7403.jpg,Cat
processed_images/1072.jpg,Cat
processed_images/5214.jpg,Cat
processed_images/11322.jpg,Cat
processed_images/3665.jpg,Cat
processed_images/5200.jpg,Cat
processed_images/10028.jpg,Cat
processed_images/11336.jpg,Cat
processed_images/3671.jpg,Cat
processed_images/8724.jpg,Cat
processed_images/7417.jpg,Cat
processed_images/1066.jpg,Cat
processed_images/6709.jpg,Cat
processed_images/294.jpg,Cat
processed_images/1700.jpg,Cat
processed_images/12159.jpg,Cat
processed_images/8042.jpg,Cat
processed_images/7371.jpg,Cat
processed_images/10996.jpg,Cat
processed_images/4678.jpg,Cat
processed_images/11450.jpg,Cat
processed_images/3117.jpg,Cat
processed_images/2209.jpg,Cat
processed_images/5566.jpg,Cat
processed_images/6047.jpg,Cat
processed_images/9374.jpg,Cat
processed_images/1728.jpg,Cat
processed_images/12171.jpg,Cat
processed_images/7359.jpg,Cat
processed_images/4650.jpg,Cat
processed_images/11478.jpg,Cat
processed_images/2221.jpg,Cat
processed_images/4888.jpg,Cat
processed_images/10766.jpg,Cat
processed_images/3881.jpg,Cat
processed_images/5228.jpg,Cat
processed_images/2547.jpg,Cat
processed_images/10000.jpg,Cat
processed_images/3659.jpg,Cat
processed_images/4136.jpg,Cat
processed_images/6721.jpg,Cat
processed_images/9412.jpg,Cat
processed_images/8718.jpg,Cat
processed_images/6735.jpg,Cat
processed_images/9406.jpg,Cat
processed_images/3895.jpg,Cat
processed_images/2553.jpg,Cat
processed_images/10014.jpg,Cat
processed_images/4122.jpg,Cat
processed_images/4644.jpg,Cat
processed_images/2235.jpg,Cat
processed_images/10772.jpg,Cat
processed_images/6053.jpg,Cat
processed_images/9360.jpg,Cat
processed_images/12165.jpg,Cat
processed_images/337.jpg,Cat
processed_images/10835.jpg,Cat
processed_images/4903.jpg,Cat
processed_images/11295.jpg,Cat
processed_images/6872.jpg,Cat
processed_images/8687.jpg,Cat
processed_images/9599.jpg,Cat
processed_images/451.jpg,Cat
processed_images/6866.jpg,Cat
processed_images/8693.jpg,Cat
processed_images/445.jpg,Cat
processed_images/11281.jpg,Cat
processed_images/10821.jpg,Cat
processed_images/4917.jpg,Cat
processed_images/323.jpg,Cat
processed_images/3088.jpg,Cat
processed_images/10809.jpg,Cat
processed_images/2396.jpg,Cat
processed_images/1847.jpg,Cat
processed_images/7588.jpg,Cat
processed_images/6696.jpg,Cat
processed_images/8863.jpg,Cat
processed_images/3936.jpg,Cat
processed_images/4081.jpg,Cat
processed_images/3922.jpg,Cat
processed_images/4095.jpg,Cat
processed_images/6682.jpg,Cat
processed_images/479.jpg,Cat
processed_images/8877.jpg,Cat
processed_images/1853.jpg,Cat
processed_images/2382.jpg,Cat
processed_images/5406.jpg,Cat
processed_images/2369.jpg,Cat
processed_images/11530.jpg,Cat
processed_images/3077.jpg,Cat
processed_images/4718.jpg,Cat
processed_images/8122.jpg,Cat
processed_images/7211.jpg,Cat
processed_images/12039.jpg,Cat
processed_images/1660.jpg,Cat
processed_images/6669.jpg,Cat
processed_images/1106.jpg,Cat
processed_images/492.jpg,Cat
processed_images/8644.jpg,Cat
processed_images/7577.jpg,Cat
processed_images/11256.jpg,Cat
processed_images/3711.jpg,Cat
processed_images/10148.jpg,Cat
processed_images/5360.jpg,Cat
processed_images/11242.jpg,Cat
processed_images/3705.jpg,Cat
processed_images/5374.jpg,Cat
processed_images/8888.jpg,Cat
processed_images/486.jpg,Cat
processed_images/1112.jpg,Cat
processed_images/8650.jpg,Cat
processed_images/7563.jpg,Cat
processed_images/8136.jpg,Cat
processed_images/7205.jpg,Cat
processed_images/1674.jpg,Cat
processed_images/9228.jpg,Cat
processed_images/5412.jpg,Cat
processed_images/11524.jpg,Cat
processed_images/3063.jpg,Cat
processed_images/1884.jpg,Cat
processed_images/12005.jpg,Cat
processed_images/6133.jpg,Cat
processed_images/9200.jpg,Cat
processed_images/2355.jpg,Cat
processed_images/10612.jpg,Cat
processed_images/4724.jpg,Cat
processed_images/4042.jpg,Cat
processed_images/2433.jpg,Cat
processed_images/10174.jpg,Cat
processed_images/6655.jpg,Cat
processed_images/9566.jpg,Cat
processed_images/8678.jpg,Cat
processed_images/6641.jpg,Cat
processed_images/9572.jpg,Cat
processed_images/6899.jpg,Cat
processed_images/4056.jpg,Cat
processed_images/3739.jpg,Cat
processed_images/2427.jpg,Cat
processed_images/10160.jpg,Cat
processed_images/5348.jpg,Cat
processed_images/2341.jpg,Cat
processed_images/10606.jpg,Cat
processed_images/11518.jpg,Cat
processed_images/4730.jpg,Cat
processed_images/7239.jpg,Cat
processed_images/1890.jpg,Cat
processed_images/12011.jpg,Cat
processed_images/1648.jpg,Cat
processed_images/6127.jpg,Cat
processed_images/9214.jpg,Cat
processed_images/653.jpg,Cat
processed_images/8485.jpg,Cat
processed_images/9943.jpg,Cat
processed_images/11097.jpg,Cat
processed_images/2816.jpg,Cat
processed_images/10389.jpg,Cat
processed_images/11929.jpg,Cat
processed_images/135.jpg,Cat
processed_images/121.jpg,Cat
processed_images/11083.jpg,Cat
processed_images/2802.jpg,Cat
processed_images/647.jpg,Cat
processed_images/8491.jpg,Cat
processed_images/9957.jpg,Cat
processed_images/4283.jpg,Cat
processed_images/7952.jpg,Cat
processed_images/6494.jpg,Cat
processed_images/109.jpg,Cat
processed_images/2194.jpg,Cat
processed_images/11915.jpg,Cat
processed_images/5823.jpg,Cat
processed_images/2180.jpg,Cat
processed_images/11901.jpg,Cat
processed_images/5837.jpg,Cat
processed_images/1489.jpg,Cat
processed_images/7946.jpg,Cat
processed_images/6480.jpg,Cat
processed_images/4297.jpg,Cat
processed_images/5189.jpg,Cat
processed_images/5162.jpg,Cat
processed_images/3513.jpg,Cat
processed_images/11054.jpg,Cat
processed_images/7775.jpg,Cat
processed_images/8446.jpg,Cat
processed_images/848.jpg,Cat
processed_images/9980.jpg,Cat
processed_images/690.jpg,Cat
processed_images/1304.jpg,Cat
processed_images/9758.jpg,Cat
processed_images/1462.jpg,Cat
processed_images/7013.jpg,Cat
processed_images/8320.jpg,Cat
processed_images/3275.jpg,Cat
processed_images/11732.jpg,Cat
processed_images/5604.jpg,Cat
processed_images/3261.jpg,Cat
processed_images/11726.jpg,Cat
processed_images/10438.jpg,Cat
processed_images/5610.jpg,Cat
processed_images/6319.jpg,Cat
processed_images/1476.jpg,Cat
processed_images/7007.jpg,Cat
processed_images/8334.jpg,Cat
processed_images/7761.jpg,Cat
processed_images/8452.jpg,Cat
processed_images/9994.jpg,Cat
processed_images/1310.jpg,Cat
processed_images/684.jpg,Cat
processed_images/5176.jpg,Cat
processed_images/2619.jpg,Cat
processed_images/3507.jpg,Cat
processed_images/11040.jpg,Cat
processed_images/4268.jpg,Cat
processed_images/874.jpg,Cat
processed_images/7749.jpg,Cat
processed_images/1338.jpg,Cat
processed_images/7991.jpg,Cat
processed_images/9764.jpg,Cat
processed_images/6457.jpg,Cat
processed_images/34.jpg,Cat
processed_images/10376.jpg,Cat
processed_images/2631.jpg,Cat
processed_images/11068.jpg,Cat
processed_images/4240.jpg,Cat
processed_images/4526.jpg,Cat
processed_images/3249.jpg,Cat
processed_images/10410.jpg,Cat
processed_images/2157.jpg,Cat
processed_images/5638.jpg,Cat
processed_images/9002.jpg,Cat
processed_images/6331.jpg,Cat
processed_images/12207.jpg,Cat
processed_images/9016.jpg,Cat
processed_images/6325.jpg,Cat
processed_images/12213.jpg,Cat
processed_images/8308.jpg,Cat
processed_images/4532.jpg,Cat
processed_images/2143.jpg,Cat
processed_images/10362.jpg,Cat
processed_images/2625.jpg,Cat
processed_images/4254.jpg,Cat
processed_images/860.jpg,Cat
processed_images/7985.jpg,Cat
processed_images/9770.jpg,Cat
processed_images/20.jpg,Cat
processed_images/6443.jpg,Cat
processed_images/12205.jpg,Cat
processed_images/9000.jpg,Cat
processed_images/6333.jpg,Cat
processed_images/10412.jpg,Cat
processed_images/2155.jpg,Cat
processed_images/4524.jpg,Cat
processed_images/4242.jpg,Cat
processed_images/10374.jpg,Cat
processed_images/2633.jpg,Cat
processed_images/9766.jpg,Cat
processed_images/36.jpg,Cat
processed_images/6455.jpg,Cat
processed_images/7993.jpg,Cat
processed_images/876.jpg,Cat
processed_images/8478.jpg,Cat
processed_images/9772.jpg,Cat
processed_images/6441.jpg,Cat
processed_images/22.jpg,Cat
processed_images/7987.jpg,Cat
processed_images/862.jpg,Cat
processed_images/4256.jpg,Cat
processed_images/3539.jpg,Cat
processed_images/10360.jpg,Cat
processed_images/2627.jpg,Cat
processed_images/5148.jpg,Cat
processed_images/10406.jpg,Cat
processed_images/2141.jpg,Cat
processed_images/11718.jpg,Cat
processed_images/4530.jpg,Cat
processed_images/7039.jpg,Cat
processed_images/12211.jpg,Cat
processed_images/1448.jpg,Cat
processed_images/9014.jpg,Cat
processed_images/6327.jpg,Cat
processed_images/5606.jpg,Cat
processed_images/2169.jpg,Cat
processed_images/3277.jpg,Cat
processed_images/11730.jpg,Cat
processed_images/4518.jpg,Cat
processed_images/7011.jpg,Cat
processed_images/8322.jpg,Cat
processed_images/12239.jpg,Cat
processed_images/1460.jpg,Cat
processed_images/6469.jpg,Cat
processed_images/1306.jpg,Cat
processed_images/692.jpg,Cat
processed_images/9982.jpg,Cat
processed_images/7777.jpg,Cat
processed_images/8444.jpg,Cat
processed_images/3511.jpg,Cat
processed_images/11056.jpg,Cat
processed_images/10348.jpg,Cat
processed_images/5160.jpg,Cat
processed_images/3505.jpg,Cat
processed_images/11042.jpg,Cat
processed_images/5174.jpg,Cat
processed_images/686.jpg,Cat
processed_images/1312.jpg,Cat
processed_images/9996.jpg,Cat
processed_images/7763.jpg,Cat
processed_images/8450.jpg,Cat
processed_images/7005.jpg,Cat
processed_images/8336.jpg,Cat
processed_images/1474.jpg,Cat
processed_images/9028.jpg,Cat
processed_images/5612.jpg,Cat
processed_images/3263.jpg,Cat
processed_images/11724.jpg,Cat
processed_images/5821.jpg,Cat
processed_images/3288.jpg,Cat
processed_images/11917.jpg,Cat
processed_images/2196.jpg,Cat
processed_images/7788.jpg,Cat
processed_images/6496.jpg,Cat
processed_images/7950.jpg,Cat
processed_images/4281.jpg,Cat
processed_images/2828.jpg,Cat
processed_images/4295.jpg,Cat
processed_images/9969.jpg,Cat
processed_images/6482.jpg,Cat
processed_images/679.jpg,Cat
processed_images/7944.jpg,Cat
processed_images/5835.jpg,Cat
processed_images/11903.jpg,Cat
processed_images/2182.jpg,Cat
processed_images/137.jpg,Cat
processed_images/2814.jpg,Cat
processed_images/11095.jpg,Cat
processed_images/9941.jpg,Cat
processed_images/8487.jpg,Cat
processed_images/889.jpg,Cat
processed_images/9799.jpg,Cat
processed_images/651.jpg,Cat
processed_images/9955.jpg,Cat
processed_images/8493.jpg,Cat
processed_images/7978.jpg,Cat
processed_images/645.jpg,Cat
processed_images/2800.jpg,Cat
processed_images/11081.jpg,Cat
processed_images/5809.jpg,Cat
processed_images/123.jpg,Cat
processed_images/7549.jpg,Cat
processed_images/1138.jpg,Cat
processed_images/6657.jpg,Cat
processed_images/9564.jpg,Cat
processed_images/2431.jpg,Cat
processed_images/10176.jpg,Cat
processed_images/11268.jpg,Cat
processed_images/4040.jpg,Cat
processed_images/4726.jpg,Cat
processed_images/3049.jpg,Cat
processed_images/2357.jpg,Cat
processed_images/10610.jpg,Cat
processed_images/5438.jpg,Cat
processed_images/6131.jpg,Cat
processed_images/9202.jpg,Cat
processed_images/12007.jpg,Cat
processed_images/1886.jpg,Cat
processed_images/6125.jpg,Cat
processed_images/9216.jpg,Cat
processed_images/12013.jpg,Cat
processed_images/1892.jpg,Cat
processed_images/8108.jpg,Cat
processed_images/4732.jpg,Cat
processed_images/2343.jpg,Cat
processed_images/10604.jpg,Cat
processed_images/2425.jpg,Cat
processed_images/10162.jpg,Cat
processed_images/4054.jpg,Cat
processed_images/6643.jpg,Cat
processed_images/9570.jpg,Cat
processed_images/5362.jpg,Cat
processed_images/11254.jpg,Cat
processed_images/3713.jpg,Cat
processed_images/8646.jpg,Cat
processed_images/7575.jpg,Cat
processed_images/490.jpg,Cat
processed_images/1104.jpg,Cat
processed_images/9558.jpg,Cat
processed_images/1662.jpg,Cat
processed_images/8120.jpg,Cat
processed_images/7213.jpg,Cat
processed_images/11532.jpg,Cat
processed_images/3075.jpg,Cat
processed_images/5404.jpg,Cat
processed_images/11526.jpg,Cat
processed_images/3061.jpg,Cat
processed_images/10638.jpg,Cat
processed_images/5410.jpg,Cat
processed_images/6119.jpg,Cat
processed_images/1676.jpg,Cat
processed_images/8134.jpg,Cat
processed_images/7207.jpg,Cat
processed_images/8652.jpg,Cat
processed_images/7561.jpg,Cat
processed_images/1110.jpg,Cat
processed_images/484.jpg,Cat
processed_images/5376.jpg,Cat
processed_images/2419.jpg,Cat
processed_images/11240.jpg,Cat
processed_images/3707.jpg,Cat
processed_images/4068.jpg,Cat
processed_images/4083.jpg,Cat
processed_images/3934.jpg,Cat
processed_images/8861.jpg,Cat
processed_images/6694.jpg,Cat
processed_images/1845.jpg,Cat
processed_images/309.jpg,Cat
processed_images/2394.jpg,Cat
processed_images/2380.jpg,Cat
processed_images/4929.jpg,Cat
processed_images/1851.jpg,Cat
processed_images/1689.jpg,Cat
processed_images/8875.jpg,Cat
processed_images/6680.jpg,Cat
processed_images/6858.jpg,Cat
processed_images/4097.jpg,Cat
processed_images/3920.jpg,Cat
processed_images/5389.jpg,Cat
processed_images/453.jpg,Cat
processed_images/8685.jpg,Cat
processed_images/6870.jpg,Cat
processed_images/11297.jpg,Cat
processed_images/3908.jpg,Cat
processed_images/10189.jpg,Cat
processed_images/4901.jpg,Cat
processed_images/10837.jpg,Cat
processed_images/1879.jpg,Cat
processed_images/335.jpg,Cat
processed_images/321.jpg,Cat
processed_images/4915.jpg,Cat
processed_images/10823.jpg,Cat
processed_images/11283.jpg,Cat
processed_images/8849.jpg,Cat
processed_images/447.jpg,Cat
processed_images/8691.jpg,Cat
processed_images/6864.jpg,Cat
processed_images/6723.jpg,Cat
processed_images/9410.jpg,Cat
processed_images/4134.jpg,Cat
processed_images/2545.jpg,Cat
processed_images/10002.jpg,Cat
processed_images/3883.jpg,Cat
processed_images/2223.jpg,Cat
processed_images/10764.jpg,Cat
processed_images/4652.jpg,Cat
processed_images/8068.jpg,Cat
processed_images/12173.jpg,Cat
processed_images/6045.jpg,Cat
processed_images/9376.jpg,Cat
processed_images/12167.jpg,Cat
processed_images/6051.jpg,Cat
processed_images/9362.jpg,Cat
processed_images/5558.jpg,Cat
processed_images/2237.jpg,Cat
processed_images/10770.jpg,Cat
processed_images/3129.jpg,Cat
processed_images/4646.jpg,Cat
processed_images/4120.jpg,Cat
processed_images/11308.jpg,Cat
processed_images/2551.jpg,Cat
processed_images/10016.jpg,Cat
processed_images/3897.jpg,Cat
processed_images/6737.jpg,Cat
processed_images/9404.jpg,Cat
processed_images/1058.jpg,Cat
processed_images/7429.jpg,Cat
processed_images/4108.jpg,Cat
processed_images/11320.jpg,Cat
processed_images/3667.jpg,Cat
processed_images/2579.jpg,Cat
processed_images/5216.jpg,Cat
processed_images/1070.jpg,Cat
processed_images/8732.jpg,Cat
processed_images/7401.jpg,Cat
processed_images/8054.jpg,Cat
processed_images/7367.jpg,Cat
processed_images/282.jpg,Cat
processed_images/1716.jpg,Cat
processed_images/6079.jpg,Cat
processed_images/5570.jpg,Cat
processed_images/10758.jpg,Cat
processed_images/11446.jpg,Cat
processed_images/3101.jpg,Cat
processed_images/10980.jpg,Cat
processed_images/5564.jpg,Cat
processed_images/11452.jpg,Cat
processed_images/3115.jpg,Cat
processed_images/10994.jpg,Cat
processed_images/8040.jpg,Cat
processed_images/7373.jpg,Cat
processed_images/1702.jpg,Cat
processed_images/296.jpg,Cat
processed_images/9438.jpg,Cat
processed_images/1064.jpg,Cat
processed_images/8726.jpg,Cat
processed_images/7415.jpg,Cat
processed_images/11334.jpg,Cat
processed_images/3673.jpg,Cat
processed_images/5202.jpg,Cat
processed_images/2586.jpg,Cat
processed_images/3840.jpg,Cat
processed_images/3698.jpg,Cat
processed_images/6938.jpg,Cat
processed_images/8915.jpg,Cat
processed_images/6086.jpg,Cat
processed_images/7398.jpg,Cat
processed_images/1931.jpg,Cat
processed_images/4691.jpg,Cat
processed_images/4849.jpg,Cat
processed_images/4685.jpg,Cat
processed_images/269.jpg,Cat
processed_images/6092.jpg,Cat
processed_images/1925.jpg,Cat
processed_images/8901.jpg,Cat
processed_images/2592.jpg,Cat
processed_images/3854.jpg,Cat
processed_images/6904.jpg,Cat
processed_images/8929.jpg,Cat
processed_images/527.jpg,Cat
processed_images/11485.jpg,Cat
processed_images/10943.jpg,Cat
processed_images/4875.jpg,Cat
processed_images/241.jpg,Cat
processed_images/9389.jpg,Cat
processed_images/8097.jpg,Cat
processed_images/255.jpg,Cat
processed_images/1919.jpg,Cat
processed_images/8083.jpg,Cat
processed_images/12198.jpg,Cat
processed_images/11491.jpg,Cat
processed_images/10957.jpg,Cat
processed_images/4861.jpg,Cat
processed_images/3868.jpg,Cat
processed_images/6910.jpg,Cat
processed_images/533.jpg,Cat
processed_images/9174.jpg,Cat
processed_images/6247.jpg,Cat
processed_images/1528.jpg,Cat
processed_images/12371.jpg,Cat
processed_images/7159.jpg,Cat
processed_images/4450.jpg,Cat
processed_images/11678.jpg,Cat
processed_images/5996.jpg,Cat
processed_images/10566.jpg,Cat
processed_images/2021.jpg,Cat
processed_images/5028.jpg,Cat
processed_images/10200.jpg,Cat
processed_images/2747.jpg,Cat
processed_images/3459.jpg,Cat
processed_images/4336.jpg,Cat
processed_images/902.jpg,Cat
processed_images/12417.jpg,Cat
processed_images/9612.jpg,Cat
processed_images/6521.jpg,Cat
processed_images/916.jpg,Cat
processed_images/8518.jpg,Cat
processed_images/12403.jpg,Cat
processed_images/9606.jpg,Cat
processed_images/6535.jpg,Cat
processed_images/10214.jpg,Cat
processed_images/2753.jpg,Cat
processed_images/4322.jpg,Cat
processed_images/4444.jpg,Cat
processed_images/5982.jpg,Cat
processed_images/10572.jpg,Cat
processed_images/2035.jpg,Cat
processed_images/9160.jpg,Cat
processed_images/6253.jpg,Cat
processed_images/12365.jpg,Cat
processed_images/3303.jpg,Cat
processed_images/11644.jpg,Cat
processed_images/5772.jpg,Cat
processed_images/9148.jpg,Cat
processed_images/1514.jpg,Cat
processed_images/7165.jpg,Cat
processed_images/8256.jpg,Cat
processed_images/7603.jpg,Cat
processed_images/8530.jpg,Cat
processed_images/1272.jpg,Cat
processed_images/5014.jpg,Cat
processed_images/3465.jpg,Cat
processed_images/11122.jpg,Cat
processed_images/5000.jpg,Cat
processed_images/10228.jpg,Cat
processed_images/3471.jpg,Cat
processed_images/11136.jpg,Cat
processed_images/7617.jpg,Cat
processed_images/8524.jpg,Cat
processed_images/1266.jpg,Cat
processed_images/6509.jpg,Cat
processed_images/1500.jpg,Cat
processed_images/12359.jpg,Cat
processed_images/7171.jpg,Cat
processed_images/8242.jpg,Cat
processed_images/4478.jpg,Cat
processed_images/3317.jpg,Cat
processed_images/11650.jpg,Cat
processed_images/2009.jpg,Cat
processed_images/5766.jpg,Cat
processed_images/11888.jpg,Cat
processed_images/11863.jpg,Cat
processed_images/4493.jpg,Cat
processed_images/5955.jpg,Cat
processed_images/6284.jpg,Cat
processed_images/719.jpg,Cat
processed_images/7824.jpg,Cat
processed_images/9809.jpg,Cat
processed_images/2784.jpg,Cat
processed_images/2948.jpg,Cat
processed_images/2790.jpg,Cat
processed_images/1299.jpg,Cat
processed_images/7830.jpg,Cat
processed_images/6290.jpg,Cat
processed_images/11877.jpg,Cat
processed_images/5799.jpg,Cat
processed_images/4487.jpg,Cat
processed_images/5941.jpg,Cat
processed_images/8295.jpg,Cat
processed_images/10599.jpg,Cat
processed_images/5969.jpg,Cat
processed_images/11687.jpg,Cat
processed_images/2960.jpg,Cat
processed_images/7818.jpg,Cat
processed_images/725.jpg,Cat
processed_images/9835.jpg,Cat
processed_images/731.jpg,Cat
processed_images/9821.jpg,Cat
processed_images/2974.jpg,Cat
processed_images/11693.jpg,Cat
processed_images/8281.jpg,Cat
processed_images/2975.jpg,Cat
processed_images/9820.jpg,Cat
processed_images/730.jpg,Cat
processed_images/8280.jpg,Cat
processed_images/11692.jpg,Cat
processed_images/5968.jpg,Cat
processed_images/11686.jpg,Cat
processed_images/10598.jpg,Cat
processed_images/8294.jpg,Cat
processed_images/9834.jpg,Cat
processed_images/724.jpg,Cat
processed_images/7819.jpg,Cat
processed_images/2961.jpg,Cat
processed_images/7831.jpg,Cat
processed_images/1298.jpg,Cat
processed_images/2791.jpg,Cat
processed_images/2949.jpg,Cat
processed_images/5940.jpg,Cat
processed_images/4486.jpg,Cat
processed_images/11876.jpg,Cat
processed_images/5798.jpg,Cat
processed_images/6291.jpg,Cat
processed_images/6285.jpg,Cat
processed_images/5954.jpg,Cat
processed_images/4492.jpg,Cat
processed_images/11862.jpg,Cat
processed_images/2785.jpg,Cat
processed_images/9808.jpg,Cat
processed_images/7825.jpg,Cat
processed_images/718.jpg,Cat
processed_images/6508.jpg,Cat
processed_images/1267.jpg,Cat
processed_images/8525.jpg,Cat
processed_images/7616.jpg,Cat
processed_images/11137.jpg,Cat
processed_images/3470.jpg,Cat
processed_images/10229.jpg,Cat
processed_images/5001.jpg,Cat
processed_images/5767.jpg,Cat
processed_images/11889.jpg,Cat
processed_images/2008.jpg,Cat
processed_images/11651.jpg,Cat
processed_images/3316.jpg,Cat
processed_images/4479.jpg,Cat
processed_images/8243.jpg,Cat
processed_images/7170.jpg,Cat
processed_images/12358.jpg,Cat
processed_images/1501.jpg,Cat
processed_images/8257.jpg,Cat
processed_images/7164.jpg,Cat
processed_images/1515.jpg,Cat
processed_images/9149.jpg,Cat
processed_images/5773.jpg,Cat
processed_images/11645.jpg,Cat
processed_images/3302.jpg,Cat
processed_images/11123.jpg,Cat
processed_images/3464.jpg,Cat
processed_images/5015.jpg,Cat
processed_images/1273.jpg,Cat
processed_images/8531.jpg,Cat
processed_images/7602.jpg,Cat
processed_images/4323.jpg,Cat
processed_images/2752.jpg,Cat
processed_images/10215.jpg,Cat
processed_images/6534.jpg,Cat
processed_images/9607.jpg,Cat
processed_images/12402.jpg,Cat
processed_images/917.jpg,Cat
processed_images/8519.jpg,Cat
processed_images/12364.jpg,Cat
processed_images/6252.jpg,Cat
processed_images/9161.jpg,Cat
processed_images/2034.jpg,Cat
processed_images/10573.jpg,Cat
processed_images/5983.jpg,Cat
processed_images/4445.jpg,Cat
processed_images/2020.jpg,Cat
processed_images/10567.jpg,Cat
processed_images/11679.jpg,Cat
processed_images/5997.jpg,Cat
processed_images/4451.jpg,Cat
processed_images/7158.jpg,Cat
processed_images/12370.jpg,Cat
processed_images/1529.jpg,Cat
processed_images/6246.jpg,Cat
processed_images/9175.jpg,Cat
processed_images/6520.jpg,Cat
processed_images/9613.jpg,Cat
processed_images/12416.jpg,Cat
processed_images/903.jpg,Cat
processed_images/4337.jpg,Cat
processed_images/3458.jpg,Cat
processed_images/2746.jpg,Cat
processed_images/10201.jpg,Cat
processed_images/5029.jpg,Cat
processed_images/4860.jpg,Cat
processed_images/10956.jpg,Cat
processed_images/11490.jpg,Cat
processed_images/12199.jpg,Cat
processed_images/1918.jpg,Cat
processed_images/8082.jpg,Cat
processed_images/254.jpg,Cat
processed_images/532.jpg,Cat
processed_images/6911.jpg,Cat
processed_images/3869.jpg,Cat
processed_images/8928.jpg,Cat
processed_images/526.jpg,Cat
processed_images/6905.jpg,Cat
processed_images/8096.jpg,Cat
processed_images/9388.jpg,Cat
processed_images/240.jpg,Cat
processed_images/4874.jpg,Cat
processed_images/10942.jpg,Cat
processed_images/11484.jpg,Cat
processed_images/1924.jpg,Cat
processed_images/6093.jpg,Cat
processed_images/268.jpg,Cat
processed_images/4684.jpg,Cat
processed_images/3855.jpg,Cat
processed_images/2593.jpg,Cat
processed_images/8900.jpg,Cat
processed_images/8914.jpg,Cat
processed_images/6939.jpg,Cat
processed_images/3699.jpg,Cat
processed_images/3841.jpg,Cat
processed_images/2587.jpg,Cat
processed_images/4848.jpg,Cat
processed_images/4690.jpg,Cat
processed_images/1930.jpg,Cat
processed_images/7399.jpg,Cat
processed_images/6087.jpg,Cat
processed_images/297.jpg,Cat
processed_images/1703.jpg,Cat
processed_images/7372.jpg,Cat
processed_images/8041.jpg,Cat
processed_images/10995.jpg,Cat
processed_images/3114.jpg,Cat
processed_images/11453.jpg,Cat
processed_images/5565.jpg,Cat
processed_images/5203.jpg,Cat
processed_images/3672.jpg,Cat
processed_images/11335.jpg,Cat
processed_images/7414.jpg,Cat
processed_images/8727.jpg,Cat
processed_images/1065.jpg,Cat
processed_images/9439.jpg,Cat
processed_images/7400.jpg,Cat
processed_images/8733.jpg,Cat
processed_images/1071.jpg,Cat
processed_images/5217.jpg,Cat
processed_images/2578.jpg,Cat
processed_images/3666.jpg,Cat
processed_images/11321.jpg,Cat
processed_images/4109.jpg,Cat
processed_images/10981.jpg,Cat
processed_images/3100.jpg,Cat
processed_images/11447.jpg,Cat
processed_images/10759.jpg,Cat
processed_images/5571.jpg,Cat
processed_images/6078.jpg,Cat
processed_images/1717.jpg,Cat
processed_images/283.jpg,Cat
processed_images/7366.jpg,Cat
processed_images/8055.jpg,Cat
processed_images/4647.jpg,Cat
processed_images/3128.jpg,Cat
processed_images/10771.jpg,Cat
processed_images/2236.jpg,Cat
processed_images/5559.jpg,Cat
processed_images/9363.jpg,Cat
processed_images/6050.jpg,Cat
processed_images/12166.jpg,Cat
processed_images/7428.jpg,Cat
processed_images/1059.jpg,Cat
processed_images/9405.jpg,Cat
processed_images/6736.jpg,Cat
processed_images/3896.jpg,Cat
processed_images/10017.jpg,Cat
processed_images/2550.jpg,Cat
processed_images/11309.jpg,Cat
processed_images/4121.jpg,Cat
processed_images/3882.jpg,Cat
processed_images/10003.jpg,Cat
processed_images/2544.jpg,Cat
processed_images/4135.jpg,Cat
processed_images/9411.jpg,Cat
processed_images/6722.jpg,Cat
processed_images/9377.jpg,Cat
processed_images/6044.jpg,Cat
processed_images/12172.jpg,Cat
processed_images/8069.jpg,Cat
processed_images/4653.jpg,Cat
processed_images/10765.jpg,Cat
processed_images/2222.jpg,Cat
processed_images/10822.jpg,Cat
processed_images/4914.jpg,Cat
processed_images/320.jpg,Cat
processed_images/6865.jpg,Cat
processed_images/8690.jpg,Cat
processed_images/8848.jpg,Cat
processed_images/446.jpg,Cat
processed_images/11282.jpg,Cat
processed_images/10188.jpg,Cat
processed_images/3909.jpg,Cat
processed_images/11296.jpg,Cat
processed_images/6871.jpg,Cat
processed_images/8684.jpg,Cat
processed_images/452.jpg,Cat
processed_images/334.jpg,Cat
processed_images/1878.jpg,Cat
processed_images/10836.jpg,Cat
processed_images/4900.jpg,Cat
processed_images/1688.jpg,Cat
processed_images/1850.jpg,Cat
processed_images/4928.jpg,Cat
processed_images/2381.jpg,Cat
processed_images/5388.jpg,Cat
processed_images/3921.jpg,Cat
processed_images/4096.jpg,Cat
processed_images/6859.jpg,Cat
processed_images/6681.jpg,Cat
processed_images/8874.jpg,Cat
processed_images/6695.jpg,Cat
processed_images/8860.jpg,Cat
processed_images/3935.jpg,Cat
processed_images/4082.jpg,Cat
processed_images/2395.jpg,Cat
processed_images/308.jpg,Cat
processed_images/1844.jpg,Cat
processed_images/7206.jpg,Cat
processed_images/8135.jpg,Cat
processed_images/1677.jpg,Cat
processed_images/6118.jpg,Cat
processed_images/5411.jpg,Cat
processed_images/10639.jpg,Cat
processed_images/3060.jpg,Cat
processed_images/11527.jpg,Cat
processed_images/4069.jpg,Cat
processed_images/3706.jpg,Cat
processed_images/11241.jpg,Cat
processed_images/2418.jpg,Cat
processed_images/5377.jpg,Cat
processed_images/485.jpg,Cat
processed_images/1111.jpg,Cat
processed_images/7560.jpg,Cat
processed_images/8653.jpg,Cat
processed_images/9559.jpg,Cat
processed_images/1105.jpg,Cat
processed_images/491.jpg,Cat
processed_images/7574.jpg,Cat
processed_images/8647.jpg,Cat
processed_images/3712.jpg,Cat
processed_images/11255.jpg,Cat
processed_images/5363.jpg,Cat
processed_images/5405.jpg,Cat
processed_images/3074.jpg,Cat
processed_images/11533.jpg,Cat
processed_images/7212.jpg,Cat
processed_images/8121.jpg,Cat
processed_images/1663.jpg,Cat
processed_images/10605.jpg,Cat
processed_images/2342.jpg,Cat
processed_images/4733.jpg,Cat
processed_images/1893.jpg,Cat
processed_images/8109.jpg,Cat
processed_images/12012.jpg,Cat
processed_images/9217.jpg,Cat
processed_images/6124.jpg,Cat
processed_images/9571.jpg,Cat
processed_images/6642.jpg,Cat
processed_images/4055.jpg,Cat
processed_images/10163.jpg,Cat
processed_images/2424.jpg,Cat
processed_images/4041.jpg,Cat
processed_images/11269.jpg,Cat
processed_images/10177.jpg,Cat
processed_images/2430.jpg,Cat
processed_images/9565.jpg,Cat
processed_images/6656.jpg,Cat
processed_images/1139.jpg,Cat
processed_images/7548.jpg,Cat
processed_images/1887.jpg,Cat
processed_images/12006.jpg,Cat
processed_images/9203.jpg,Cat
processed_images/6130.jpg,Cat
processed_images/5439.jpg,Cat
processed_images/10611.jpg,Cat
processed_images/2356.jpg,Cat
processed_images/3048.jpg,Cat
processed_images/4727.jpg,Cat
processed_images/11080.jpg,Cat
processed_images/2801.jpg,Cat
processed_images/644.jpg,Cat
processed_images/7979.jpg,Cat
processed_images/8492.jpg,Cat
processed_images/9954.jpg,Cat
processed_images/122.jpg,Cat
processed_images/5808.jpg,Cat
processed_images/136.jpg,Cat
processed_images/650.jpg,Cat
processed_images/9798.jpg,Cat
processed_images/8486.jpg,Cat
processed_images/888.jpg,Cat
processed_images/9940.jpg,Cat
processed_images/11094.jpg,Cat
processed_images/2815.jpg,Cat
processed_images/7945.jpg,Cat
processed_images/678.jpg,Cat
processed_images/6483.jpg,Cat
processed_images/9968.jpg,Cat
processed_images/4294.jpg,Cat
processed_images/2183.jpg,Cat
processed_images/11902.jpg,Cat
processed_images/5834.jpg,Cat
processed_images/2197.jpg,Cat
processed_images/11916.jpg,Cat
processed_images/3289.jpg,Cat
processed_images/5820.jpg,Cat
processed_images/2829.jpg,Cat
processed_images/4280.jpg,Cat
processed_images/7951.jpg,Cat
processed_images/6497.jpg,Cat
processed_images/7789.jpg,Cat
processed_images/8451.jpg,Cat
processed_images/7762.jpg,Cat
processed_images/9997.jpg,Cat
processed_images/1313.jpg,Cat
processed_images/687.jpg,Cat
processed_images/5175.jpg,Cat
processed_images/11043.jpg,Cat
processed_images/3504.jpg,Cat
processed_images/11725.jpg,Cat
processed_images/3262.jpg,Cat
processed_images/5613.jpg,Cat
processed_images/9029.jpg,Cat
processed_images/1475.jpg,Cat
processed_images/8337.jpg,Cat
processed_images/7004.jpg,Cat
processed_images/1461.jpg,Cat
processed_images/12238.jpg,Cat
processed_images/8323.jpg,Cat
processed_images/7010.jpg,Cat
processed_images/4519.jpg,Cat
processed_images/11731.jpg,Cat
processed_images/3276.jpg,Cat
processed_images/2168.jpg,Cat
processed_images/5607.jpg,Cat
processed_images/5161.jpg,Cat
processed_images/10349.jpg,Cat
processed_images/11057.jpg,Cat
processed_images/3510.jpg,Cat
processed_images/8445.jpg,Cat
processed_images/7776.jpg,Cat
processed_images/9983.jpg,Cat
processed_images/693.jpg,Cat
processed_images/1307.jpg,Cat
processed_images/6468.jpg,Cat
processed_images/5149.jpg,Cat
processed_images/2626.jpg,Cat
processed_images/10361.jpg,Cat
processed_images/3538.jpg,Cat
processed_images/4257.jpg,Cat
processed_images/863.jpg,Cat
processed_images/7986.jpg,Cat
processed_images/6440.jpg,Cat
processed_images/23.jpg,Cat
processed_images/9773.jpg,Cat
processed_images/6326.jpg,Cat
processed_images/9015.jpg,Cat
processed_images/1449.jpg,Cat
processed_images/12210.jpg,Cat
processed_images/7038.jpg,Cat
processed_images/4531.jpg,Cat
processed_images/11719.jpg,Cat
processed_images/2140.jpg,Cat
processed_images/10407.jpg,Cat
processed_images/4525.jpg,Cat
processed_images/2154.jpg,Cat
processed_images/10413.jpg,Cat
processed_images/6332.jpg,Cat
processed_images/9001.jpg,Cat
processed_images/12204.jpg,Cat
processed_images/877.jpg,Cat
processed_images/8479.jpg,Cat
processed_images/7992.jpg,Cat
processed_images/37.jpg,Cat
processed_images/6454.jpg,Cat
processed_images/9767.jpg,Cat
processed_images/2632.jpg,Cat
processed_images/10375.jpg,Cat
processed_images/4243.jpg,Cat
processed_images/1303.jpg,Cat
processed_images/697.jpg,Cat
processed_images/7772.jpg,Cat
processed_images/8441.jpg,Cat
processed_images/9987.jpg,Cat
processed_images/3514.jpg,Cat
processed_images/11053.jpg,Cat
processed_images/5165.jpg,Cat
processed_images/5603.jpg,Cat
processed_images/3272.jpg,Cat
processed_images/11735.jpg,Cat
processed_images/7014.jpg,Cat
processed_images/8327.jpg,Cat
processed_images/9039.jpg,Cat
processed_images/1465.jpg,Cat
processed_images/12228.jpg,Cat
processed_images/7000.jpg,Cat
processed_images/8333.jpg,Cat
processed_images/1471.jpg,Cat
processed_images/2178.jpg,Cat
processed_images/5617.jpg,Cat
processed_images/4509.jpg,Cat
processed_images/3266.jpg,Cat
processed_images/11721.jpg,Cat
processed_images/3500.jpg,Cat
processed_images/11047.jpg,Cat
processed_images/5171.jpg,Cat
processed_images/10359.jpg,Cat
processed_images/683.jpg,Cat
processed_images/1317.jpg,Cat
processed_images/6478.jpg,Cat
processed_images/7766.jpg,Cat
processed_images/8455.jpg,Cat
processed_images/9993.jpg,Cat
processed_images/3528.jpg,Cat
processed_images/4247.jpg,Cat
processed_images/5159.jpg,Cat
processed_images/10371.jpg,Cat
processed_images/2636.jpg,Cat
processed_images/7996.jpg,Cat
processed_images/9763.jpg,Cat
processed_images/6450.jpg,Cat
processed_images/33.jpg,Cat
processed_images/873.jpg,Cat
processed_images/12200.jpg,Cat
processed_images/7028.jpg,Cat
processed_images/9005.jpg,Cat
processed_images/6336.jpg,Cat
processed_images/1459.jpg,Cat
processed_images/10417.jpg,Cat
processed_images/2150.jpg,Cat
processed_images/4521.jpg,Cat
processed_images/11709.jpg,Cat
processed_images/10403.jpg,Cat
processed_images/2144.jpg,Cat
processed_images/4535.jpg,Cat
processed_images/12214.jpg,Cat
processed_images/9011.jpg,Cat
processed_images/6322.jpg,Cat
processed_images/7982.jpg,Cat
processed_images/9777.jpg,Cat
processed_images/27.jpg,Cat
processed_images/6444.jpg,Cat
processed_images/867.jpg,Cat
processed_images/8469.jpg,Cat
processed_images/4253.jpg,Cat
processed_images/10365.jpg,Cat
processed_images/2622.jpg,Cat
processed_images/11090.jpg,Cat
processed_images/2811.jpg,Cat
processed_images/8482.jpg,Cat
processed_images/9944.jpg,Cat
processed_images/7969.jpg,Cat
processed_images/654.jpg,Cat
processed_images/132.jpg,Cat
processed_images/5818.jpg,Cat
processed_images/126.jpg,Cat
processed_images/8496.jpg,Cat
processed_images/898.jpg,Cat
processed_images/9950.jpg,Cat
processed_images/640.jpg,Cat
processed_images/9788.jpg,Cat
processed_images/11084.jpg,Cat
processed_images/2805.jpg,Cat
processed_images/9978.jpg,Cat
processed_images/668.jpg,Cat
processed_images/7955.jpg,Cat
processed_images/6493.jpg,Cat
processed_images/4284.jpg,Cat
processed_images/5824.jpg,Cat
processed_images/2193.jpg,Cat
processed_images/11912.jpg,Cat
processed_images/5830.jpg,Cat
processed_images/3299.jpg,Cat
processed_images/2187.jpg,Cat
processed_images/11906.jpg,Cat
processed_images/4290.jpg,Cat
processed_images/2839.jpg,Cat
processed_images/7799.jpg,Cat
processed_images/7941.jpg,Cat
processed_images/6487.jpg,Cat
processed_images/1667.jpg,Cat
processed_images/6108.jpg,Cat
processed_images/8125.jpg,Cat
processed_images/7216.jpg,Cat
processed_images/11537.jpg,Cat
processed_images/3070.jpg,Cat
processed_images/5401.jpg,Cat
processed_images/10629.jpg,Cat
processed_images/2408.jpg,Cat
processed_images/5367.jpg,Cat
processed_images/4079.jpg,Cat
processed_images/11251.jpg,Cat
processed_images/3716.jpg,Cat
processed_images/8643.jpg,Cat
processed_images/7570.jpg,Cat
processed_images/495.jpg,Cat
processed_images/1101.jpg,Cat
processed_images/8657.jpg,Cat
processed_images/7564.jpg,Cat
processed_images/9549.jpg,Cat
processed_images/1115.jpg,Cat
processed_images/481.jpg,Cat
processed_images/5373.jpg,Cat
processed_images/11245.jpg,Cat
processed_images/3702.jpg,Cat
processed_images/11523.jpg,Cat
processed_images/3064.jpg,Cat
processed_images/5415.jpg,Cat
processed_images/1673.jpg,Cat
processed_images/8131.jpg,Cat
processed_images/7202.jpg,Cat
processed_images/4723.jpg,Cat
processed_images/2352.jpg,Cat
processed_images/10615.jpg,Cat
processed_images/6134.jpg,Cat
processed_images/9207.jpg,Cat
processed_images/1883.jpg,Cat
processed_images/8119.jpg,Cat
processed_images/12002.jpg,Cat
processed_images/6652.jpg,Cat
processed_images/9561.jpg,Cat
processed_images/2434.jpg,Cat
processed_images/10173.jpg,Cat
processed_images/4045.jpg,Cat
processed_images/2420.jpg,Cat
processed_images/10167.jpg,Cat
processed_images/4051.jpg,Cat
processed_images/11279.jpg,Cat
processed_images/7558.jpg,Cat
processed_images/6646.jpg,Cat
processed_images/9575.jpg,Cat
processed_images/1129.jpg,Cat
processed_images/6120.jpg,Cat
processed_images/9213.jpg,Cat
processed_images/1897.jpg,Cat
processed_images/12016.jpg,Cat
processed_images/3058.jpg,Cat
processed_images/4737.jpg,Cat
processed_images/5429.jpg,Cat
processed_images/2346.jpg,Cat
processed_images/10601.jpg,Cat
processed_images/4904.jpg,Cat
processed_images/10832.jpg,Cat
processed_images/330.jpg,Cat
processed_images/8858.jpg,Cat
processed_images/456.jpg,Cat
processed_images/6875.jpg,Cat
processed_images/8680.jpg,Cat
processed_images/11292.jpg,Cat
processed_images/11286.jpg,Cat
processed_images/10198.jpg,Cat
processed_images/3919.jpg,Cat
processed_images/442.jpg,Cat
processed_images/6861.jpg,Cat
processed_images/8694.jpg,Cat
processed_images/1868.jpg,Cat
processed_images/324.jpg,Cat
processed_images/4910.jpg,Cat
processed_images/10826.jpg,Cat
processed_images/1840.jpg,Cat
processed_images/1698.jpg,Cat
processed_images/2391.jpg,Cat
processed_images/4938.jpg,Cat
processed_images/4086.jpg,Cat
processed_images/3931.jpg,Cat
processed_images/5398.jpg,Cat
processed_images/6691.jpg,Cat
processed_images/8864.jpg,Cat
processed_images/6849.jpg,Cat
processed_images/6685.jpg,Cat
processed_images/8870.jpg,Cat
processed_images/4092.jpg,Cat
processed_images/3925.jpg,Cat
processed_images/2385.jpg,Cat
processed_images/1854.jpg,Cat
processed_images/318.jpg,Cat
processed_images/8051.jpg,Cat
processed_images/7362.jpg,Cat
processed_images/287.jpg,Cat
processed_images/1713.jpg,Cat
processed_images/5575.jpg,Cat
processed_images/10985.jpg,Cat
processed_images/11443.jpg,Cat
processed_images/3104.jpg,Cat
processed_images/11325.jpg,Cat
processed_images/3662.jpg,Cat
processed_images/5213.jpg,Cat
processed_images/1075.jpg,Cat
processed_images/9429.jpg,Cat
processed_images/8737.jpg,Cat
processed_images/7404.jpg,Cat
processed_images/1061.jpg,Cat
processed_images/8723.jpg,Cat
processed_images/7410.jpg,Cat
processed_images/11331.jpg,Cat
processed_images/3676.jpg,Cat
processed_images/4119.jpg,Cat
processed_images/5207.jpg,Cat
processed_images/2568.jpg,Cat
processed_images/10749.jpg,Cat
processed_images/5561.jpg,Cat
processed_images/10991.jpg,Cat
processed_images/11457.jpg,Cat
processed_images/3110.jpg,Cat
processed_images/8045.jpg,Cat
processed_images/7376.jpg,Cat
processed_images/6068.jpg,Cat
processed_images/1707.jpg,Cat
processed_images/293.jpg,Cat
processed_images/2226.jpg,Cat
processed_images/10761.jpg,Cat
processed_images/5549.jpg,Cat
processed_images/4657.jpg,Cat
processed_images/3138.jpg,Cat
processed_images/12176.jpg,Cat
processed_images/6040.jpg,Cat
processed_images/9373.jpg,Cat
processed_images/1049.jpg,Cat
processed_images/6726.jpg,Cat
processed_images/9415.jpg,Cat
processed_images/7438.jpg,Cat
processed_images/11319.jpg,Cat
processed_images/4131.jpg,Cat
processed_images/3886.jpg,Cat
processed_images/2540.jpg,Cat
processed_images/10007.jpg,Cat
processed_images/4125.jpg,Cat
processed_images/3892.jpg,Cat
processed_images/2554.jpg,Cat
processed_images/10013.jpg,Cat
processed_images/6732.jpg,Cat
processed_images/9401.jpg,Cat
processed_images/12162.jpg,Cat
processed_images/8079.jpg,Cat
processed_images/6054.jpg,Cat
processed_images/9367.jpg,Cat
processed_images/2232.jpg,Cat
processed_images/10775.jpg,Cat
processed_images/4643.jpg,Cat
processed_images/10946.jpg,Cat
processed_images/11480.jpg,Cat
processed_images/4870.jpg,Cat
processed_images/244.jpg,Cat
processed_images/12189.jpg,Cat
processed_images/1908.jpg,Cat
processed_images/8092.jpg,Cat
processed_images/6901.jpg,Cat
processed_images/522.jpg,Cat
processed_images/3879.jpg,Cat
processed_images/6915.jpg,Cat
processed_images/8938.jpg,Cat
processed_images/536.jpg,Cat
processed_images/9398.jpg,Cat
processed_images/250.jpg,Cat
processed_images/8086.jpg,Cat
processed_images/10952.jpg,Cat
processed_images/11494.jpg,Cat
processed_images/4864.jpg,Cat
processed_images/6083.jpg,Cat
processed_images/278.jpg,Cat
processed_images/1934.jpg,Cat
processed_images/4694.jpg,Cat
processed_images/3845.jpg,Cat
processed_images/2583.jpg,Cat
processed_images/8910.jpg,Cat
processed_images/6929.jpg,Cat
processed_images/8904.jpg,Cat
processed_images/3851.jpg,Cat
processed_images/2597.jpg,Cat
processed_images/3689.jpg,Cat
processed_images/4680.jpg,Cat
processed_images/4858.jpg,Cat
processed_images/6097.jpg,Cat
processed_images/7389.jpg,Cat
processed_images/1920.jpg,Cat
processed_images/7606.jpg,Cat
processed_images/8535.jpg,Cat
processed_images/6518.jpg,Cat
processed_images/1277.jpg,Cat
processed_images/10239.jpg,Cat
processed_images/5011.jpg,Cat
processed_images/3460.jpg,Cat
processed_images/11127.jpg,Cat
processed_images/3306.jpg,Cat
processed_images/11641.jpg,Cat
processed_images/4469.jpg,Cat
processed_images/5777.jpg,Cat
processed_images/11899.jpg,Cat
processed_images/2018.jpg,Cat
processed_images/1511.jpg,Cat
processed_images/7160.jpg,Cat
processed_images/8253.jpg,Cat
processed_images/12348.jpg,Cat
processed_images/1505.jpg,Cat
processed_images/9159.jpg,Cat
processed_images/7174.jpg,Cat
processed_images/8247.jpg,Cat
processed_images/3312.jpg,Cat
processed_images/11655.jpg,Cat
processed_images/5763.jpg,Cat
processed_images/5005.jpg,Cat
processed_images/3474.jpg,Cat
processed_images/11133.jpg,Cat
processed_images/7612.jpg,Cat
processed_images/8521.jpg,Cat
processed_images/1263.jpg,Cat
processed_images/10205.jpg,Cat
processed_images/2742.jpg,Cat
processed_images/4333.jpg,Cat
processed_images/12412.jpg,Cat
processed_images/907.jpg,Cat
processed_images/8509.jpg,Cat
processed_images/9617.jpg,Cat
processed_images/6524.jpg,Cat
processed_images/9171.jpg,Cat
processed_images/6242.jpg,Cat
processed_images/12374.jpg,Cat
processed_images/5993.jpg,Cat
processed_images/4455.jpg,Cat
processed_images/10563.jpg,Cat
processed_images/2024.jpg,Cat
processed_images/11669.jpg,Cat
processed_images/5987.jpg,Cat
processed_images/4441.jpg,Cat
processed_images/10577.jpg,Cat
processed_images/2030.jpg,Cat
processed_images/1539.jpg,Cat
processed_images/9165.jpg,Cat
processed_images/6256.jpg,Cat
processed_images/7148.jpg,Cat
processed_images/12360.jpg,Cat
processed_images/12406.jpg,Cat
processed_images/913.jpg,Cat
processed_images/9603.jpg,Cat
processed_images/6530.jpg,Cat
processed_images/10211.jpg,Cat
processed_images/2756.jpg,Cat
processed_images/5039.jpg,Cat
processed_images/4327.jpg,Cat
processed_images/3448.jpg,Cat
processed_images/2965.jpg,Cat
processed_images/720.jpg,Cat
processed_images/9830.jpg,Cat
processed_images/8290.jpg,Cat
processed_images/11682.jpg,Cat
processed_images/10588.jpg,Cat
processed_images/5978.jpg,Cat
processed_images/11696.jpg,Cat
processed_images/8284.jpg,Cat
processed_images/7809.jpg,Cat
processed_images/734.jpg,Cat
processed_images/9824.jpg,Cat
processed_images/2971.jpg,Cat
processed_images/1288.jpg,Cat
processed_images/7821.jpg,Cat
processed_images/2959.jpg,Cat
processed_images/2781.jpg,Cat
processed_images/11866.jpg,Cat
processed_images/5788.jpg,Cat
processed_images/5950.jpg,Cat
processed_images/4496.jpg,Cat
processed_images/6281.jpg,Cat
processed_images/6295.jpg,Cat
processed_images/11872.jpg,Cat
processed_images/5944.jpg,Cat
processed_images/4482.jpg,Cat
processed_images/2795.jpg,Cat
processed_images/708.jpg,Cat
processed_images/7835.jpg,Cat
processed_images/9818.jpg,Cat
processed_images/4483.jpg,Cat
processed_images/5945.jpg,Cat
processed_images/11873.jpg,Cat
processed_images/6294.jpg,Cat
processed_images/9819.jpg,Cat
processed_images/7834.jpg,Cat
processed_images/709.jpg,Cat
processed_images/2794.jpg,Cat
processed_images/2780.jpg,Cat
processed_images/2958.jpg,Cat
processed_images/7820.jpg,Cat
processed_images/1289.jpg,Cat
processed_images/6280.jpg,Cat
processed_images/4497.jpg,Cat
processed_images/5951.jpg,Cat
processed_images/11867.jpg,Cat
processed_images/5789.jpg,Cat
processed_images/8285.jpg,Cat
processed_images/5979.jpg,Cat
processed_images/11697.jpg,Cat
processed_images/10589.jpg,Cat
processed_images/2970.jpg,Cat
processed_images/9825.jpg,Cat
processed_images/735.jpg,Cat
processed_images/7808.jpg,Cat
processed_images/9831.jpg,Cat
processed_images/721.jpg,Cat
processed_images/2964.jpg,Cat
processed_images/11683.jpg,Cat
processed_images/8291.jpg,Cat
processed_images/12361.jpg,Cat
processed_images/7149.jpg,Cat
processed_images/6257.jpg,Cat
processed_images/9164.jpg,Cat
processed_images/1538.jpg,Cat
processed_images/2031.jpg,Cat
processed_images/10576.jpg,Cat
processed_images/4440.jpg,Cat
processed_images/11668.jpg,Cat
processed_images/5986.jpg,Cat
processed_images/3449.jpg,Cat
processed_images/4326.jpg,Cat
processed_images/5038.jpg,Cat
processed_images/2757.jpg,Cat
processed_images/10210.jpg,Cat
processed_images/6531.jpg,Cat
processed_images/9602.jpg,Cat
processed_images/912.jpg,Cat
processed_images/12407.jpg,Cat
processed_images/6525.jpg,Cat
processed_images/9616.jpg,Cat
processed_images/906.jpg,Cat
processed_images/8508.jpg,Cat
processed_images/12413.jpg,Cat
processed_images/4332.jpg,Cat
processed_images/2743.jpg,Cat
processed_images/10204.jpg,Cat
processed_images/2025.jpg,Cat
processed_images/10562.jpg,Cat
processed_images/4454.jpg,Cat
processed_images/5992.jpg,Cat
processed_images/12375.jpg,Cat
processed_images/6243.jpg,Cat
processed_images/9170.jpg,Cat
processed_images/5762.jpg,Cat
processed_images/11654.jpg,Cat
processed_images/3313.jpg,Cat
processed_images/8246.jpg,Cat
processed_images/7175.jpg,Cat
processed_images/9158.jpg,Cat
processed_images/1504.jpg,Cat
processed_images/1262.jpg,Cat
processed_images/8520.jpg,Cat
processed_images/7613.jpg,Cat
processed_images/11132.jpg,Cat
processed_images/3475.jpg,Cat
processed_images/5004.jpg,Cat
processed_images/11126.jpg,Cat
processed_images/3461.jpg,Cat
processed_images/5010.jpg,Cat
processed_images/10238.jpg,Cat
processed_images/1276.jpg,Cat
processed_images/6519.jpg,Cat
processed_images/8534.jpg,Cat
processed_images/7607.jpg,Cat
processed_images/12349.jpg,Cat
processed_images/8252.jpg,Cat
processed_images/7161.jpg,Cat
processed_images/1510.jpg,Cat
processed_images/2019.jpg,Cat
processed_images/5776.jpg,Cat
processed_images/11898.jpg,Cat
processed_images/4468.jpg,Cat
processed_images/11640.jpg,Cat
processed_images/3307.jpg,Cat
processed_images/3688.jpg,Cat
processed_images/2596.jpg,Cat
processed_images/3850.jpg,Cat
processed_images/8905.jpg,Cat
processed_images/6928.jpg,Cat
processed_images/1921.jpg,Cat
processed_images/7388.jpg,Cat
processed_images/6096.jpg,Cat
processed_images/4859.jpg,Cat
processed_images/4681.jpg,Cat
processed_images/4695.jpg,Cat
processed_images/1935.jpg,Cat
processed_images/279.jpg,Cat
processed_images/6082.jpg,Cat
processed_images/8911.jpg,Cat
processed_images/2582.jpg,Cat
processed_images/3844.jpg,Cat
processed_images/8939.jpg,Cat
processed_images/537.jpg,Cat
processed_images/6914.jpg,Cat
processed_images/4865.jpg,Cat
processed_images/11495.jpg,Cat
processed_images/10953.jpg,Cat
processed_images/8087.jpg,Cat
processed_images/251.jpg,Cat
processed_images/9399.jpg,Cat
processed_images/1909.jpg,Cat
processed_images/8093.jpg,Cat
processed_images/12188.jpg,Cat
processed_images/245.jpg,Cat
processed_images/4871.jpg,Cat
processed_images/11481.jpg,Cat
processed_images/10947.jpg,Cat
processed_images/3878.jpg,Cat
processed_images/523.jpg,Cat
processed_images/6900.jpg,Cat
processed_images/9400.jpg,Cat
processed_images/6733.jpg,Cat
processed_images/10012.jpg,Cat
processed_images/2555.jpg,Cat
processed_images/3893.jpg,Cat
processed_images/4124.jpg,Cat
processed_images/4642.jpg,Cat
processed_images/10774.jpg,Cat
processed_images/2233.jpg,Cat
processed_images/9366.jpg,Cat
processed_images/6055.jpg,Cat
processed_images/8078.jpg,Cat
processed_images/12163.jpg,Cat
processed_images/9372.jpg,Cat
processed_images/6041.jpg,Cat
processed_images/12177.jpg,Cat
processed_images/3139.jpg,Cat
processed_images/4656.jpg,Cat
processed_images/5548.jpg,Cat
processed_images/10760.jpg,Cat
processed_images/2227.jpg,Cat
processed_images/10006.jpg,Cat
processed_images/2541.jpg,Cat
processed_images/3887.jpg,Cat
processed_images/4130.jpg,Cat
processed_images/11318.jpg,Cat
processed_images/7439.jpg,Cat
processed_images/9414.jpg,Cat
processed_images/6727.jpg,Cat
processed_images/1048.jpg,Cat
processed_images/2569.jpg,Cat
processed_images/5206.jpg,Cat
processed_images/4118.jpg,Cat
processed_images/3677.jpg,Cat
processed_images/11330.jpg,Cat
processed_images/7411.jpg,Cat
processed_images/8722.jpg,Cat
processed_images/1060.jpg,Cat
processed_images/292.jpg,Cat
processed_images/1706.jpg,Cat
processed_images/6069.jpg,Cat
processed_images/7377.jpg,Cat
processed_images/8044.jpg,Cat
processed_images/3111.jpg,Cat
processed_images/11456.jpg,Cat
processed_images/10990.jpg,Cat
processed_images/5560.jpg,Cat
processed_images/10748.jpg,Cat
processed_images/3105.jpg,Cat
processed_images/11442.jpg,Cat
processed_images/10984.jpg,Cat
processed_images/5574.jpg,Cat
processed_images/1712.jpg,Cat
processed_images/286.jpg,Cat
processed_images/7363.jpg,Cat
processed_images/8050.jpg,Cat
processed_images/7405.jpg,Cat
processed_images/8736.jpg,Cat
processed_images/9428.jpg,Cat
processed_images/1074.jpg,Cat
processed_images/5212.jpg,Cat
processed_images/3663.jpg,Cat
processed_images/11324.jpg,Cat
processed_images/3924.jpg,Cat
processed_images/4093.jpg,Cat
processed_images/8871.jpg,Cat
processed_images/6684.jpg,Cat
processed_images/319.jpg,Cat
processed_images/1855.jpg,Cat
processed_images/2384.jpg,Cat
processed_images/4939.jpg,Cat
processed_images/2390.jpg,Cat
processed_images/1699.jpg,Cat
processed_images/1841.jpg,Cat
processed_images/6848.jpg,Cat
processed_images/8865.jpg,Cat
processed_images/6690.jpg,Cat
processed_images/5399.jpg,Cat
processed_images/3930.jpg,Cat
processed_images/4087.jpg,Cat
processed_images/8695.jpg,Cat
processed_images/6860.jpg,Cat
processed_images/443.jpg,Cat
processed_images/3918.jpg,Cat
processed_images/10199.jpg,Cat
processed_images/11287.jpg,Cat
processed_images/10827.jpg,Cat
processed_images/4911.jpg,Cat
processed_images/325.jpg,Cat
processed_images/1869.jpg,Cat
processed_images/331.jpg,Cat
processed_images/10833.jpg,Cat
processed_images/4905.jpg,Cat
processed_images/11293.jpg,Cat
processed_images/8681.jpg,Cat
processed_images/6874.jpg,Cat
processed_images/8859.jpg,Cat
processed_images/457.jpg,Cat
processed_images/1128.jpg,Cat
processed_images/9574.jpg,Cat
processed_images/6647.jpg,Cat
processed_images/7559.jpg,Cat
processed_images/11278.jpg,Cat
processed_images/4050.jpg,Cat
processed_images/10166.jpg,Cat
processed_images/2421.jpg,Cat
processed_images/10600.jpg,Cat
processed_images/2347.jpg,Cat
processed_images/5428.jpg,Cat
processed_images/4736.jpg,Cat
processed_images/3059.jpg,Cat
processed_images/12017.jpg,Cat
processed_images/1896.jpg,Cat
processed_images/9212.jpg,Cat
processed_images/6121.jpg,Cat
processed_images/12003.jpg,Cat
processed_images/1882.jpg,Cat
processed_images/8118.jpg,Cat
processed_images/9206.jpg,Cat
processed_images/6135.jpg,Cat
processed_images/10614.jpg,Cat
processed_images/2353.jpg,Cat
processed_images/4722.jpg,Cat
processed_images/4044.jpg,Cat
processed_images/10172.jpg,Cat
processed_images/2435.jpg,Cat
processed_images/9560.jpg,Cat
processed_images/6653.jpg,Cat
processed_images/3703.jpg,Cat
processed_images/11244.jpg,Cat
processed_images/5372.jpg,Cat
processed_images/480.jpg,Cat
processed_images/1114.jpg,Cat
processed_images/9548.jpg,Cat
processed_images/7565.jpg,Cat
processed_images/8656.jpg,Cat
processed_images/7203.jpg,Cat
processed_images/8130.jpg,Cat
processed_images/1672.jpg,Cat
processed_images/5414.jpg,Cat
processed_images/3065.jpg,Cat
processed_images/11522.jpg,Cat
processed_images/10628.jpg,Cat
processed_images/5400.jpg,Cat
processed_images/3071.jpg,Cat
processed_images/11536.jpg,Cat
processed_images/7217.jpg,Cat
processed_images/8124.jpg,Cat
processed_images/6109.jpg,Cat
processed_images/1666.jpg,Cat
processed_images/1100.jpg,Cat
processed_images/494.jpg,Cat
processed_images/7571.jpg,Cat
processed_images/8642.jpg,Cat
processed_images/3717.jpg,Cat
processed_images/11250.jpg,Cat
processed_images/4078.jpg,Cat
processed_images/5366.jpg,Cat
processed_images/2409.jpg,Cat
processed_images/11907.jpg,Cat
processed_images/2186.jpg,Cat
processed_images/3298.jpg,Cat
processed_images/5831.jpg,Cat
processed_images/6486.jpg,Cat
processed_images/7940.jpg,Cat
processed_images/7798.jpg,Cat
processed_images/2838.jpg,Cat
processed_images/4291.jpg,Cat
processed_images/4285.jpg,Cat
processed_images/6492.jpg,Cat
processed_images/7954.jpg,Cat
processed_images/669.jpg,Cat
processed_images/9979.jpg,Cat
processed_images/11913.jpg,Cat
processed_images/2192.jpg,Cat
processed_images/5825.jpg,Cat
processed_images/127.jpg,Cat
processed_images/2804.jpg,Cat
processed_images/11085.jpg,Cat
processed_images/9789.jpg,Cat
processed_images/641.jpg,Cat
processed_images/9951.jpg,Cat
processed_images/8497.jpg,Cat
processed_images/899.jpg,Cat
processed_images/655.jpg,Cat
processed_images/7968.jpg,Cat
processed_images/9945.jpg,Cat
processed_images/8483.jpg,Cat
processed_images/2810.jpg,Cat
processed_images/11091.jpg,Cat
processed_images/5819.jpg,Cat
processed_images/133.jpg,Cat
processed_images/6323.jpg,Cat
processed_images/9010.jpg,Cat
processed_images/12215.jpg,Cat
processed_images/4534.jpg,Cat
processed_images/2145.jpg,Cat
processed_images/10402.jpg,Cat
processed_images/2623.jpg,Cat
processed_images/10364.jpg,Cat
processed_images/4252.jpg,Cat
processed_images/866.jpg,Cat
processed_images/8468.jpg,Cat
processed_images/26.jpg,Cat
processed_images/6445.jpg,Cat
processed_images/9776.jpg,Cat
processed_images/7983.jpg,Cat
processed_images/872.jpg,Cat
processed_images/6451.jpg,Cat
processed_images/32.jpg,Cat
processed_images/9762.jpg,Cat
processed_images/7997.jpg,Cat
processed_images/2637.jpg,Cat
processed_images/10370.jpg,Cat
processed_images/5158.jpg,Cat
processed_images/4246.jpg,Cat
processed_images/3529.jpg,Cat
processed_images/11708.jpg,Cat
processed_images/4520.jpg,Cat
processed_images/2151.jpg,Cat
processed_images/10416.jpg,Cat
processed_images/1458.jpg,Cat
processed_images/6337.jpg,Cat
processed_images/9004.jpg,Cat
processed_images/7029.jpg,Cat
processed_images/12201.jpg,Cat
processed_images/11720.jpg,Cat
processed_images/3267.jpg,Cat
processed_images/4508.jpg,Cat
processed_images/5616.jpg,Cat
processed_images/2179.jpg,Cat
processed_images/1470.jpg,Cat
processed_images/8332.jpg,Cat
processed_images/7001.jpg,Cat
processed_images/12229.jpg,Cat
processed_images/9992.jpg,Cat
processed_images/8454.jpg,Cat
processed_images/7767.jpg,Cat
processed_images/6479.jpg,Cat
processed_images/1316.jpg,Cat
processed_images/682.jpg,Cat
processed_images/10358.jpg,Cat
processed_images/5170.jpg,Cat
processed_images/11046.jpg,Cat
processed_images/3501.jpg,Cat
processed_images/5164.jpg,Cat
processed_images/11052.jpg,Cat
processed_images/3515.jpg,Cat
processed_images/9986.jpg,Cat
processed_images/8440.jpg,Cat
processed_images/7773.jpg,Cat
processed_images/696.jpg,Cat
processed_images/1302.jpg,Cat
processed_images/1464.jpg,Cat
processed_images/9038.jpg,Cat
processed_images/8326.jpg,Cat
processed_images/7015.jpg,Cat
processed_images/11734.jpg,Cat
processed_images/3273.jpg,Cat
processed_images/5602.jpg,Cat
processed_images/11044.jpg,Cat
processed_images/3503.jpg,Cat
processed_images/5172.jpg,Cat
processed_images/680.jpg,Cat
processed_images/1314.jpg,Cat
processed_images/9748.jpg,Cat
processed_images/18.jpg,Cat
processed_images/8456.jpg,Cat
processed_images/858.jpg,Cat
processed_images/7765.jpg,Cat
processed_images/9990.jpg,Cat
processed_images/8330.jpg,Cat
processed_images/7003.jpg,Cat
processed_images/1472.jpg,Cat
processed_images/5614.jpg,Cat
processed_images/11722.jpg,Cat
processed_images/3265.jpg,Cat
processed_images/10428.jpg,Cat
processed_images/5600.jpg,Cat
processed_images/11736.jpg,Cat
processed_images/3271.jpg,Cat
processed_images/8324.jpg,Cat
processed_images/7017.jpg,Cat
processed_images/6309.jpg,Cat
processed_images/1466.jpg,Cat
processed_images/1300.jpg,Cat
processed_images/694.jpg,Cat
processed_images/8442.jpg,Cat
processed_images/7771.jpg,Cat
processed_images/9984.jpg,Cat
processed_images/11050.jpg,Cat
processed_images/3517.jpg,Cat
processed_images/4278.jpg,Cat
processed_images/5166.jpg,Cat
processed_images/2609.jpg,Cat
processed_images/7981.jpg,Cat
processed_images/1328.jpg,Cat
processed_images/6447.jpg,Cat
processed_images/24.jpg,Cat
processed_images/9774.jpg,Cat
processed_images/7759.jpg,Cat
processed_images/864.jpg,Cat
processed_images/11078.jpg,Cat
processed_images/4250.jpg,Cat
processed_images/2621.jpg,Cat
processed_images/10366.jpg,Cat
processed_images/2147.jpg,Cat
processed_images/10400.jpg,Cat
processed_images/5628.jpg,Cat
processed_images/4536.jpg,Cat
processed_images/3259.jpg,Cat
processed_images/12217.jpg,Cat
processed_images/6321.jpg,Cat
processed_images/9012.jpg,Cat
processed_images/12203.jpg,Cat
processed_images/8318.jpg,Cat
processed_images/6335.jpg,Cat
processed_images/9006.jpg,Cat
processed_images/2153.jpg,Cat
processed_images/10414.jpg,Cat
processed_images/4522.jpg,Cat
processed_images/4244.jpg,Cat
processed_images/2635.jpg,Cat
processed_images/10372.jpg,Cat
processed_images/7995.jpg,Cat
processed_images/30.jpg,Cat
processed_images/6453.jpg,Cat
processed_images/9760.jpg,Cat
processed_images/870.jpg,Cat
processed_images/8495.jpg,Cat
processed_images/9953.jpg,Cat
processed_images/643.jpg,Cat
processed_images/10399.jpg,Cat
processed_images/11087.jpg,Cat
processed_images/2806.jpg,Cat
processed_images/11939.jpg,Cat
processed_images/125.jpg,Cat
processed_images/131.jpg,Cat
processed_images/11093.jpg,Cat
processed_images/2812.jpg,Cat
processed_images/8481.jpg,Cat
processed_images/9947.jpg,Cat
processed_images/657.jpg,Cat
processed_images/4293.jpg,Cat
processed_images/7942.jpg,Cat
processed_images/6484.jpg,Cat
processed_images/119.jpg,Cat
processed_images/5833.jpg,Cat
processed_images/2184.jpg,Cat
processed_images/11905.jpg,Cat
processed_images/5827.jpg,Cat
processed_images/2190.jpg,Cat
processed_images/11911.jpg,Cat
processed_images/1499.jpg,Cat
processed_images/7956.jpg,Cat
processed_images/6490.jpg,Cat
processed_images/5199.jpg,Cat
processed_images/4287.jpg,Cat
processed_images/3067.jpg,Cat
processed_images/11520.jpg,Cat
processed_images/4708.jpg,Cat
processed_images/5416.jpg,Cat
processed_images/2379.jpg,Cat
processed_images/1670.jpg,Cat
processed_images/7201.jpg,Cat
processed_images/8132.jpg,Cat
processed_images/12029.jpg,Cat
processed_images/7567.jpg,Cat
processed_images/8654.jpg,Cat
processed_images/6679.jpg,Cat
processed_images/1116.jpg,Cat
processed_images/482.jpg,Cat
processed_images/10158.jpg,Cat
processed_images/5370.jpg,Cat
processed_images/3701.jpg,Cat
processed_images/11246.jpg,Cat
processed_images/5364.jpg,Cat
processed_images/3715.jpg,Cat
processed_images/11252.jpg,Cat
processed_images/7573.jpg,Cat
processed_images/8640.jpg,Cat
processed_images/8898.jpg,Cat
processed_images/496.jpg,Cat
processed_images/1102.jpg,Cat
processed_images/1664.jpg,Cat
processed_images/9238.jpg,Cat
processed_images/7215.jpg,Cat
processed_images/8126.jpg,Cat
processed_images/3073.jpg,Cat
processed_images/11534.jpg,Cat
processed_images/5402.jpg,Cat
processed_images/9210.jpg,Cat
processed_images/6123.jpg,Cat
processed_images/1894.jpg,Cat
processed_images/12015.jpg,Cat
processed_images/4734.jpg,Cat
processed_images/10602.jpg,Cat
processed_images/2345.jpg,Cat
processed_images/10164.jpg,Cat
processed_images/2423.jpg,Cat
processed_images/4052.jpg,Cat
processed_images/8668.jpg,Cat
processed_images/9576.jpg,Cat
processed_images/6645.jpg,Cat
processed_images/6889.jpg,Cat
processed_images/9562.jpg,Cat
processed_images/6651.jpg,Cat
processed_images/10170.jpg,Cat
processed_images/2437.jpg,Cat
processed_images/5358.jpg,Cat
processed_images/4046.jpg,Cat
processed_images/3729.jpg,Cat
processed_images/11508.jpg,Cat
processed_images/4720.jpg,Cat
processed_images/10616.jpg,Cat
processed_images/2351.jpg,Cat
processed_images/1658.jpg,Cat
processed_images/9204.jpg,Cat
processed_images/6137.jpg,Cat
processed_images/1880.jpg,Cat
processed_images/7229.jpg,Cat
processed_images/12001.jpg,Cat
processed_images/327.jpg,Cat
processed_images/4913.jpg,Cat
processed_images/10825.jpg,Cat
processed_images/11285.jpg,Cat
processed_images/9589.jpg,Cat
processed_images/441.jpg,Cat
processed_images/6862.jpg,Cat
processed_images/8697.jpg,Cat
processed_images/455.jpg,Cat
processed_images/6876.jpg,Cat
processed_images/8683.jpg,Cat
processed_images/11291.jpg,Cat
processed_images/4907.jpg,Cat
processed_images/10831.jpg,Cat
processed_images/333.jpg,Cat
processed_images/2386.jpg,Cat
processed_images/3098.jpg,Cat
processed_images/10819.jpg,Cat
processed_images/1857.jpg,Cat
processed_images/6686.jpg,Cat
processed_images/8873.jpg,Cat
processed_images/7598.jpg,Cat
processed_images/4091.jpg,Cat
processed_images/3926.jpg,Cat
processed_images/4085.jpg,Cat
processed_images/3932.jpg,Cat
processed_images/6692.jpg,Cat
processed_images/469.jpg,Cat
processed_images/8867.jpg,Cat
processed_images/1843.jpg,Cat
processed_images/2392.jpg,Cat
processed_images/5562.jpg,Cat
processed_images/10992.jpg,Cat
processed_images/3113.jpg,Cat
processed_images/11454.jpg,Cat
processed_images/7375.jpg,Cat
processed_images/8046.jpg,Cat
processed_images/9358.jpg,Cat
processed_images/1704.jpg,Cat
processed_images/290.jpg,Cat
processed_images/1062.jpg,Cat
processed_images/7413.jpg,Cat
processed_images/8720.jpg,Cat
processed_images/3675.jpg,Cat
processed_images/11332.jpg,Cat
processed_images/5204.jpg,Cat
processed_images/3661.jpg,Cat
processed_images/11326.jpg,Cat
processed_images/5210.jpg,Cat
processed_images/10038.jpg,Cat
processed_images/1076.jpg,Cat
processed_images/6719.jpg,Cat
processed_images/7407.jpg,Cat
processed_images/8734.jpg,Cat
processed_images/12149.jpg,Cat
processed_images/7361.jpg,Cat
processed_images/8052.jpg,Cat
processed_images/284.jpg,Cat
processed_images/1710.jpg,Cat
processed_images/2219.jpg,Cat
processed_images/5576.jpg,Cat
processed_images/10986.jpg,Cat
processed_images/4668.jpg,Cat
processed_images/3107.jpg,Cat
processed_images/11440.jpg,Cat
processed_images/12161.jpg,Cat
processed_images/7349.jpg,Cat
processed_images/9364.jpg,Cat
processed_images/6057.jpg,Cat
processed_images/1738.jpg,Cat
processed_images/4898.jpg,Cat
processed_images/10776.jpg,Cat
processed_images/2231.jpg,Cat
processed_images/4640.jpg,Cat
processed_images/11468.jpg,Cat
processed_images/3649.jpg,Cat
processed_images/4126.jpg,Cat
processed_images/5238.jpg,Cat
processed_images/3891.jpg,Cat
processed_images/10010.jpg,Cat
processed_images/2557.jpg,Cat
processed_images/9402.jpg,Cat
processed_images/6731.jpg,Cat
processed_images/9416.jpg,Cat
processed_images/6725.jpg,Cat
processed_images/8708.jpg,Cat
processed_images/4132.jpg,Cat
processed_images/3885.jpg,Cat
processed_images/10004.jpg,Cat
processed_images/2543.jpg,Cat
processed_images/10762.jpg,Cat
processed_images/2225.jpg,Cat
processed_images/4654.jpg,Cat
processed_images/12175.jpg,Cat
processed_images/9370.jpg,Cat
processed_images/6043.jpg,Cat
processed_images/253.jpg,Cat
processed_images/8085.jpg,Cat
processed_images/10951.jpg,Cat
processed_images/11497.jpg,Cat
processed_images/10789.jpg,Cat
processed_images/4867.jpg,Cat
processed_images/6916.jpg,Cat
processed_images/535.jpg,Cat
processed_images/6902.jpg,Cat
processed_images/521.jpg,Cat
processed_images/10945.jpg,Cat
processed_images/11483.jpg,Cat
processed_images/4873.jpg,Cat
processed_images/247.jpg,Cat
processed_images/8091.jpg,Cat
processed_images/4683.jpg,Cat
processed_images/6094.jpg,Cat
processed_images/1923.jpg,Cat
processed_images/509.jpg,Cat
processed_images/8907.jpg,Cat
processed_images/3852.jpg,Cat
processed_images/2594.jpg,Cat
processed_images/3846.jpg,Cat
processed_images/2580.jpg,Cat
processed_images/8913.jpg,Cat
processed_images/1089.jpg,Cat
processed_images/6080.jpg,Cat
processed_images/1937.jpg,Cat
processed_images/4697.jpg,Cat
processed_images/10979.jpg,Cat
processed_images/5589.jpg,Cat
processed_images/2769.jpg,Cat
processed_images/5006.jpg,Cat
processed_images/4318.jpg,Cat
processed_images/11130.jpg,Cat
processed_images/3477.jpg,Cat
processed_images/12439.jpg,Cat
processed_images/8522.jpg,Cat
processed_images/7611.jpg,Cat
processed_images/1260.jpg,Cat
processed_images/1506.jpg,Cat
processed_images/6269.jpg,Cat
processed_images/8244.jpg,Cat
processed_images/7177.jpg,Cat
processed_images/11656.jpg,Cat
processed_images/3311.jpg,Cat
processed_images/5760.jpg,Cat
processed_images/10548.jpg,Cat
processed_images/11642.jpg,Cat
processed_images/3305.jpg,Cat
processed_images/5774.jpg,Cat
processed_images/1512.jpg,Cat
processed_images/8250.jpg,Cat
processed_images/7163.jpg,Cat
processed_images/8536.jpg,Cat
processed_images/938.jpg,Cat
processed_images/7605.jpg,Cat
processed_images/9628.jpg,Cat
processed_images/1274.jpg,Cat
processed_images/5012.jpg,Cat
processed_images/11124.jpg,Cat
processed_images/3463.jpg,Cat
processed_images/12405.jpg,Cat
processed_images/910.jpg,Cat
processed_images/6533.jpg,Cat
processed_images/9600.jpg,Cat
processed_images/2755.jpg,Cat
processed_images/10212.jpg,Cat
processed_images/4324.jpg,Cat
processed_images/5984.jpg,Cat
processed_images/4442.jpg,Cat
processed_images/2033.jpg,Cat
processed_images/10574.jpg,Cat
processed_images/6255.jpg,Cat
processed_images/9166.jpg,Cat
processed_images/8278.jpg,Cat
processed_images/12363.jpg,Cat
processed_images/6241.jpg,Cat
processed_images/9172.jpg,Cat
processed_images/12377.jpg,Cat
processed_images/3339.jpg,Cat
processed_images/5990.jpg,Cat
processed_images/4456.jpg,Cat
processed_images/5748.jpg,Cat
processed_images/2027.jpg,Cat
processed_images/10560.jpg,Cat
processed_images/2741.jpg,Cat
processed_images/10206.jpg,Cat
processed_images/2999.jpg,Cat
processed_images/4330.jpg,Cat
processed_images/11118.jpg,Cat
processed_images/12411.jpg,Cat
processed_images/7639.jpg,Cat
processed_images/904.jpg,Cat
processed_images/6527.jpg,Cat
processed_images/9614.jpg,Cat
processed_images/1248.jpg,Cat
processed_images/737.jpg,Cat
processed_images/9827.jpg,Cat
processed_images/2972.jpg,Cat
processed_images/11695.jpg,Cat
processed_images/8287.jpg,Cat
processed_images/9199.jpg,Cat
processed_images/8293.jpg,Cat
processed_images/12388.jpg,Cat
processed_images/11859.jpg,Cat
processed_images/11681.jpg,Cat
processed_images/2966.jpg,Cat
processed_images/723.jpg,Cat
processed_images/9833.jpg,Cat
processed_images/3488.jpg,Cat
processed_images/2796.jpg,Cat
processed_images/7836.jpg,Cat
processed_images/7188.jpg,Cat
processed_images/6296.jpg,Cat
processed_images/11871.jpg,Cat
processed_images/5947.jpg,Cat
processed_images/4481.jpg,Cat
processed_images/11865.jpg,Cat
processed_images/5953.jpg,Cat
processed_images/4495.jpg,Cat
processed_images/6282.jpg,Cat
processed_images/7822.jpg,Cat
processed_images/2782.jpg,Cat
processed_images/6283.jpg,Cat
processed_images/4494.jpg,Cat
processed_images/5952.jpg,Cat
processed_images/11864.jpg,Cat
processed_images/2783.jpg,Cat
processed_images/7823.jpg,Cat
processed_images/7837.jpg,Cat
processed_images/2797.jpg,Cat
processed_images/3489.jpg,Cat
processed_images/4480.jpg,Cat
processed_images/5946.jpg,Cat
processed_images/11870.jpg,Cat
processed_images/6297.jpg,Cat
processed_images/7189.jpg,Cat
processed_images/11680.jpg,Cat
processed_images/11858.jpg,Cat
processed_images/12389.jpg,Cat
processed_images/8292.jpg,Cat
processed_images/9832.jpg,Cat
processed_images/722.jpg,Cat
processed_images/2967.jpg,Cat
processed_images/2973.jpg,Cat
processed_images/9826.jpg,Cat
processed_images/736.jpg,Cat
processed_images/9198.jpg,Cat
processed_images/8286.jpg,Cat
processed_images/11694.jpg,Cat
processed_images/10561.jpg,Cat
processed_images/2026.jpg,Cat
processed_images/5749.jpg,Cat
processed_images/4457.jpg,Cat
processed_images/5991.jpg,Cat
processed_images/3338.jpg,Cat
processed_images/12376.jpg,Cat
processed_images/9173.jpg,Cat
processed_images/6240.jpg,Cat
processed_images/1249.jpg,Cat
processed_images/9615.jpg,Cat
processed_images/6526.jpg,Cat
processed_images/905.jpg,Cat
processed_images/7638.jpg,Cat
processed_images/12410.jpg,Cat
processed_images/11119.jpg,Cat
processed_images/4331.jpg,Cat
processed_images/2998.jpg,Cat
processed_images/10207.jpg,Cat
processed_images/2740.jpg,Cat
processed_images/4325.jpg,Cat
processed_images/10213.jpg,Cat
processed_images/2754.jpg,Cat
processed_images/9601.jpg,Cat
processed_images/6532.jpg,Cat
processed_images/911.jpg,Cat
processed_images/12404.jpg,Cat
processed_images/12362.jpg,Cat
processed_images/8279.jpg,Cat
processed_images/9167.jpg,Cat
processed_images/6254.jpg,Cat
processed_images/10575.jpg,Cat
processed_images/2032.jpg,Cat
processed_images/4443.jpg,Cat
processed_images/5985.jpg,Cat
processed_images/7162.jpg,Cat
processed_images/8251.jpg,Cat
processed_images/1513.jpg,Cat
processed_images/5775.jpg,Cat
processed_images/3304.jpg,Cat
processed_images/11643.jpg,Cat
processed_images/3462.jpg,Cat
processed_images/11125.jpg,Cat
processed_images/5013.jpg,Cat
processed_images/1275.jpg,Cat
processed_images/9629.jpg,Cat
processed_images/7604.jpg,Cat
processed_images/8537.jpg,Cat
processed_images/939.jpg,Cat
processed_images/1261.jpg,Cat
processed_images/7610.jpg,Cat
processed_images/8523.jpg,Cat
processed_images/12438.jpg,Cat
processed_images/3476.jpg,Cat
processed_images/11131.jpg,Cat
processed_images/4319.jpg,Cat
processed_images/5007.jpg,Cat
processed_images/2768.jpg,Cat
processed_images/10549.jpg,Cat
processed_images/5761.jpg,Cat
processed_images/3310.jpg,Cat
processed_images/11657.jpg,Cat
processed_images/7176.jpg,Cat
processed_images/8245.jpg,Cat
processed_images/6268.jpg,Cat
processed_images/1507.jpg,Cat
processed_images/8912.jpg,Cat
processed_images/1088.jpg,Cat
processed_images/2581.jpg,Cat
processed_images/3847.jpg,Cat
processed_images/5588.jpg,Cat
processed_images/4696.jpg,Cat
processed_images/10978.jpg,Cat
processed_images/1936.jpg,Cat
processed_images/6081.jpg,Cat
processed_images/1922.jpg,Cat
processed_images/6095.jpg,Cat
processed_images/4682.jpg,Cat
processed_images/2595.jpg,Cat
processed_images/3853.jpg,Cat
processed_images/508.jpg,Cat
processed_images/8906.jpg,Cat
processed_images/520.jpg,Cat
processed_images/6903.jpg,Cat
processed_images/8090.jpg,Cat
processed_images/246.jpg,Cat
processed_images/4872.jpg,Cat
processed_images/11482.jpg,Cat
processed_images/10944.jpg,Cat
processed_images/10788.jpg,Cat
processed_images/4866.jpg,Cat
processed_images/11496.jpg,Cat
processed_images/10950.jpg,Cat
processed_images/8084.jpg,Cat
processed_images/252.jpg,Cat
processed_images/534.jpg,Cat
processed_images/6917.jpg,Cat
processed_images/2542.jpg,Cat
processed_images/10005.jpg,Cat
processed_images/3884.jpg,Cat
processed_images/4133.jpg,Cat
processed_images/8709.jpg,Cat
processed_images/6724.jpg,Cat
processed_images/9417.jpg,Cat
processed_images/6042.jpg,Cat
processed_images/9371.jpg,Cat
processed_images/12174.jpg,Cat
processed_images/4655.jpg,Cat
processed_images/2224.jpg,Cat
processed_images/10763.jpg,Cat
processed_images/11469.jpg,Cat
processed_images/4641.jpg,Cat
processed_images/2230.jpg,Cat
processed_images/4899.jpg,Cat
processed_images/10777.jpg,Cat
processed_images/1739.jpg,Cat
processed_images/6056.jpg,Cat
processed_images/9365.jpg,Cat
processed_images/7348.jpg,Cat
processed_images/12160.jpg,Cat
processed_images/6730.jpg,Cat
processed_images/9403.jpg,Cat
processed_images/2556.jpg,Cat
processed_images/10011.jpg,Cat
processed_images/3890.jpg,Cat
processed_images/5239.jpg,Cat
processed_images/4127.jpg,Cat
processed_images/3648.jpg,Cat
processed_images/8735.jpg,Cat
processed_images/7406.jpg,Cat
processed_images/6718.jpg,Cat
processed_images/1077.jpg,Cat
processed_images/10039.jpg,Cat
processed_images/5211.jpg,Cat
processed_images/11327.jpg,Cat
processed_images/3660.jpg,Cat
processed_images/11441.jpg,Cat
processed_images/3106.jpg,Cat
processed_images/10987.jpg,Cat
processed_images/4669.jpg,Cat
processed_images/5577.jpg,Cat
processed_images/2218.jpg,Cat
processed_images/1711.jpg,Cat
processed_images/285.jpg,Cat
processed_images/8053.jpg,Cat
processed_images/7360.jpg,Cat
processed_images/12148.jpg,Cat
processed_images/291.jpg,Cat
processed_images/1705.jpg,Cat
processed_images/9359.jpg,Cat
processed_images/8047.jpg,Cat
processed_images/7374.jpg,Cat
processed_images/11455.jpg,Cat
processed_images/3112.jpg,Cat
processed_images/10993.jpg,Cat
processed_images/5563.jpg,Cat
processed_images/5205.jpg,Cat
processed_images/11333.jpg,Cat
processed_images/3674.jpg,Cat
processed_images/8721.jpg,Cat
processed_images/7412.jpg,Cat
processed_images/1063.jpg,Cat
processed_images/468.jpg,Cat
processed_images/8866.jpg,Cat
processed_images/6693.jpg,Cat
processed_images/3933.jpg,Cat
processed_images/4084.jpg,Cat
processed_images/2393.jpg,Cat
processed_images/1842.jpg,Cat
processed_images/1856.jpg,Cat
processed_images/10818.jpg,Cat
processed_images/3099.jpg,Cat
processed_images/2387.jpg,Cat
processed_images/3927.jpg,Cat
processed_images/4090.jpg,Cat
processed_images/7599.jpg,Cat
processed_images/8872.jpg,Cat
processed_images/6687.jpg,Cat
processed_images/11290.jpg,Cat
processed_images/8682.jpg,Cat
processed_images/6877.jpg,Cat
processed_images/454.jpg,Cat
processed_images/332.jpg,Cat
processed_images/10830.jpg,Cat
processed_images/4906.jpg,Cat
processed_images/10824.jpg,Cat
processed_images/4912.jpg,Cat
processed_images/326.jpg,Cat
processed_images/8696.jpg,Cat
processed_images/6863.jpg,Cat
processed_images/440.jpg,Cat
processed_images/9588.jpg,Cat
processed_images/11284.jpg,Cat
processed_images/3728.jpg,Cat
processed_images/4047.jpg,Cat
processed_images/5359.jpg,Cat
processed_images/2436.jpg,Cat
processed_images/10171.jpg,Cat
processed_images/6650.jpg,Cat
processed_images/9563.jpg,Cat
processed_images/6888.jpg,Cat
processed_images/12000.jpg,Cat
processed_images/7228.jpg,Cat
processed_images/1881.jpg,Cat
processed_images/6136.jpg,Cat
processed_images/9205.jpg,Cat
processed_images/1659.jpg,Cat
processed_images/2350.jpg,Cat
processed_images/10617.jpg,Cat
processed_images/4721.jpg,Cat
processed_images/11509.jpg,Cat
processed_images/2344.jpg,Cat
processed_images/10603.jpg,Cat
processed_images/4735.jpg,Cat
processed_images/12014.jpg,Cat
processed_images/1895.jpg,Cat
processed_images/6122.jpg,Cat
processed_images/9211.jpg,Cat
processed_images/6644.jpg,Cat
processed_images/9577.jpg,Cat
processed_images/8669.jpg,Cat
processed_images/4053.jpg,Cat
processed_images/2422.jpg,Cat
processed_images/10165.jpg,Cat
processed_images/8899.jpg,Cat
processed_images/1103.jpg,Cat
processed_images/497.jpg,Cat
processed_images/8641.jpg,Cat
processed_images/7572.jpg,Cat
processed_images/11253.jpg,Cat
processed_images/3714.jpg,Cat
processed_images/5365.jpg,Cat
processed_images/5403.jpg,Cat
processed_images/11535.jpg,Cat
processed_images/3072.jpg,Cat
processed_images/8127.jpg,Cat
processed_images/7214.jpg,Cat
processed_images/9239.jpg,Cat
processed_images/1665.jpg,Cat
processed_images/12028.jpg,Cat
processed_images/8133.jpg,Cat
processed_images/7200.jpg,Cat
processed_images/1671.jpg,Cat
processed_images/2378.jpg,Cat
processed_images/5417.jpg,Cat
processed_images/4709.jpg,Cat
processed_images/11521.jpg,Cat
processed_images/3066.jpg,Cat
processed_images/11247.jpg,Cat
processed_images/3700.jpg,Cat
processed_images/5371.jpg,Cat
processed_images/10159.jpg,Cat
processed_images/483.jpg,Cat
processed_images/1117.jpg,Cat
processed_images/6678.jpg,Cat
processed_images/8655.jpg,Cat
processed_images/7566.jpg,Cat
processed_images/1498.jpg,Cat
processed_images/11910.jpg,Cat
processed_images/2191.jpg,Cat
processed_images/5826.jpg,Cat
processed_images/4286.jpg,Cat
processed_images/5198.jpg,Cat
processed_images/6491.jpg,Cat
processed_images/7957.jpg,Cat
processed_images/6485.jpg,Cat
processed_images/7943.jpg,Cat
processed_images/4292.jpg,Cat
processed_images/11904.jpg,Cat
processed_images/2185.jpg,Cat
processed_images/5832.jpg,Cat
processed_images/118.jpg,Cat
processed_images/130.jpg,Cat
processed_images/656.jpg,Cat
processed_images/9946.jpg,Cat
processed_images/8480.jpg,Cat
processed_images/2813.jpg,Cat
processed_images/11092.jpg,Cat
processed_images/2807.jpg,Cat
processed_images/11086.jpg,Cat
processed_images/10398.jpg,Cat
processed_images/642.jpg,Cat
processed_images/9952.jpg,Cat
processed_images/8494.jpg,Cat
processed_images/124.jpg,Cat
processed_images/11938.jpg,Cat
processed_images/4523.jpg,Cat
processed_images/10415.jpg,Cat
processed_images/2152.jpg,Cat
processed_images/9007.jpg,Cat
processed_images/6334.jpg,Cat
processed_images/8319.jpg,Cat
processed_images/12202.jpg,Cat
processed_images/871.jpg,Cat
processed_images/9761.jpg,Cat
processed_images/31.jpg,Cat
processed_images/6452.jpg,Cat
processed_images/7994.jpg,Cat
processed_images/10373.jpg,Cat
processed_images/2634.jpg,Cat
processed_images/4245.jpg,Cat
processed_images/10367.jpg,Cat
processed_images/2620.jpg,Cat
processed_images/4251.jpg,Cat
processed_images/11079.jpg,Cat
processed_images/865.jpg,Cat
processed_images/7758.jpg,Cat
processed_images/9775.jpg,Cat
processed_images/6446.jpg,Cat
processed_images/25.jpg,Cat
processed_images/1329.jpg,Cat
processed_images/7980.jpg,Cat
processed_images/9013.jpg,Cat
processed_images/6320.jpg,Cat
processed_images/12216.jpg,Cat
processed_images/3258.jpg,Cat
processed_images/4537.jpg,Cat
processed_images/5629.jpg,Cat
processed_images/10401.jpg,Cat
processed_images/2146.jpg,Cat
processed_images/1467.jpg,Cat
processed_images/6308.jpg,Cat
processed_images/7016.jpg,Cat
processed_images/8325.jpg,Cat
processed_images/3270.jpg,Cat
processed_images/11737.jpg,Cat
processed_images/5601.jpg,Cat
processed_images/10429.jpg,Cat
processed_images/2608.jpg,Cat
processed_images/5167.jpg,Cat
processed_images/4279.jpg,Cat
processed_images/3516.jpg,Cat
processed_images/11051.jpg,Cat
processed_images/9985.jpg,Cat
processed_images/7770.jpg,Cat
processed_images/8443.jpg,Cat
processed_images/695.jpg,Cat
processed_images/1301.jpg,Cat
processed_images/9991.jpg,Cat
processed_images/7764.jpg,Cat
processed_images/8457.jpg,Cat
processed_images/859.jpg,Cat
processed_images/19.jpg,Cat
processed_images/9749.jpg,Cat
processed_images/1315.jpg,Cat
processed_images/681.jpg,Cat
processed_images/5173.jpg,Cat
processed_images/3502.jpg,Cat
processed_images/11045.jpg,Cat
processed_images/3264.jpg,Cat
processed_images/11723.jpg,Cat
processed_images/5615.jpg,Cat
processed_images/1473.jpg,Cat
processed_images/7002.jpg,Cat
processed_images/8331.jpg,Cat
processed_images/4236.jpg,Cat
processed_images/3559.jpg,Cat
processed_images/10300.jpg,Cat
processed_images/2647.jpg,Cat
processed_images/5128.jpg,Cat
processed_images/9712.jpg,Cat
processed_images/6421.jpg,Cat
processed_images/42.jpg,Cat
processed_images/802.jpg,Cat
processed_images/7059.jpg,Cat
processed_images/12271.jpg,Cat
processed_images/1428.jpg,Cat
processed_images/9074.jpg,Cat
processed_images/6347.jpg,Cat
processed_images/10466.jpg,Cat
processed_images/2121.jpg,Cat
processed_images/11778.jpg,Cat
processed_images/5896.jpg,Cat
processed_images/4550.jpg,Cat
processed_images/10472.jpg,Cat
processed_images/2135.jpg,Cat
processed_images/4.jpg,Cat
processed_images/5882.jpg,Cat
processed_images/4544.jpg,Cat
processed_images/12265.jpg,Cat
processed_images/9060.jpg,Cat
processed_images/6353.jpg,Cat
processed_images/9706.jpg,Cat
processed_images/56.jpg,Cat
processed_images/6435.jpg,Cat
processed_images/816.jpg,Cat
processed_images/8418.jpg,Cat
processed_images/4222.jpg,Cat
processed_images/10314.jpg,Cat
processed_images/2653.jpg,Cat
processed_images/1372.jpg,Cat
processed_images/7703.jpg,Cat
processed_images/8430.jpg,Cat
processed_images/3565.jpg,Cat
processed_images/11022.jpg,Cat
processed_images/5114.jpg,Cat
processed_images/5672.jpg,Cat
processed_images/3203.jpg,Cat
processed_images/11744.jpg,Cat
processed_images/7065.jpg,Cat
processed_images/8356.jpg,Cat
processed_images/180.jpg,Cat
processed_images/1414.jpg,Cat
processed_images/9048.jpg,Cat
processed_images/7071.jpg,Cat
processed_images/8342.jpg,Cat
processed_images/12259.jpg,Cat
processed_images/1400.jpg,Cat
processed_images/194.jpg,Cat
processed_images/5666.jpg,Cat
processed_images/11988.jpg,Cat
processed_images/2109.jpg,Cat
processed_images/3217.jpg,Cat
processed_images/11750.jpg,Cat
processed_images/4578.jpg,Cat
processed_images/3571.jpg,Cat
processed_images/11036.jpg,Cat
processed_images/10328.jpg,Cat
processed_images/5100.jpg,Cat
processed_images/6409.jpg,Cat
processed_images/1366.jpg,Cat
processed_images/7717.jpg,Cat
processed_images/8424.jpg,Cat
processed_images/9909.jpg,Cat
processed_images/81.jpg,Cat
processed_images/619.jpg,Cat
processed_images/7924.jpg,Cat
processed_images/2684.jpg,Cat
processed_images/5855.jpg,Cat
processed_images/4593.jpg,Cat
processed_images/11963.jpg,Cat
processed_images/6384.jpg,Cat
processed_images/6390.jpg,Cat
processed_images/5841.jpg,Cat
processed_images/4587.jpg,Cat
processed_images/11977.jpg,Cat
processed_images/5699.jpg,Cat
processed_images/2690.jpg,Cat
processed_images/2848.jpg,Cat
processed_images/95.jpg,Cat
processed_images/1399.jpg,Cat
processed_images/7930.jpg,Cat
processed_images/2860.jpg,Cat
processed_images/9935.jpg,Cat
processed_images/7918.jpg,Cat
processed_images/625.jpg,Cat
processed_images/143.jpg,Cat
processed_images/8395.jpg,Cat
processed_images/5869.jpg,Cat
processed_images/11787.jpg,Cat
processed_images/10499.jpg,Cat
processed_images/11793.jpg,Cat
processed_images/157.jpg,Cat
processed_images/8381.jpg,Cat
processed_images/9921.jpg,Cat
processed_images/631.jpg,Cat
processed_images/2874.jpg,Cat
processed_images/4752.jpg,Cat
processed_images/2323.jpg,Cat
processed_images/10664.jpg,Cat
processed_images/6145.jpg,Cat
processed_images/9276.jpg,Cat
processed_images/12073.jpg,Cat
processed_images/8168.jpg,Cat
processed_images/6623.jpg,Cat
processed_images/9510.jpg,Cat
processed_images/3983.jpg,Cat
processed_images/2445.jpg,Cat
processed_images/10102.jpg,Cat
processed_images/4034.jpg,Cat
processed_images/3997.jpg,Cat
processed_images/2451.jpg,Cat
processed_images/10116.jpg,Cat
processed_images/11208.jpg,Cat
processed_images/4020.jpg,Cat
processed_images/7529.jpg,Cat
processed_images/1158.jpg,Cat
processed_images/6637.jpg,Cat
processed_images/9504.jpg,Cat
processed_images/6151.jpg,Cat
processed_images/9262.jpg,Cat
processed_images/12067.jpg,Cat
processed_images/4746.jpg,Cat
processed_images/3029.jpg,Cat
processed_images/2337.jpg,Cat
processed_images/10670.jpg,Cat
processed_images/5458.jpg,Cat
processed_images/6179.jpg,Cat
processed_images/1616.jpg,Cat
processed_images/382.jpg,Cat
processed_images/8154.jpg,Cat
processed_images/7267.jpg,Cat
processed_images/10880.jpg,Cat
processed_images/11546.jpg,Cat
processed_images/3001.jpg,Cat
processed_images/10658.jpg,Cat
processed_images/5470.jpg,Cat
processed_images/5316.jpg,Cat
processed_images/2479.jpg,Cat
processed_images/11220.jpg,Cat
processed_images/3767.jpg,Cat
processed_images/4008.jpg,Cat
processed_images/8632.jpg,Cat
processed_images/7501.jpg,Cat
processed_images/1170.jpg,Cat
processed_images/8626.jpg,Cat
processed_images/7515.jpg,Cat
processed_images/1164.jpg,Cat
processed_images/9538.jpg,Cat
processed_images/5302.jpg,Cat
processed_images/11234.jpg,Cat
processed_images/3773.jpg,Cat
processed_images/10894.jpg,Cat
processed_images/11552.jpg,Cat
processed_images/3015.jpg,Cat
processed_images/5464.jpg,Cat
processed_images/396.jpg,Cat
processed_images/1602.jpg,Cat
processed_images/8140.jpg,Cat
processed_images/7273.jpg,Cat
processed_images/7298.jpg,Cat
processed_images/1831.jpg,Cat
processed_images/6186.jpg,Cat
processed_images/4949.jpg,Cat
processed_images/4791.jpg,Cat
processed_images/3798.jpg,Cat
processed_images/3940.jpg,Cat
processed_images/2486.jpg,Cat
processed_images/8815.jpg,Cat
processed_images/6838.jpg,Cat
processed_images/8801.jpg,Cat
processed_images/3954.jpg,Cat
processed_images/2492.jpg,Cat
processed_images/4785.jpg,Cat
processed_images/1825.jpg,Cat
processed_images/6192.jpg,Cat
processed_images/369.jpg,Cat
processed_images/4975.jpg,Cat
processed_images/10843.jpg,Cat
processed_images/11585.jpg,Cat
processed_images/8197.jpg,Cat
processed_images/9289.jpg,Cat
processed_images/341.jpg,Cat
processed_images/8829.jpg,Cat
processed_images/427.jpg,Cat
processed_images/6804.jpg,Cat
processed_images/3968.jpg,Cat
processed_images/433.jpg,Cat
processed_images/6810.jpg,Cat
processed_images/12098.jpg,Cat
processed_images/1819.jpg,Cat
processed_images/8183.jpg,Cat
processed_images/355.jpg,Cat
processed_images/4961.jpg,Cat
processed_images/10857.jpg,Cat
processed_images/11591.jpg,Cat
processed_images/5538.jpg,Cat
processed_images/2257.jpg,Cat
processed_images/10710.jpg,Cat
processed_images/3149.jpg,Cat
processed_images/4626.jpg,Cat
processed_images/1986.jpg,Cat
processed_images/12107.jpg,Cat
processed_images/6031.jpg,Cat
processed_images/9302.jpg,Cat
processed_images/6757.jpg,Cat
processed_images/9464.jpg,Cat
processed_images/1038.jpg,Cat
processed_images/7449.jpg,Cat
processed_images/4140.jpg,Cat
processed_images/11368.jpg,Cat
processed_images/2531.jpg,Cat
processed_images/10076.jpg,Cat
processed_images/4154.jpg,Cat
processed_images/2525.jpg,Cat
processed_images/10062.jpg,Cat
processed_images/6743.jpg,Cat
processed_images/9470.jpg,Cat
processed_images/1992.jpg,Cat
processed_images/8008.jpg,Cat
processed_images/12113.jpg,Cat
processed_images/6025.jpg,Cat
processed_images/9316.jpg,Cat
processed_images/2243.jpg,Cat
processed_images/10704.jpg,Cat
processed_images/4632.jpg,Cat
processed_images/8020.jpg,Cat
processed_images/7313.jpg,Cat
processed_images/1762.jpg,Cat
processed_images/5504.jpg,Cat
processed_images/11432.jpg,Cat
processed_images/3175.jpg,Cat
processed_images/11354.jpg,Cat
processed_images/3613.jpg,Cat
processed_images/5262.jpg,Cat
processed_images/9458.jpg,Cat
processed_images/1004.jpg,Cat
processed_images/590.jpg,Cat
processed_images/8746.jpg,Cat
processed_images/7475.jpg,Cat
processed_images/584.jpg,Cat
processed_images/1010.jpg,Cat
processed_images/8752.jpg,Cat
processed_images/7461.jpg,Cat
processed_images/4168.jpg,Cat
processed_images/11340.jpg,Cat
processed_images/3607.jpg,Cat
processed_images/2519.jpg,Cat
processed_images/5276.jpg,Cat
processed_images/5510.jpg,Cat
processed_images/10738.jpg,Cat
processed_images/11426.jpg,Cat
processed_images/3161.jpg,Cat
processed_images/8034.jpg,Cat
processed_images/7307.jpg,Cat
processed_images/1776.jpg,Cat
processed_images/6019.jpg,Cat
processed_images/209.jpg,Cat
processed_images/1945.jpg,Cat
processed_images/2294.jpg,Cat
processed_images/3834.jpg,Cat
processed_images/4183.jpg,Cat
processed_images/6794.jpg,Cat
processed_images/8961.jpg,Cat
processed_images/6958.jpg,Cat
processed_images/6780.jpg,Cat
processed_images/8975.jpg,Cat
processed_images/3820.jpg,Cat
processed_images/5289.jpg,Cat
processed_images/4197.jpg,Cat
processed_images/2280.jpg,Cat
processed_images/4829.jpg,Cat
processed_images/1789.jpg,Cat
processed_images/1951.jpg,Cat
processed_images/10937.jpg,Cat
processed_images/4801.jpg,Cat
processed_images/235.jpg,Cat
processed_images/1979.jpg,Cat
processed_images/6970.jpg,Cat
processed_images/8785.jpg,Cat
processed_images/553.jpg,Cat
processed_images/10089.jpg,Cat
processed_images/3808.jpg,Cat
processed_images/11397.jpg,Cat
processed_images/11383.jpg,Cat
processed_images/6964.jpg,Cat
processed_images/8791.jpg,Cat
processed_images/8949.jpg,Cat
processed_images/547.jpg,Cat
processed_images/221.jpg,Cat
processed_images/10923.jpg,Cat
processed_images/4815.jpg,Cat
processed_images/10274.jpg,Cat
processed_images/2733.jpg,Cat
processed_images/4342.jpg,Cat
processed_images/976.jpg,Cat
processed_images/8578.jpg,Cat
processed_images/12463.jpg,Cat
processed_images/7893.jpg,Cat
processed_images/9666.jpg,Cat
processed_images/6555.jpg,Cat
processed_images/9100.jpg,Cat
processed_images/6233.jpg,Cat
processed_images/12305.jpg,Cat
processed_images/4424.jpg,Cat
processed_images/10512.jpg,Cat
processed_images/2055.jpg,Cat
processed_images/4430.jpg,Cat
processed_images/11618.jpg,Cat
processed_images/10506.jpg,Cat
processed_images/2041.jpg,Cat
processed_images/9114.jpg,Cat
processed_images/6227.jpg,Cat
processed_images/1548.jpg,Cat
processed_images/12311.jpg,Cat
processed_images/7139.jpg,Cat
processed_images/962.jpg,Cat
processed_images/12477.jpg,Cat
processed_images/7887.jpg,Cat
processed_images/9672.jpg,Cat
processed_images/6541.jpg,Cat
processed_images/5048.jpg,Cat
processed_images/10260.jpg,Cat
processed_images/2727.jpg,Cat
processed_images/3439.jpg,Cat
processed_images/4356.jpg,Cat
processed_images/7677.jpg,Cat
processed_images/8544.jpg,Cat
processed_images/9882.jpg,Cat
processed_images/792.jpg,Cat
processed_images/1206.jpg,Cat
processed_images/6569.jpg,Cat
processed_images/5060.jpg,Cat
processed_images/10248.jpg,Cat
processed_images/3411.jpg,Cat
processed_images/11156.jpg,Cat
processed_images/4418.jpg,Cat
processed_images/3377.jpg,Cat
processed_images/11630.jpg,Cat
processed_images/2069.jpg,Cat
processed_images/5706.jpg,Cat
processed_images/1560.jpg,Cat
processed_images/12339.jpg,Cat
processed_images/7111.jpg,Cat
processed_images/8222.jpg,Cat
processed_images/9128.jpg,Cat
processed_images/1574.jpg,Cat
processed_images/7105.jpg,Cat
processed_images/8236.jpg,Cat
processed_images/3363.jpg,Cat
processed_images/11624.jpg,Cat
processed_images/5712.jpg,Cat
processed_images/5074.jpg,Cat
processed_images/3405.jpg,Cat
processed_images/11142.jpg,Cat
processed_images/7663.jpg,Cat
processed_images/8550.jpg,Cat
processed_images/9896.jpg,Cat
processed_images/1212.jpg,Cat
processed_images/786.jpg,Cat
processed_images/7850.jpg,Cat
processed_images/6596.jpg,Cat
processed_images/7688.jpg,Cat
processed_images/4381.jpg,Cat
processed_images/2928.jpg,Cat
processed_images/2096.jpg,Cat
processed_images/11817.jpg,Cat
processed_images/5921.jpg,Cat
processed_images/3388.jpg,Cat
processed_images/2082.jpg,Cat
processed_images/11803.jpg,Cat
processed_images/5935.jpg,Cat
processed_images/4395.jpg,Cat
processed_images/779.jpg,Cat
processed_images/7844.jpg,Cat
processed_images/6582.jpg,Cat
processed_images/9869.jpg,Cat
processed_images/11195.jpg,Cat
processed_images/2914.jpg,Cat
processed_images/751.jpg,Cat
processed_images/9699.jpg,Cat
processed_images/8587.jpg,Cat
processed_images/989.jpg,Cat
processed_images/9841.jpg,Cat
processed_images/5909.jpg,Cat
processed_images/7878.jpg,Cat
processed_images/745.jpg,Cat
processed_images/8593.jpg,Cat
processed_images/12488.jpg,Cat
processed_images/9855.jpg,Cat
processed_images/11181.jpg,Cat
processed_images/2900.jpg,Cat
processed_images/5908.jpg,Cat
processed_images/2901.jpg,Cat
processed_images/11180.jpg,Cat
processed_images/9854.jpg,Cat
processed_images/12489.jpg,Cat
processed_images/8592.jpg,Cat
processed_images/744.jpg,Cat
processed_images/7879.jpg,Cat
processed_images/9840.jpg,Cat
processed_images/8586.jpg,Cat
processed_images/988.jpg,Cat
processed_images/9698.jpg,Cat
processed_images/750.jpg,Cat
processed_images/2915.jpg,Cat
processed_images/11194.jpg,Cat
processed_images/5934.jpg,Cat
processed_images/11802.jpg,Cat
processed_images/2083.jpg,Cat
processed_images/9868.jpg,Cat
processed_images/6583.jpg,Cat
processed_images/7845.jpg,Cat
processed_images/778.jpg,Cat
processed_images/4394.jpg,Cat
processed_images/2929.jpg,Cat
processed_images/4380.jpg,Cat
processed_images/7689.jpg,Cat
processed_images/6597.jpg,Cat
processed_images/7851.jpg,Cat
processed_images/3389.jpg,Cat
processed_images/5920.jpg,Cat
processed_images/11816.jpg,Cat
processed_images/2097.jpg,Cat
processed_images/5713.jpg,Cat
processed_images/11625.jpg,Cat
processed_images/3362.jpg,Cat
processed_images/8237.jpg,Cat
processed_images/7104.jpg,Cat
processed_images/1575.jpg,Cat
processed_images/9129.jpg,Cat
processed_images/787.jpg,Cat
processed_images/1213.jpg,Cat
processed_images/9897.jpg,Cat
processed_images/8551.jpg,Cat
processed_images/7662.jpg,Cat
processed_images/11143.jpg,Cat
processed_images/3404.jpg,Cat
processed_images/5075.jpg,Cat
processed_images/11157.jpg,Cat
processed_images/3410.jpg,Cat
processed_images/10249.jpg,Cat
processed_images/5061.jpg,Cat
processed_images/6568.jpg,Cat
processed_images/1207.jpg,Cat
processed_images/793.jpg,Cat
processed_images/9883.jpg,Cat
processed_images/8545.jpg,Cat
processed_images/7676.jpg,Cat
processed_images/8223.jpg,Cat
processed_images/7110.jpg,Cat
processed_images/12338.jpg,Cat
processed_images/1561.jpg,Cat
processed_images/5707.jpg,Cat
processed_images/2068.jpg,Cat
processed_images/11631.jpg,Cat
processed_images/3376.jpg,Cat
processed_images/4419.jpg,Cat
processed_images/7138.jpg,Cat
processed_images/12310.jpg,Cat
processed_images/1549.jpg,Cat
processed_images/6226.jpg,Cat
processed_images/9115.jpg,Cat
processed_images/2040.jpg,Cat
processed_images/10507.jpg,Cat
processed_images/11619.jpg,Cat
processed_images/4431.jpg,Cat
processed_images/4357.jpg,Cat
processed_images/3438.jpg,Cat
processed_images/2726.jpg,Cat
processed_images/10261.jpg,Cat
processed_images/5049.jpg,Cat
processed_images/6540.jpg,Cat
processed_images/9673.jpg,Cat
processed_images/7886.jpg,Cat
processed_images/12476.jpg,Cat
processed_images/963.jpg,Cat
processed_images/6554.jpg,Cat
processed_images/9667.jpg,Cat
processed_images/7892.jpg,Cat
processed_images/12462.jpg,Cat
processed_images/977.jpg,Cat
processed_images/8579.jpg,Cat
processed_images/4343.jpg,Cat
processed_images/2732.jpg,Cat
processed_images/10275.jpg,Cat
processed_images/2054.jpg,Cat
processed_images/10513.jpg,Cat
processed_images/4425.jpg,Cat
processed_images/12304.jpg,Cat
processed_images/6232.jpg,Cat
processed_images/9101.jpg,Cat
processed_images/8948.jpg,Cat
processed_images/546.jpg,Cat
processed_images/8790.jpg,Cat
processed_images/6965.jpg,Cat
processed_images/11382.jpg,Cat
processed_images/4814.jpg,Cat
processed_images/10922.jpg,Cat
processed_images/220.jpg,Cat
processed_images/1978.jpg,Cat
processed_images/234.jpg,Cat
processed_images/4800.jpg,Cat
processed_images/10936.jpg,Cat
processed_images/11396.jpg,Cat
processed_images/3809.jpg,Cat
processed_images/10088.jpg,Cat
processed_images/552.jpg,Cat
processed_images/8784.jpg,Cat
processed_images/6971.jpg,Cat
processed_images/4196.jpg,Cat
processed_images/5288.jpg,Cat
processed_images/3821.jpg,Cat
processed_images/8974.jpg,Cat
processed_images/6781.jpg,Cat
processed_images/6959.jpg,Cat
processed_images/1950.jpg,Cat
processed_images/1788.jpg,Cat
processed_images/4828.jpg,Cat
processed_images/2281.jpg,Cat
processed_images/2295.jpg,Cat
processed_images/1944.jpg,Cat
processed_images/208.jpg,Cat
processed_images/8960.jpg,Cat
processed_images/6795.jpg,Cat
processed_images/4182.jpg,Cat
processed_images/3835.jpg,Cat
processed_images/5277.jpg,Cat
processed_images/2518.jpg,Cat
processed_images/3606.jpg,Cat
processed_images/11341.jpg,Cat
processed_images/4169.jpg,Cat
processed_images/7460.jpg,Cat
processed_images/8753.jpg,Cat
processed_images/1011.jpg,Cat
processed_images/585.jpg,Cat
processed_images/6018.jpg,Cat
processed_images/1777.jpg,Cat
processed_images/7306.jpg,Cat
processed_images/8035.jpg,Cat
processed_images/3160.jpg,Cat
processed_images/11427.jpg,Cat
processed_images/10739.jpg,Cat
processed_images/5511.jpg,Cat
processed_images/3174.jpg,Cat
processed_images/11433.jpg,Cat
processed_images/5505.jpg,Cat
processed_images/1763.jpg,Cat
processed_images/7312.jpg,Cat
processed_images/8021.jpg,Cat
processed_images/7474.jpg,Cat
processed_images/8747.jpg,Cat
processed_images/591.jpg,Cat
processed_images/1005.jpg,Cat
processed_images/9459.jpg,Cat
processed_images/5263.jpg,Cat
processed_images/3612.jpg,Cat
processed_images/11355.jpg,Cat
processed_images/9471.jpg,Cat
processed_images/6742.jpg,Cat
processed_images/10063.jpg,Cat
processed_images/2524.jpg,Cat
processed_images/4155.jpg,Cat
processed_images/4633.jpg,Cat
processed_images/10705.jpg,Cat
processed_images/2242.jpg,Cat
processed_images/9317.jpg,Cat
processed_images/6024.jpg,Cat
processed_images/12112.jpg,Cat
processed_images/1993.jpg,Cat
processed_images/8009.jpg,Cat
processed_images/9303.jpg,Cat
processed_images/6030.jpg,Cat
processed_images/12106.jpg,Cat
processed_images/1987.jpg,Cat
processed_images/4627.jpg,Cat
processed_images/3148.jpg,Cat
processed_images/10711.jpg,Cat
processed_images/2256.jpg,Cat
processed_images/5539.jpg,Cat
processed_images/10077.jpg,Cat
processed_images/2530.jpg,Cat
processed_images/11369.jpg,Cat
processed_images/4141.jpg,Cat
processed_images/7448.jpg,Cat
processed_images/1039.jpg,Cat
processed_images/9465.jpg,Cat
processed_images/6756.jpg,Cat
processed_images/6811.jpg,Cat
processed_images/432.jpg,Cat
processed_images/3969.jpg,Cat
processed_images/11590.jpg,Cat
processed_images/10856.jpg,Cat
processed_images/4960.jpg,Cat
processed_images/354.jpg,Cat
processed_images/1818.jpg,Cat
processed_images/8182.jpg,Cat
processed_images/12099.jpg,Cat
processed_images/340.jpg,Cat
processed_images/9288.jpg,Cat
processed_images/8196.jpg,Cat
processed_images/11584.jpg,Cat
processed_images/10842.jpg,Cat
processed_images/4974.jpg,Cat
processed_images/6805.jpg,Cat
processed_images/8828.jpg,Cat
processed_images/426.jpg,Cat
processed_images/2493.jpg,Cat
processed_images/3955.jpg,Cat
processed_images/8800.jpg,Cat
processed_images/368.jpg,Cat
processed_images/6193.jpg,Cat
processed_images/1824.jpg,Cat
processed_images/4784.jpg,Cat
processed_images/4790.jpg,Cat
processed_images/4948.jpg,Cat
processed_images/6187.jpg,Cat
processed_images/1830.jpg,Cat
processed_images/7299.jpg,Cat
processed_images/6839.jpg,Cat
processed_images/8814.jpg,Cat
processed_images/2487.jpg,Cat
processed_images/3941.jpg,Cat
processed_images/3799.jpg,Cat
processed_images/3772.jpg,Cat
processed_images/11235.jpg,Cat
processed_images/5303.jpg,Cat
processed_images/9539.jpg,Cat
processed_images/1165.jpg,Cat
processed_images/7514.jpg,Cat
processed_images/8627.jpg,Cat
processed_images/7272.jpg,Cat
processed_images/8141.jpg,Cat
processed_images/1603.jpg,Cat
processed_images/397.jpg,Cat
processed_images/5465.jpg,Cat
processed_images/3014.jpg,Cat
processed_images/11553.jpg,Cat
processed_images/10895.jpg,Cat
processed_images/5471.jpg,Cat
processed_images/10659.jpg,Cat
processed_images/3000.jpg,Cat
processed_images/11547.jpg,Cat
processed_images/10881.jpg,Cat
processed_images/7266.jpg,Cat
processed_images/8155.jpg,Cat
processed_images/383.jpg,Cat
processed_images/1617.jpg,Cat
processed_images/6178.jpg,Cat
processed_images/1171.jpg,Cat
processed_images/7500.jpg,Cat
processed_images/8633.jpg,Cat
processed_images/4009.jpg,Cat
processed_images/3766.jpg,Cat
processed_images/11221.jpg,Cat
processed_images/2478.jpg,Cat
processed_images/5317.jpg,Cat
processed_images/9505.jpg,Cat
processed_images/6636.jpg,Cat
processed_images/1159.jpg,Cat
processed_images/7528.jpg,Cat
processed_images/4021.jpg,Cat
processed_images/11209.jpg,Cat
processed_images/10117.jpg,Cat
processed_images/2450.jpg,Cat
processed_images/3996.jpg,Cat
processed_images/5459.jpg,Cat
processed_images/10671.jpg,Cat
processed_images/2336.jpg,Cat
processed_images/3028.jpg,Cat
processed_images/4747.jpg,Cat
processed_images/12066.jpg,Cat
processed_images/9263.jpg,Cat
processed_images/6150.jpg,Cat
processed_images/8169.jpg,Cat
processed_images/12072.jpg,Cat
processed_images/9277.jpg,Cat
processed_images/6144.jpg,Cat
processed_images/10665.jpg,Cat
processed_images/2322.jpg,Cat
processed_images/4753.jpg,Cat
processed_images/4035.jpg,Cat
processed_images/10103.jpg,Cat
processed_images/2444.jpg,Cat
processed_images/3982.jpg,Cat
processed_images/9511.jpg,Cat
processed_images/6622.jpg,Cat
processed_images/8380.jpg,Cat
processed_images/156.jpg,Cat
processed_images/11792.jpg,Cat
processed_images/2875.jpg,Cat
processed_images/630.jpg,Cat
processed_images/9920.jpg,Cat
processed_images/624.jpg,Cat
processed_images/7919.jpg,Cat
processed_images/9934.jpg,Cat
processed_images/2861.jpg,Cat
processed_images/10498.jpg,Cat
processed_images/5868.jpg,Cat
processed_images/11786.jpg,Cat
processed_images/8394.jpg,Cat
processed_images/142.jpg,Cat
processed_images/11976.jpg,Cat
processed_images/5698.jpg,Cat
processed_images/4586.jpg,Cat
processed_images/5840.jpg,Cat
processed_images/6391.jpg,Cat
processed_images/7931.jpg,Cat
processed_images/1398.jpg,Cat
processed_images/94.jpg,Cat
processed_images/2849.jpg,Cat
processed_images/2691.jpg,Cat
processed_images/2685.jpg,Cat
processed_images/7925.jpg,Cat
processed_images/618.jpg,Cat
processed_images/80.jpg,Cat
processed_images/9908.jpg,Cat
processed_images/6385.jpg,Cat
processed_images/11962.jpg,Cat
processed_images/4592.jpg,Cat
processed_images/5854.jpg,Cat
processed_images/4579.jpg,Cat
processed_images/11751.jpg,Cat
processed_images/3216.jpg,Cat
processed_images/2108.jpg,Cat
processed_images/5667.jpg,Cat
processed_images/11989.jpg,Cat
processed_images/195.jpg,Cat
processed_images/1401.jpg,Cat
processed_images/12258.jpg,Cat
processed_images/8343.jpg,Cat
processed_images/7070.jpg,Cat
processed_images/8425.jpg,Cat
processed_images/7716.jpg,Cat
processed_images/1367.jpg,Cat
processed_images/6408.jpg,Cat
processed_images/5101.jpg,Cat
processed_images/10329.jpg,Cat
processed_images/11037.jpg,Cat
processed_images/3570.jpg,Cat
processed_images/5115.jpg,Cat
processed_images/11023.jpg,Cat
processed_images/3564.jpg,Cat
processed_images/8431.jpg,Cat
processed_images/7702.jpg,Cat
processed_images/1373.jpg,Cat
processed_images/9049.jpg,Cat
processed_images/1415.jpg,Cat
processed_images/181.jpg,Cat
processed_images/8357.jpg,Cat
processed_images/7064.jpg,Cat
processed_images/11745.jpg,Cat
processed_images/3202.jpg,Cat
processed_images/5673.jpg,Cat
processed_images/6352.jpg,Cat
processed_images/9061.jpg,Cat
processed_images/12264.jpg,Cat
processed_images/4545.jpg,Cat
processed_images/5883.jpg,Cat
processed_images/5.jpg,Cat
processed_images/2134.jpg,Cat
processed_images/10473.jpg,Cat
processed_images/2652.jpg,Cat
processed_images/10315.jpg,Cat
processed_images/4223.jpg,Cat
processed_images/817.jpg,Cat
processed_images/8419.jpg,Cat
processed_images/57.jpg,Cat
processed_images/6434.jpg,Cat
processed_images/9707.jpg,Cat
processed_images/803.jpg,Cat
processed_images/6420.jpg,Cat
processed_images/43.jpg,Cat
processed_images/9713.jpg,Cat
processed_images/5129.jpg,Cat
processed_images/2646.jpg,Cat
processed_images/10301.jpg,Cat
processed_images/3558.jpg,Cat
processed_images/4237.jpg,Cat
processed_images/4551.jpg,Cat
processed_images/11779.jpg,Cat
processed_images/5897.jpg,Cat
processed_images/2120.jpg,Cat
processed_images/10467.jpg,Cat
processed_images/6346.jpg,Cat
processed_images/9075.jpg,Cat
processed_images/1429.jpg,Cat
processed_images/12270.jpg,Cat
processed_images/7058.jpg,Cat
processed_images/6436.jpg,Cat
processed_images/55.jpg,Cat
processed_images/9705.jpg,Cat
processed_images/1359.jpg,Cat
processed_images/7728.jpg,Cat
processed_images/815.jpg,Cat
processed_images/2888.jpg,Cat
processed_images/4221.jpg,Cat
processed_images/11009.jpg,Cat
processed_images/2650.jpg,Cat
processed_images/10317.jpg,Cat
processed_images/5659.jpg,Cat
processed_images/2136.jpg,Cat
processed_images/10471.jpg,Cat
processed_images/3228.jpg,Cat
processed_images/7.jpg,Cat
processed_images/5881.jpg,Cat
processed_images/4547.jpg,Cat
processed_images/12266.jpg,Cat
processed_images/6350.jpg,Cat
processed_images/9063.jpg,Cat
processed_images/8369.jpg,Cat
processed_images/12272.jpg,Cat
processed_images/6344.jpg,Cat
processed_images/9077.jpg,Cat
processed_images/2122.jpg,Cat
processed_images/10465.jpg,Cat
processed_images/5895.jpg,Cat
processed_images/4553.jpg,Cat
processed_images/4235.jpg,Cat
processed_images/2644.jpg,Cat
processed_images/10303.jpg,Cat
processed_images/41.jpg,Cat
processed_images/6422.jpg,Cat
processed_images/9711.jpg,Cat
processed_images/801.jpg,Cat
processed_images/11035.jpg,Cat
processed_images/3572.jpg,Cat
processed_images/5103.jpg,Cat
processed_images/9739.jpg,Cat
processed_images/69.jpg,Cat
processed_images/1365.jpg,Cat
processed_images/8427.jpg,Cat
processed_images/829.jpg,Cat
processed_images/7714.jpg,Cat
processed_images/8341.jpg,Cat
processed_images/7072.jpg,Cat
processed_images/1403.jpg,Cat
processed_images/197.jpg,Cat
processed_images/5665.jpg,Cat
processed_images/11753.jpg,Cat
processed_images/3214.jpg,Cat
processed_images/5671.jpg,Cat
processed_images/10459.jpg,Cat
processed_images/11747.jpg,Cat
processed_images/3200.jpg,Cat
processed_images/8355.jpg,Cat
processed_images/7066.jpg,Cat
processed_images/183.jpg,Cat
processed_images/1417.jpg,Cat
processed_images/6378.jpg,Cat
processed_images/1371.jpg,Cat
processed_images/8433.jpg,Cat
processed_images/7700.jpg,Cat
processed_images/4209.jpg,Cat
processed_images/11021.jpg,Cat
processed_images/3566.jpg,Cat
processed_images/2678.jpg,Cat
processed_images/5117.jpg,Cat
processed_images/2693.jpg,Cat
processed_images/96.jpg,Cat
processed_images/7933.jpg,Cat
processed_images/168.jpg,Cat
processed_images/6393.jpg,Cat
processed_images/5842.jpg,Cat
processed_images/4584.jpg,Cat
processed_images/11974.jpg,Cat
processed_images/5856.jpg,Cat
processed_images/4590.jpg,Cat
processed_images/11960.jpg,Cat
processed_images/6387.jpg,Cat
processed_images/7099.jpg,Cat
processed_images/82.jpg,Cat
processed_images/7927.jpg,Cat
processed_images/2687.jpg,Cat
processed_images/3599.jpg,Cat
processed_images/9922.jpg,Cat
processed_images/632.jpg,Cat
processed_images/2877.jpg,Cat
processed_images/11790.jpg,Cat
processed_images/11948.jpg,Cat
processed_images/154.jpg,Cat
processed_images/8382.jpg,Cat
processed_images/12299.jpg,Cat
processed_images/140.jpg,Cat
processed_images/9088.jpg,Cat
processed_images/8396.jpg,Cat
processed_images/11784.jpg,Cat
processed_images/2863.jpg,Cat
processed_images/9936.jpg,Cat
processed_images/626.jpg,Cat
processed_images/9261.jpg,Cat
processed_images/6152.jpg,Cat
processed_images/12064.jpg,Cat
processed_images/4745.jpg,Cat
processed_images/10673.jpg,Cat
processed_images/2334.jpg,Cat
processed_images/3994.jpg,Cat
processed_images/10115.jpg,Cat
processed_images/2452.jpg,Cat
processed_images/4023.jpg,Cat
processed_images/8619.jpg,Cat
processed_images/9507.jpg,Cat
processed_images/6634.jpg,Cat
processed_images/9513.jpg,Cat
processed_images/6620.jpg,Cat
processed_images/5329.jpg,Cat
processed_images/3980.jpg,Cat
processed_images/10101.jpg,Cat
processed_images/2446.jpg,Cat
processed_images/3758.jpg,Cat
processed_images/4037.jpg,Cat
processed_images/4751.jpg,Cat
processed_images/11579.jpg,Cat
processed_images/4989.jpg,Cat
processed_images/10667.jpg,Cat
processed_images/2320.jpg,Cat
processed_images/9275.jpg,Cat
processed_images/6146.jpg,Cat
processed_images/1629.jpg,Cat
processed_images/12070.jpg,Cat
processed_images/7258.jpg,Cat
processed_images/10897.jpg,Cat
processed_images/4779.jpg,Cat
processed_images/3016.jpg,Cat
processed_images/11551.jpg,Cat
processed_images/2308.jpg,Cat
processed_images/5467.jpg,Cat
processed_images/395.jpg,Cat
processed_images/1601.jpg,Cat
processed_images/12058.jpg,Cat
processed_images/7270.jpg,Cat
processed_images/8143.jpg,Cat
processed_images/7516.jpg,Cat
processed_images/8625.jpg,Cat
processed_images/1167.jpg,Cat
processed_images/6608.jpg,Cat
processed_images/5301.jpg,Cat
processed_images/10129.jpg,Cat
processed_images/3770.jpg,Cat
processed_images/11237.jpg,Cat
processed_images/5315.jpg,Cat
processed_images/3764.jpg,Cat
processed_images/11223.jpg,Cat
processed_images/7502.jpg,Cat
processed_images/8631.jpg,Cat
processed_images/1173.jpg,Cat
processed_images/9249.jpg,Cat
processed_images/1615.jpg,Cat
processed_images/381.jpg,Cat
processed_images/7264.jpg,Cat
processed_images/8157.jpg,Cat
processed_images/10883.jpg,Cat
processed_images/3002.jpg,Cat
processed_images/11545.jpg,Cat
processed_images/5473.jpg,Cat
processed_images/5498.jpg,Cat
processed_images/4786.jpg,Cat
processed_images/10868.jpg,Cat
processed_images/1826.jpg,Cat
processed_images/6191.jpg,Cat
processed_images/8802.jpg,Cat
processed_images/1198.jpg,Cat
processed_images/3957.jpg,Cat
processed_images/2491.jpg,Cat
processed_images/3943.jpg,Cat
processed_images/2485.jpg,Cat
processed_images/418.jpg,Cat
processed_images/8816.jpg,Cat
processed_images/1832.jpg,Cat
processed_images/6185.jpg,Cat
processed_images/4792.jpg,Cat
processed_images/8180.jpg,Cat
processed_images/356.jpg,Cat
processed_images/4962.jpg,Cat
processed_images/10854.jpg,Cat
processed_images/11592.jpg,Cat
processed_images/430.jpg,Cat
processed_images/6813.jpg,Cat
processed_images/424.jpg,Cat
processed_images/6807.jpg,Cat
processed_images/10698.jpg,Cat
processed_images/4976.jpg,Cat
processed_images/10840.jpg,Cat
processed_images/11586.jpg,Cat
processed_images/8194.jpg,Cat
processed_images/342.jpg,Cat
processed_images/1991.jpg,Cat
processed_images/7338.jpg,Cat
processed_images/12110.jpg,Cat
processed_images/1749.jpg,Cat
processed_images/9315.jpg,Cat
processed_images/6026.jpg,Cat
processed_images/10707.jpg,Cat
processed_images/2240.jpg,Cat
processed_images/11419.jpg,Cat
processed_images/4631.jpg,Cat
processed_images/4157.jpg,Cat
processed_images/3638.jpg,Cat
processed_images/10061.jpg,Cat
processed_images/2526.jpg,Cat
processed_images/5249.jpg,Cat
processed_images/9473.jpg,Cat
processed_images/6740.jpg,Cat
processed_images/6998.jpg,Cat
processed_images/9467.jpg,Cat
processed_images/6754.jpg,Cat
processed_images/8779.jpg,Cat
processed_images/4143.jpg,Cat
processed_images/10075.jpg,Cat
processed_images/2532.jpg,Cat
processed_images/10713.jpg,Cat
processed_images/2254.jpg,Cat
processed_images/4625.jpg,Cat
processed_images/1985.jpg,Cat
processed_images/12104.jpg,Cat
processed_images/9301.jpg,Cat
processed_images/6032.jpg,Cat
processed_images/5513.jpg,Cat
processed_images/3162.jpg,Cat
processed_images/11425.jpg,Cat
processed_images/7304.jpg,Cat
processed_images/8037.jpg,Cat
processed_images/1775.jpg,Cat
processed_images/9329.jpg,Cat
processed_images/8989.jpg,Cat
processed_images/587.jpg,Cat
processed_images/1013.jpg,Cat
processed_images/7462.jpg,Cat
processed_images/8751.jpg,Cat
processed_images/3604.jpg,Cat
processed_images/11343.jpg,Cat
processed_images/5275.jpg,Cat
processed_images/3610.jpg,Cat
processed_images/11357.jpg,Cat
processed_images/10049.jpg,Cat
processed_images/5261.jpg,Cat
processed_images/6768.jpg,Cat
processed_images/1007.jpg,Cat
processed_images/593.jpg,Cat
processed_images/7476.jpg,Cat
processed_images/8745.jpg,Cat
processed_images/7310.jpg,Cat
processed_images/8023.jpg,Cat
processed_images/12138.jpg,Cat
processed_images/1761.jpg,Cat
processed_images/5507.jpg,Cat
processed_images/2268.jpg,Cat
processed_images/3176.jpg,Cat
processed_images/11431.jpg,Cat
processed_images/4619.jpg,Cat
processed_images/2283.jpg,Cat
processed_images/1952.jpg,Cat
processed_images/6783.jpg,Cat
processed_images/578.jpg,Cat
processed_images/8976.jpg,Cat
processed_images/3823.jpg,Cat
processed_images/4194.jpg,Cat
processed_images/3837.jpg,Cat
processed_images/4180.jpg,Cat
processed_images/7489.jpg,Cat
processed_images/6797.jpg,Cat
processed_images/8962.jpg,Cat
processed_images/1946.jpg,Cat
processed_images/3189.jpg,Cat
processed_images/10908.jpg,Cat
processed_images/2297.jpg,Cat
processed_images/222.jpg,Cat
processed_images/10920.jpg,Cat
processed_images/4816.jpg,Cat
processed_images/11380.jpg,Cat
processed_images/6967.jpg,Cat
processed_images/8792.jpg,Cat
processed_images/544.jpg,Cat
processed_images/6973.jpg,Cat
processed_images/8786.jpg,Cat
processed_images/9498.jpg,Cat
processed_images/550.jpg,Cat
processed_images/11394.jpg,Cat
processed_images/10934.jpg,Cat
processed_images/4802.jpg,Cat
processed_images/236.jpg,Cat
processed_images/961.jpg,Cat
processed_images/12474.jpg,Cat
processed_images/7884.jpg,Cat
processed_images/6542.jpg,Cat
processed_images/9671.jpg,Cat
processed_images/2724.jpg,Cat
processed_images/10263.jpg,Cat
processed_images/4355.jpg,Cat
processed_images/4433.jpg,Cat
processed_images/2042.jpg,Cat
processed_images/10505.jpg,Cat
processed_images/6224.jpg,Cat
processed_images/9117.jpg,Cat
processed_images/12312.jpg,Cat
processed_images/8209.jpg,Cat
processed_images/6230.jpg,Cat
processed_images/9103.jpg,Cat
processed_images/12306.jpg,Cat
processed_images/4427.jpg,Cat
processed_images/3348.jpg,Cat
processed_images/2056.jpg,Cat
processed_images/10511.jpg,Cat
processed_images/5739.jpg,Cat
processed_images/2730.jpg,Cat
processed_images/10277.jpg,Cat
processed_images/11169.jpg,Cat
processed_images/4341.jpg,Cat
processed_images/7648.jpg,Cat
processed_images/975.jpg,Cat
processed_images/12460.jpg,Cat
processed_images/7890.jpg,Cat
processed_images/1239.jpg,Cat
processed_images/6556.jpg,Cat
processed_images/9665.jpg,Cat
processed_images/5077.jpg,Cat
processed_images/2718.jpg,Cat
processed_images/11141.jpg,Cat
processed_images/3406.jpg,Cat
processed_images/4369.jpg,Cat
processed_images/8553.jpg,Cat
processed_images/7660.jpg,Cat
processed_images/9895.jpg,Cat
processed_images/12448.jpg,Cat
processed_images/1211.jpg,Cat
processed_images/785.jpg,Cat
processed_images/6218.jpg,Cat
processed_images/1577.jpg,Cat
processed_images/8235.jpg,Cat
processed_images/7106.jpg,Cat
processed_images/11627.jpg,Cat
processed_images/3360.jpg,Cat
processed_images/10539.jpg,Cat
processed_images/5711.jpg,Cat
processed_images/11633.jpg,Cat
processed_images/3374.jpg,Cat
processed_images/5705.jpg,Cat
processed_images/1563.jpg,Cat
processed_images/8221.jpg,Cat
processed_images/7112.jpg,Cat
processed_images/8547.jpg,Cat
processed_images/949.jpg,Cat
processed_images/7674.jpg,Cat
processed_images/9881.jpg,Cat
processed_images/791.jpg,Cat
processed_images/1205.jpg,Cat
processed_images/9659.jpg,Cat
processed_images/5063.jpg,Cat
processed_images/11155.jpg,Cat
processed_images/3412.jpg,Cat
processed_images/4396.jpg,Cat
processed_images/5088.jpg,Cat
processed_images/7847.jpg,Cat
processed_images/6581.jpg,Cat
processed_images/1588.jpg,Cat
processed_images/2081.jpg,Cat
processed_images/11800.jpg,Cat
processed_images/5936.jpg,Cat
processed_images/2095.jpg,Cat
processed_images/11814.jpg,Cat
processed_images/5922.jpg,Cat
processed_images/7853.jpg,Cat
processed_images/6595.jpg,Cat
processed_images/4382.jpg,Cat
processed_images/746.jpg,Cat
processed_images/8590.jpg,Cat
processed_images/9856.jpg,Cat
processed_images/11182.jpg,Cat
processed_images/2903.jpg,Cat
processed_images/11828.jpg,Cat
processed_images/11196.jpg,Cat
processed_images/2917.jpg,Cat
processed_images/10288.jpg,Cat
processed_images/752.jpg,Cat
processed_images/8584.jpg,Cat
processed_images/9842.jpg,Cat
processed_images/11829.jpg,Cat
processed_images/9843.jpg,Cat
processed_images/8585.jpg,Cat
processed_images/753.jpg,Cat
processed_images/10289.jpg,Cat
processed_images/2916.jpg,Cat
processed_images/11197.jpg,Cat
processed_images/2902.jpg,Cat
processed_images/11183.jpg,Cat
processed_images/9857.jpg,Cat
processed_images/8591.jpg,Cat
processed_images/747.jpg,Cat
processed_images/5923.jpg,Cat
processed_images/11815.jpg,Cat
processed_images/2094.jpg,Cat
processed_images/4383.jpg,Cat
processed_images/6594.jpg,Cat
processed_images/7852.jpg,Cat
processed_images/6580.jpg,Cat
processed_images/7846.jpg,Cat
processed_images/5089.jpg,Cat
processed_images/4397.jpg,Cat
processed_images/5937.jpg,Cat
processed_images/11801.jpg,Cat
processed_images/2080.jpg,Cat
processed_images/1589.jpg,Cat
processed_images/7113.jpg,Cat
processed_images/8220.jpg,Cat
processed_images/1562.jpg,Cat
processed_images/5704.jpg,Cat
processed_images/3375.jpg,Cat
processed_images/11632.jpg,Cat
processed_images/3413.jpg,Cat
processed_images/11154.jpg,Cat
processed_images/5062.jpg,Cat
processed_images/9658.jpg,Cat
processed_images/1204.jpg,Cat
processed_images/790.jpg,Cat
processed_images/9880.jpg,Cat
processed_images/7675.jpg,Cat
processed_images/8546.jpg,Cat
processed_images/948.jpg,Cat
processed_images/784.jpg,Cat
processed_images/1210.jpg,Cat
processed_images/12449.jpg,Cat
processed_images/9894.jpg,Cat
processed_images/7661.jpg,Cat
processed_images/8552.jpg,Cat
processed_images/4368.jpg,Cat
processed_images/3407.jpg,Cat
processed_images/11140.jpg,Cat
processed_images/2719.jpg,Cat
processed_images/5076.jpg,Cat
processed_images/5710.jpg,Cat
processed_images/10538.jpg,Cat
processed_images/3361.jpg,Cat
processed_images/11626.jpg,Cat
processed_images/7107.jpg,Cat
processed_images/8234.jpg,Cat
processed_images/1576.jpg,Cat
processed_images/6219.jpg,Cat
processed_images/5738.jpg,Cat
processed_images/10510.jpg,Cat
processed_images/2057.jpg,Cat
processed_images/3349.jpg,Cat
processed_images/4426.jpg,Cat
processed_images/12307.jpg,Cat
processed_images/9102.jpg,Cat
processed_images/6231.jpg,Cat
processed_images/9664.jpg,Cat
processed_images/6557.jpg,Cat
processed_images/1238.jpg,Cat
processed_images/7891.jpg,Cat
processed_images/12461.jpg,Cat
processed_images/974.jpg,Cat
processed_images/7649.jpg,Cat
processed_images/4340.jpg,Cat
processed_images/11168.jpg,Cat
processed_images/10276.jpg,Cat
processed_images/2731.jpg,Cat
processed_images/4354.jpg,Cat
processed_images/10262.jpg,Cat
processed_images/2725.jpg,Cat
processed_images/9670.jpg,Cat
processed_images/6543.jpg,Cat
processed_images/7885.jpg,Cat
processed_images/12475.jpg,Cat
processed_images/960.jpg,Cat
processed_images/8208.jpg,Cat
processed_images/12313.jpg,Cat
processed_images/9116.jpg,Cat
processed_images/6225.jpg,Cat
processed_images/10504.jpg,Cat
processed_images/2043.jpg,Cat
processed_images/4432.jpg,Cat
processed_images/11395.jpg,Cat
processed_images/551.jpg,Cat
processed_images/9499.jpg,Cat
processed_images/8787.jpg,Cat
processed_images/6972.jpg,Cat
processed_images/237.jpg,Cat
processed_images/4803.jpg,Cat
processed_images/10935.jpg,Cat
processed_images/4817.jpg,Cat
processed_images/10921.jpg,Cat
processed_images/223.jpg,Cat
processed_images/545.jpg,Cat
processed_images/8793.jpg,Cat
processed_images/6966.jpg,Cat
processed_images/11381.jpg,Cat
processed_images/8963.jpg,Cat
processed_images/6796.jpg,Cat
processed_images/7488.jpg,Cat
processed_images/4181.jpg,Cat
processed_images/3836.jpg,Cat
processed_images/2296.jpg,Cat
processed_images/10909.jpg,Cat
processed_images/3188.jpg,Cat
processed_images/1947.jpg,Cat
processed_images/1953.jpg,Cat
processed_images/2282.jpg,Cat
processed_images/4195.jpg,Cat
processed_images/3822.jpg,Cat
processed_images/579.jpg,Cat
processed_images/8977.jpg,Cat
processed_images/6782.jpg,Cat
processed_images/8744.jpg,Cat
processed_images/7477.jpg,Cat
processed_images/592.jpg,Cat
processed_images/1006.jpg,Cat
processed_images/6769.jpg,Cat
processed_images/5260.jpg,Cat
processed_images/10048.jpg,Cat
processed_images/11356.jpg,Cat
processed_images/3611.jpg,Cat
processed_images/4618.jpg,Cat
processed_images/11430.jpg,Cat
processed_images/3177.jpg,Cat
processed_images/2269.jpg,Cat
processed_images/5506.jpg,Cat
processed_images/1760.jpg,Cat
processed_images/12139.jpg,Cat
processed_images/8022.jpg,Cat
processed_images/7311.jpg,Cat
processed_images/9328.jpg,Cat
processed_images/1774.jpg,Cat
processed_images/8036.jpg,Cat
processed_images/7305.jpg,Cat
processed_images/11424.jpg,Cat
processed_images/3163.jpg,Cat
processed_images/5512.jpg,Cat
processed_images/5274.jpg,Cat
processed_images/11342.jpg,Cat
processed_images/3605.jpg,Cat
processed_images/8750.jpg,Cat
processed_images/7463.jpg,Cat
processed_images/8988.jpg,Cat
processed_images/1012.jpg,Cat
processed_images/586.jpg,Cat
processed_images/2533.jpg,Cat
processed_images/10074.jpg,Cat
processed_images/4142.jpg,Cat
processed_images/8778.jpg,Cat
processed_images/6755.jpg,Cat
processed_images/9466.jpg,Cat
processed_images/6033.jpg,Cat
processed_images/9300.jpg,Cat
processed_images/12105.jpg,Cat
processed_images/1984.jpg,Cat
processed_images/4624.jpg,Cat
processed_images/2255.jpg,Cat
processed_images/10712.jpg,Cat
processed_images/4630.jpg,Cat
processed_images/11418.jpg,Cat
processed_images/2241.jpg,Cat
processed_images/10706.jpg,Cat
processed_images/6027.jpg,Cat
processed_images/9314.jpg,Cat
processed_images/1748.jpg,Cat
processed_images/12111.jpg,Cat
processed_images/7339.jpg,Cat
processed_images/1990.jpg,Cat
processed_images/6999.jpg,Cat
processed_images/6741.jpg,Cat
processed_images/9472.jpg,Cat
processed_images/5248.jpg,Cat
processed_images/2527.jpg,Cat
processed_images/10060.jpg,Cat
processed_images/3639.jpg,Cat
processed_images/4156.jpg,Cat
processed_images/6806.jpg,Cat
processed_images/425.jpg,Cat
processed_images/343.jpg,Cat
processed_images/8195.jpg,Cat
processed_images/11587.jpg,Cat
processed_images/10841.jpg,Cat
processed_images/10699.jpg,Cat
processed_images/4977.jpg,Cat
processed_images/11593.jpg,Cat
processed_images/10855.jpg,Cat
processed_images/4963.jpg,Cat
processed_images/357.jpg,Cat
processed_images/8181.jpg,Cat
processed_images/6812.jpg,Cat
processed_images/431.jpg,Cat
processed_images/419.jpg,Cat
processed_images/8817.jpg,Cat
processed_images/2484.jpg,Cat
processed_images/3942.jpg,Cat
processed_images/4793.jpg,Cat
processed_images/6184.jpg,Cat
processed_images/1833.jpg,Cat
processed_images/6190.jpg,Cat
processed_images/1827.jpg,Cat
processed_images/4787.jpg,Cat
processed_images/10869.jpg,Cat
processed_images/5499.jpg,Cat
processed_images/2490.jpg,Cat
processed_images/3956.jpg,Cat
processed_images/8803.jpg,Cat
processed_images/1199.jpg,Cat
processed_images/1172.jpg,Cat
processed_images/8630.jpg,Cat
processed_images/7503.jpg,Cat
processed_images/11222.jpg,Cat
processed_images/3765.jpg,Cat
processed_images/5314.jpg,Cat
processed_images/5472.jpg,Cat
processed_images/11544.jpg,Cat
processed_images/3003.jpg,Cat
processed_images/10882.jpg,Cat
processed_images/8156.jpg,Cat
processed_images/7265.jpg,Cat
processed_images/380.jpg,Cat
processed_images/1614.jpg,Cat
processed_images/9248.jpg,Cat
processed_images/8142.jpg,Cat
processed_images/7271.jpg,Cat
processed_images/12059.jpg,Cat
processed_images/1600.jpg,Cat
processed_images/394.jpg,Cat
processed_images/5466.jpg,Cat
processed_images/2309.jpg,Cat
processed_images/11550.jpg,Cat
processed_images/3017.jpg,Cat
processed_images/10896.jpg,Cat
processed_images/4778.jpg,Cat
processed_images/11236.jpg,Cat
processed_images/3771.jpg,Cat
processed_images/10128.jpg,Cat
processed_images/5300.jpg,Cat
processed_images/6609.jpg,Cat
processed_images/1166.jpg,Cat
processed_images/8624.jpg,Cat
processed_images/7517.jpg,Cat
processed_images/4036.jpg,Cat
processed_images/3759.jpg,Cat
processed_images/2447.jpg,Cat
processed_images/10100.jpg,Cat
processed_images/3981.jpg,Cat
processed_images/5328.jpg,Cat
processed_images/6621.jpg,Cat
processed_images/9512.jpg,Cat
processed_images/7259.jpg,Cat
processed_images/12071.jpg,Cat
processed_images/1628.jpg,Cat
processed_images/6147.jpg,Cat
processed_images/9274.jpg,Cat
processed_images/2321.jpg,Cat
processed_images/4988.jpg,Cat
processed_images/10666.jpg,Cat
processed_images/11578.jpg,Cat
processed_images/4750.jpg,Cat
processed_images/2335.jpg,Cat
processed_images/10672.jpg,Cat
processed_images/4744.jpg,Cat
processed_images/12065.jpg,Cat
processed_images/6153.jpg,Cat
processed_images/9260.jpg,Cat
processed_images/6635.jpg,Cat
processed_images/9506.jpg,Cat
processed_images/8618.jpg,Cat
processed_images/4022.jpg,Cat
processed_images/2453.jpg,Cat
processed_images/10114.jpg,Cat
processed_images/3995.jpg,Cat
processed_images/11785.jpg,Cat
processed_images/8397.jpg,Cat
processed_images/9089.jpg,Cat
processed_images/141.jpg,Cat
processed_images/627.jpg,Cat
processed_images/9937.jpg,Cat
processed_images/2862.jpg,Cat
processed_images/2876.jpg,Cat
processed_images/633.jpg,Cat
processed_images/9923.jpg,Cat
processed_images/12298.jpg,Cat
processed_images/8383.jpg,Cat
processed_images/155.jpg,Cat
processed_images/11949.jpg,Cat
processed_images/11791.jpg,Cat
processed_images/7098.jpg,Cat
processed_images/6386.jpg,Cat
processed_images/11961.jpg,Cat
processed_images/4591.jpg,Cat
processed_images/5857.jpg,Cat
processed_images/3598.jpg,Cat
processed_images/2686.jpg,Cat
processed_images/7926.jpg,Cat
processed_images/83.jpg,Cat
processed_images/7932.jpg,Cat
processed_images/97.jpg,Cat
processed_images/2692.jpg,Cat
processed_images/11975.jpg,Cat
processed_images/4585.jpg,Cat
processed_images/5843.jpg,Cat
processed_images/6392.jpg,Cat
processed_images/169.jpg,Cat
processed_images/6379.jpg,Cat
processed_images/1416.jpg,Cat
processed_images/182.jpg,Cat
processed_images/7067.jpg,Cat
processed_images/8354.jpg,Cat
processed_images/3201.jpg,Cat
processed_images/11746.jpg,Cat
processed_images/10458.jpg,Cat
processed_images/5670.jpg,Cat
processed_images/5116.jpg,Cat
processed_images/2679.jpg,Cat
processed_images/3567.jpg,Cat
processed_images/11020.jpg,Cat
processed_images/4208.jpg,Cat
processed_images/7701.jpg,Cat
processed_images/8432.jpg,Cat
processed_images/1370.jpg,Cat
processed_images/7715.jpg,Cat
processed_images/8426.jpg,Cat
processed_images/828.jpg,Cat
processed_images/1364.jpg,Cat
processed_images/68.jpg,Cat
processed_images/9738.jpg,Cat
processed_images/5102.jpg,Cat
processed_images/3573.jpg,Cat
processed_images/11034.jpg,Cat
processed_images/3215.jpg,Cat
processed_images/11752.jpg,Cat
processed_images/5664.jpg,Cat
processed_images/196.jpg,Cat
processed_images/1402.jpg,Cat
processed_images/7073.jpg,Cat
processed_images/8340.jpg,Cat
processed_images/4552.jpg,Cat
processed_images/5894.jpg,Cat
processed_images/10464.jpg,Cat
processed_images/2123.jpg,Cat
processed_images/9076.jpg,Cat
processed_images/6345.jpg,Cat
processed_images/12273.jpg,Cat
processed_images/8368.jpg,Cat
processed_images/800.jpg,Cat
processed_images/9710.jpg,Cat
processed_images/40.jpg,Cat
processed_images/6423.jpg,Cat
processed_images/10302.jpg,Cat
processed_images/2645.jpg,Cat
processed_images/4234.jpg,Cat
processed_images/10316.jpg,Cat
processed_images/2651.jpg,Cat
processed_images/11008.jpg,Cat
processed_images/4220.jpg,Cat
processed_images/2889.jpg,Cat
processed_images/814.jpg,Cat
processed_images/7729.jpg,Cat
processed_images/1358.jpg,Cat
processed_images/9704.jpg,Cat
processed_images/6437.jpg,Cat
processed_images/54.jpg,Cat
processed_images/9062.jpg,Cat
processed_images/6351.jpg,Cat
processed_images/12267.jpg,Cat
processed_images/4546.jpg,Cat
processed_images/5880.jpg,Cat
processed_images/6.jpg,Cat
processed_images/3229.jpg,Cat
processed_images/10470.jpg,Cat
processed_images/2137.jpg,Cat
processed_images/5658.jpg,Cat
processed_images/8344.jpg,Cat
processed_images/7077.jpg,Cat
processed_images/6369.jpg,Cat
processed_images/1406.jpg,Cat
processed_images/192.jpg,Cat
processed_images/10448.jpg,Cat
processed_images/5660.jpg,Cat
processed_images/11756.jpg,Cat
processed_images/3211.jpg,Cat
processed_images/11030.jpg,Cat
processed_images/3577.jpg,Cat
processed_images/4218.jpg,Cat
processed_images/5106.jpg,Cat
processed_images/2669.jpg,Cat
processed_images/1360.jpg,Cat
processed_images/8422.jpg,Cat
processed_images/7711.jpg,Cat
processed_images/1374.jpg,Cat
processed_images/9728.jpg,Cat
processed_images/78.jpg,Cat
processed_images/8436.jpg,Cat
processed_images/838.jpg,Cat
processed_images/7705.jpg,Cat
processed_images/11024.jpg,Cat
processed_images/3563.jpg,Cat
processed_images/5112.jpg,Cat
processed_images/5674.jpg,Cat
processed_images/11742.jpg,Cat
processed_images/3205.jpg,Cat
processed_images/8350.jpg,Cat
processed_images/7063.jpg,Cat
processed_images/186.jpg,Cat
processed_images/1412.jpg,Cat
processed_images/2133.jpg,Cat
processed_images/10474.jpg,Cat
processed_images/4542.jpg,Cat
processed_images/2.jpg,Cat
processed_images/5884.jpg,Cat
processed_images/12263.jpg,Cat
processed_images/8378.jpg,Cat
processed_images/6355.jpg,Cat
processed_images/9066.jpg,Cat
processed_images/50.jpg,Cat
processed_images/6433.jpg,Cat
processed_images/9700.jpg,Cat
processed_images/810.jpg,Cat
processed_images/4224.jpg,Cat
processed_images/2655.jpg,Cat
processed_images/10312.jpg,Cat
processed_images/11018.jpg,Cat
processed_images/2899.jpg,Cat
processed_images/4230.jpg,Cat
processed_images/2641.jpg,Cat
processed_images/10306.jpg,Cat
processed_images/1348.jpg,Cat
processed_images/6427.jpg,Cat
processed_images/44.jpg,Cat
processed_images/9714.jpg,Cat
processed_images/7739.jpg,Cat
processed_images/804.jpg,Cat
processed_images/12277.jpg,Cat
processed_images/6341.jpg,Cat
processed_images/9072.jpg,Cat
processed_images/2127.jpg,Cat
processed_images/10460.jpg,Cat
processed_images/5648.jpg,Cat
processed_images/4556.jpg,Cat
processed_images/3239.jpg,Cat
processed_images/5890.jpg,Cat
processed_images/11795.jpg,Cat
processed_images/9099.jpg,Cat
processed_images/151.jpg,Cat
processed_images/8387.jpg,Cat
processed_images/9927.jpg,Cat
processed_images/637.jpg,Cat
processed_images/2872.jpg,Cat
processed_images/2866.jpg,Cat
processed_images/9933.jpg,Cat
processed_images/623.jpg,Cat
processed_images/145.jpg,Cat
processed_images/12288.jpg,Cat
processed_images/8393.jpg,Cat
processed_images/11781.jpg,Cat
processed_images/11959.jpg,Cat
processed_images/6396.jpg,Cat
processed_images/7088.jpg,Cat
processed_images/4581.jpg,Cat
processed_images/5847.jpg,Cat
processed_images/11971.jpg,Cat
processed_images/2696.jpg,Cat
processed_images/3588.jpg,Cat
processed_images/7936.jpg,Cat
processed_images/93.jpg,Cat
processed_images/7922.jpg,Cat
processed_images/87.jpg,Cat
processed_images/2682.jpg,Cat
processed_images/4595.jpg,Cat
processed_images/5853.jpg,Cat
processed_images/11965.jpg,Cat
processed_images/6382.jpg,Cat
processed_images/179.jpg,Cat
processed_images/7513.jpg,Cat
processed_images/8620.jpg,Cat
processed_images/1162.jpg,Cat
processed_images/5304.jpg,Cat
processed_images/3775.jpg,Cat
processed_images/11232.jpg,Cat
processed_images/3013.jpg,Cat
processed_images/11554.jpg,Cat
processed_images/10892.jpg,Cat
processed_images/5462.jpg,Cat
processed_images/390.jpg,Cat
processed_images/1604.jpg,Cat
processed_images/9258.jpg,Cat
processed_images/7275.jpg,Cat
processed_images/8146.jpg,Cat
processed_images/1610.jpg,Cat
processed_images/384.jpg,Cat
processed_images/7261.jpg,Cat
processed_images/8152.jpg,Cat
processed_images/12049.jpg,Cat
processed_images/3007.jpg,Cat
processed_images/11540.jpg,Cat
processed_images/10886.jpg,Cat
processed_images/4768.jpg,Cat
processed_images/5476.jpg,Cat
processed_images/2319.jpg,Cat
processed_images/10138.jpg,Cat
processed_images/5310.jpg,Cat
processed_images/3761.jpg,Cat
processed_images/11226.jpg,Cat
processed_images/7507.jpg,Cat
processed_images/8634.jpg,Cat
processed_images/6619.jpg,Cat
processed_images/1176.jpg,Cat
processed_images/10110.jpg,Cat
processed_images/2457.jpg,Cat
processed_images/5338.jpg,Cat
processed_images/3991.jpg,Cat
processed_images/4026.jpg,Cat
processed_images/3749.jpg,Cat
processed_images/9502.jpg,Cat
processed_images/6631.jpg,Cat
processed_images/1638.jpg,Cat
processed_images/9264.jpg,Cat
processed_images/6157.jpg,Cat
processed_images/7249.jpg,Cat
processed_images/12061.jpg,Cat
processed_images/11568.jpg,Cat
processed_images/4740.jpg,Cat
processed_images/4998.jpg,Cat
processed_images/10676.jpg,Cat
processed_images/2331.jpg,Cat
processed_images/4754.jpg,Cat
processed_images/10662.jpg,Cat
processed_images/2325.jpg,Cat
processed_images/9270.jpg,Cat
processed_images/6143.jpg,Cat
processed_images/12075.jpg,Cat
processed_images/8608.jpg,Cat
processed_images/9516.jpg,Cat
processed_images/6625.jpg,Cat
processed_images/10104.jpg,Cat
processed_images/2443.jpg,Cat
processed_images/3985.jpg,Cat
processed_images/4032.jpg,Cat
processed_images/435.jpg,Cat
processed_images/6816.jpg,Cat
processed_images/8185.jpg,Cat
processed_images/353.jpg,Cat
processed_images/10689.jpg,Cat
processed_images/4967.jpg,Cat
processed_images/11597.jpg,Cat
processed_images/10851.jpg,Cat
processed_images/4973.jpg,Cat
processed_images/11583.jpg,Cat
processed_images/10845.jpg,Cat
processed_images/8191.jpg,Cat
processed_images/347.jpg,Cat
processed_images/421.jpg,Cat
processed_images/6802.jpg,Cat
processed_images/409.jpg,Cat
processed_images/8807.jpg,Cat
processed_images/2494.jpg,Cat
processed_images/3952.jpg,Cat
processed_images/4783.jpg,Cat
processed_images/1823.jpg,Cat
processed_images/6194.jpg,Cat
processed_images/1837.jpg,Cat
processed_images/6180.jpg,Cat
processed_images/5489.jpg,Cat
processed_images/4797.jpg,Cat
processed_images/10879.jpg,Cat
processed_images/2480.jpg,Cat
processed_images/3946.jpg,Cat
processed_images/8813.jpg,Cat
processed_images/1189.jpg,Cat
processed_images/582.jpg,Cat
processed_images/1016.jpg,Cat
processed_images/6779.jpg,Cat
processed_images/7467.jpg,Cat
processed_images/8754.jpg,Cat
processed_images/3601.jpg,Cat
processed_images/11346.jpg,Cat
processed_images/5270.jpg,Cat
processed_images/10058.jpg,Cat
processed_images/2279.jpg,Cat
processed_images/5516.jpg,Cat
processed_images/4608.jpg,Cat
processed_images/3167.jpg,Cat
processed_images/11420.jpg,Cat
processed_images/12129.jpg,Cat
processed_images/7301.jpg,Cat
processed_images/8032.jpg,Cat
processed_images/1770.jpg,Cat
processed_images/7315.jpg,Cat
processed_images/8026.jpg,Cat
processed_images/9338.jpg,Cat
processed_images/1764.jpg,Cat
processed_images/5502.jpg,Cat
processed_images/3173.jpg,Cat
processed_images/11434.jpg,Cat
processed_images/3615.jpg,Cat
processed_images/11352.jpg,Cat
processed_images/5264.jpg,Cat
processed_images/8998.jpg,Cat
processed_images/1002.jpg,Cat
processed_images/596.jpg,Cat
processed_images/7473.jpg,Cat
processed_images/8740.jpg,Cat
processed_images/4152.jpg,Cat
processed_images/10064.jpg,Cat
processed_images/2523.jpg,Cat
processed_images/9476.jpg,Cat
processed_images/6745.jpg,Cat
processed_images/8768.jpg,Cat
processed_images/12115.jpg,Cat
processed_images/1994.jpg,Cat
processed_images/9310.jpg,Cat
processed_images/6023.jpg,Cat
processed_images/10702.jpg,Cat
processed_images/2245.jpg,Cat
processed_images/4634.jpg,Cat
processed_images/10716.jpg,Cat
processed_images/2251.jpg,Cat
processed_images/4620.jpg,Cat
processed_images/11408.jpg,Cat
processed_images/12101.jpg,Cat
processed_images/1980.jpg,Cat
processed_images/7329.jpg,Cat
processed_images/9304.jpg,Cat
processed_images/6037.jpg,Cat
processed_images/1758.jpg,Cat
processed_images/9462.jpg,Cat
processed_images/6751.jpg,Cat
processed_images/6989.jpg,Cat
processed_images/3629.jpg,Cat
processed_images/4146.jpg,Cat
processed_images/5258.jpg,Cat
processed_images/10070.jpg,Cat
processed_images/2537.jpg,Cat
processed_images/11385.jpg,Cat
processed_images/8797.jpg,Cat
processed_images/6962.jpg,Cat
processed_images/541.jpg,Cat
processed_images/9489.jpg,Cat
processed_images/227.jpg,Cat
processed_images/10925.jpg,Cat
processed_images/4813.jpg,Cat
processed_images/10931.jpg,Cat
processed_images/4807.jpg,Cat
processed_images/233.jpg,Cat
processed_images/8783.jpg,Cat
processed_images/6976.jpg,Cat
processed_images/555.jpg,Cat
processed_images/11391.jpg,Cat
processed_images/7498.jpg,Cat
processed_images/8973.jpg,Cat
processed_images/6786.jpg,Cat
processed_images/3826.jpg,Cat
processed_images/4191.jpg,Cat
processed_images/10919.jpg,Cat
processed_images/3198.jpg,Cat
processed_images/2286.jpg,Cat
processed_images/1957.jpg,Cat
processed_images/1943.jpg,Cat
processed_images/2292.jpg,Cat
processed_images/3832.jpg,Cat
processed_images/4185.jpg,Cat
processed_images/569.jpg,Cat
processed_images/8967.jpg,Cat
processed_images/6792.jpg,Cat
processed_images/1572.jpg,Cat
processed_images/8230.jpg,Cat
processed_images/7103.jpg,Cat
processed_images/11622.jpg,Cat
processed_images/3365.jpg,Cat
processed_images/5714.jpg,Cat
processed_images/5072.jpg,Cat
processed_images/11144.jpg,Cat
processed_images/3403.jpg,Cat
processed_images/9890.jpg,Cat
processed_images/8556.jpg,Cat
processed_images/958.jpg,Cat
processed_images/7665.jpg,Cat
processed_images/9648.jpg,Cat
processed_images/1214.jpg,Cat
processed_images/780.jpg,Cat
processed_images/9884.jpg,Cat
processed_images/12459.jpg,Cat
processed_images/8542.jpg,Cat
processed_images/7671.jpg,Cat
processed_images/794.jpg,Cat
processed_images/1200.jpg,Cat
processed_images/2709.jpg,Cat
processed_images/5066.jpg,Cat
processed_images/4378.jpg,Cat
processed_images/11150.jpg,Cat
processed_images/3417.jpg,Cat
processed_images/11636.jpg,Cat
processed_images/3371.jpg,Cat
processed_images/5700.jpg,Cat
processed_images/10528.jpg,Cat
processed_images/1566.jpg,Cat
processed_images/6209.jpg,Cat
processed_images/8224.jpg,Cat
processed_images/7117.jpg,Cat
processed_images/3359.jpg,Cat
processed_images/4436.jpg,Cat
processed_images/5728.jpg,Cat
processed_images/2047.jpg,Cat
processed_images/10500.jpg,Cat
processed_images/6221.jpg,Cat
processed_images/9112.jpg,Cat
processed_images/12317.jpg,Cat
processed_images/12471.jpg,Cat
processed_images/7659.jpg,Cat
processed_images/964.jpg,Cat
processed_images/6547.jpg,Cat
processed_images/9674.jpg,Cat
processed_images/7881.jpg,Cat
processed_images/1228.jpg,Cat
processed_images/2721.jpg,Cat
processed_images/10266.jpg,Cat
processed_images/4350.jpg,Cat
processed_images/11178.jpg,Cat
processed_images/2735.jpg,Cat
processed_images/10272.jpg,Cat
processed_images/4344.jpg,Cat
processed_images/12465.jpg,Cat
processed_images/970.jpg,Cat
processed_images/6553.jpg,Cat
processed_images/9660.jpg,Cat
processed_images/7895.jpg,Cat
processed_images/6235.jpg,Cat
processed_images/9106.jpg,Cat
processed_images/8218.jpg,Cat
processed_images/12303.jpg,Cat
processed_images/4422.jpg,Cat
processed_images/2053.jpg,Cat
processed_images/10514.jpg,Cat
processed_images/11839.jpg,Cat
processed_images/743.jpg,Cat
processed_images/9853.jpg,Cat
processed_images/8595.jpg,Cat
processed_images/2906.jpg,Cat
processed_images/11187.jpg,Cat
processed_images/10299.jpg,Cat
processed_images/2912.jpg,Cat
processed_images/11193.jpg,Cat
processed_images/757.jpg,Cat
processed_images/9847.jpg,Cat
processed_images/8581.jpg,Cat
processed_images/11805.jpg,Cat
processed_images/2084.jpg,Cat
processed_images/5933.jpg,Cat
processed_images/4393.jpg,Cat
processed_images/6584.jpg,Cat
processed_images/7842.jpg,Cat
processed_images/6590.jpg,Cat
processed_images/7856.jpg,Cat
processed_images/4387.jpg,Cat
processed_images/5099.jpg,Cat
processed_images/11811.jpg,Cat
processed_images/2090.jpg,Cat
processed_images/5927.jpg,Cat
processed_images/1599.jpg,Cat
processed_images/5098.jpg,Cat
processed_images/4386.jpg,Cat
processed_images/7857.jpg,Cat
processed_images/6591.jpg,Cat
processed_images/1598.jpg,Cat
processed_images/5926.jpg,Cat
processed_images/2091.jpg,Cat
processed_images/11810.jpg,Cat
processed_images/5932.jpg,Cat
processed_images/2085.jpg,Cat
processed_images/11804.jpg,Cat
processed_images/7843.jpg,Cat
processed_images/6585.jpg,Cat
processed_images/4392.jpg,Cat
processed_images/8580.jpg,Cat
processed_images/9846.jpg,Cat
processed_images/756.jpg,Cat
processed_images/11192.jpg,Cat
processed_images/2913.jpg,Cat
processed_images/11838.jpg,Cat
processed_images/10298.jpg,Cat
processed_images/11186.jpg,Cat
processed_images/2907.jpg,Cat
processed_images/8594.jpg,Cat
processed_images/9852.jpg,Cat
processed_images/742.jpg,Cat
processed_images/7894.jpg,Cat
processed_images/9661.jpg,Cat
processed_images/6552.jpg,Cat
processed_images/971.jpg,Cat
processed_images/12464.jpg,Cat
processed_images/4345.jpg,Cat
processed_images/10273.jpg,Cat
processed_images/2734.jpg,Cat
processed_images/10515.jpg,Cat
processed_images/2052.jpg,Cat
processed_images/4423.jpg,Cat
processed_images/12302.jpg,Cat
processed_images/8219.jpg,Cat
processed_images/9107.jpg,Cat
processed_images/6234.jpg,Cat
processed_images/12316.jpg,Cat
processed_images/9113.jpg,Cat
processed_images/6220.jpg,Cat
processed_images/10501.jpg,Cat
processed_images/2046.jpg,Cat
processed_images/5729.jpg,Cat
processed_images/4437.jpg,Cat
processed_images/3358.jpg,Cat
processed_images/11179.jpg,Cat
processed_images/4351.jpg,Cat
processed_images/10267.jpg,Cat
processed_images/2720.jpg,Cat
processed_images/1229.jpg,Cat
processed_images/7880.jpg,Cat
processed_images/9675.jpg,Cat
processed_images/6546.jpg,Cat
processed_images/965.jpg,Cat
processed_images/7658.jpg,Cat
processed_images/12470.jpg,Cat
processed_images/3416.jpg,Cat
processed_images/11151.jpg,Cat
processed_images/4379.jpg,Cat
processed_images/5067.jpg,Cat
processed_images/2708.jpg,Cat
processed_images/1201.jpg,Cat
processed_images/795.jpg,Cat
processed_images/7670.jpg,Cat
processed_images/8543.jpg,Cat
processed_images/12458.jpg,Cat
processed_images/9885.jpg,Cat
processed_images/7116.jpg,Cat
processed_images/8225.jpg,Cat
processed_images/6208.jpg,Cat
processed_images/1567.jpg,Cat
processed_images/10529.jpg,Cat
processed_images/5701.jpg,Cat
processed_images/3370.jpg,Cat
processed_images/11637.jpg,Cat
processed_images/5715.jpg,Cat
processed_images/3364.jpg,Cat
processed_images/11623.jpg,Cat
processed_images/7102.jpg,Cat
processed_images/8231.jpg,Cat
processed_images/1573.jpg,Cat
processed_images/781.jpg,Cat
processed_images/1215.jpg,Cat
processed_images/9649.jpg,Cat
processed_images/7664.jpg,Cat
processed_images/8557.jpg,Cat
processed_images/959.jpg,Cat
processed_images/9891.jpg,Cat
processed_images/3402.jpg,Cat
processed_images/11145.jpg,Cat
processed_images/5073.jpg,Cat
processed_images/2293.jpg,Cat
processed_images/1942.jpg,Cat
processed_images/6793.jpg,Cat
processed_images/568.jpg,Cat
processed_images/8966.jpg,Cat
processed_images/4184.jpg,Cat
processed_images/3833.jpg,Cat
processed_images/4190.jpg,Cat
processed_images/3827.jpg,Cat
processed_images/6787.jpg,Cat
processed_images/8972.jpg,Cat
processed_images/7499.jpg,Cat
processed_images/1956.jpg,Cat
processed_images/2287.jpg,Cat
processed_images/3199.jpg,Cat
processed_images/10918.jpg,Cat
processed_images/232.jpg,Cat
processed_images/4806.jpg,Cat
processed_images/10930.jpg,Cat
processed_images/11390.jpg,Cat
processed_images/554.jpg,Cat
processed_images/6977.jpg,Cat
processed_images/8782.jpg,Cat
processed_images/9488.jpg,Cat
processed_images/540.jpg,Cat
processed_images/6963.jpg,Cat
processed_images/8796.jpg,Cat
processed_images/11384.jpg,Cat
processed_images/4812.jpg,Cat
processed_images/10924.jpg,Cat
processed_images/226.jpg,Cat
processed_images/1759.jpg,Cat
processed_images/6036.jpg,Cat
processed_images/9305.jpg,Cat
processed_images/7328.jpg,Cat
processed_images/1981.jpg,Cat
processed_images/12100.jpg,Cat
processed_images/11409.jpg,Cat
processed_images/4621.jpg,Cat
processed_images/2250.jpg,Cat
processed_images/10717.jpg,Cat
processed_images/2536.jpg,Cat
processed_images/10071.jpg,Cat
processed_images/5259.jpg,Cat
processed_images/4147.jpg,Cat
processed_images/3628.jpg,Cat
processed_images/6988.jpg,Cat
processed_images/6750.jpg,Cat
processed_images/9463.jpg,Cat
processed_images/8769.jpg,Cat
processed_images/6744.jpg,Cat
processed_images/9477.jpg,Cat
processed_images/2522.jpg,Cat
processed_images/10065.jpg,Cat
processed_images/4153.jpg,Cat
processed_images/4635.jpg,Cat
processed_images/2244.jpg,Cat
processed_images/10703.jpg,Cat
processed_images/6022.jpg,Cat
processed_images/9311.jpg,Cat
processed_images/1995.jpg,Cat
processed_images/12114.jpg,Cat
processed_images/11435.jpg,Cat
processed_images/3172.jpg,Cat
processed_images/5503.jpg,Cat
processed_images/1765.jpg,Cat
processed_images/9339.jpg,Cat
processed_images/8027.jpg,Cat
processed_images/7314.jpg,Cat
processed_images/8741.jpg,Cat
processed_images/7472.jpg,Cat
processed_images/8999.jpg,Cat
processed_images/597.jpg,Cat
processed_images/1003.jpg,Cat
processed_images/5265.jpg,Cat
processed_images/11353.jpg,Cat
processed_images/3614.jpg,Cat
processed_images/10059.jpg,Cat
processed_images/5271.jpg,Cat
processed_images/11347.jpg,Cat
processed_images/3600.jpg,Cat
processed_images/8755.jpg,Cat
processed_images/7466.jpg,Cat
processed_images/6778.jpg,Cat
processed_images/1017.jpg,Cat
processed_images/583.jpg,Cat
processed_images/1771.jpg,Cat
processed_images/8033.jpg,Cat
processed_images/7300.jpg,Cat
processed_images/12128.jpg,Cat
processed_images/11421.jpg,Cat
processed_images/3166.jpg,Cat
processed_images/4609.jpg,Cat
processed_images/5517.jpg,Cat
processed_images/2278.jpg,Cat
processed_images/4796.jpg,Cat
processed_images/10878.jpg,Cat
processed_images/5488.jpg,Cat
processed_images/6181.jpg,Cat
processed_images/1836.jpg,Cat
processed_images/8812.jpg,Cat
processed_images/1188.jpg,Cat
processed_images/3947.jpg,Cat
processed_images/2481.jpg,Cat
processed_images/3953.jpg,Cat
processed_images/2495.jpg,Cat
processed_images/408.jpg,Cat
processed_images/8806.jpg,Cat
processed_images/6195.jpg,Cat
processed_images/1822.jpg,Cat
processed_images/4782.jpg,Cat
processed_images/346.jpg,Cat
processed_images/8190.jpg,Cat
processed_images/10844.jpg,Cat
processed_images/11582.jpg,Cat
processed_images/4972.jpg,Cat
processed_images/6803.jpg,Cat
processed_images/420.jpg,Cat
processed_images/6817.jpg,Cat
processed_images/434.jpg,Cat
processed_images/10850.jpg,Cat
processed_images/11596.jpg,Cat
processed_images/10688.jpg,Cat
processed_images/4966.jpg,Cat
processed_images/352.jpg,Cat
processed_images/8184.jpg,Cat
processed_images/12074.jpg,Cat
processed_images/6142.jpg,Cat
processed_images/9271.jpg,Cat
processed_images/2324.jpg,Cat
processed_images/10663.jpg,Cat
processed_images/4755.jpg,Cat
processed_images/4033.jpg,Cat
processed_images/3984.jpg,Cat
processed_images/2442.jpg,Cat
processed_images/10105.jpg,Cat
processed_images/6624.jpg,Cat
processed_images/9517.jpg,Cat
processed_images/8609.jpg,Cat
processed_images/6630.jpg,Cat
processed_images/9503.jpg,Cat
processed_images/3748.jpg,Cat
processed_images/4027.jpg,Cat
processed_images/3990.jpg,Cat
processed_images/5339.jpg,Cat
processed_images/2456.jpg,Cat
processed_images/10111.jpg,Cat
processed_images/2330.jpg,Cat
processed_images/4999.jpg,Cat
processed_images/10677.jpg,Cat
processed_images/4741.jpg,Cat
processed_images/11569.jpg,Cat
processed_images/12060.jpg,Cat
processed_images/7248.jpg,Cat
processed_images/6156.jpg,Cat
processed_images/9265.jpg,Cat
processed_images/1639.jpg,Cat
processed_images/2318.jpg,Cat
processed_images/5477.jpg,Cat
processed_images/10887.jpg,Cat
processed_images/4769.jpg,Cat
processed_images/11541.jpg,Cat
processed_images/3006.jpg,Cat
processed_images/12048.jpg,Cat
processed_images/8153.jpg,Cat
processed_images/7260.jpg,Cat
processed_images/385.jpg,Cat
processed_images/1611.jpg,Cat
processed_images/1177.jpg,Cat
processed_images/6618.jpg,Cat
processed_images/8635.jpg,Cat
processed_images/7506.jpg,Cat
processed_images/11227.jpg,Cat
processed_images/3760.jpg,Cat
processed_images/5311.jpg,Cat
processed_images/10139.jpg,Cat
processed_images/11233.jpg,Cat
processed_images/3774.jpg,Cat
processed_images/5305.jpg,Cat
processed_images/1163.jpg,Cat
processed_images/8621.jpg,Cat
processed_images/7512.jpg,Cat
processed_images/8147.jpg,Cat
processed_images/7274.jpg,Cat
processed_images/9259.jpg,Cat
processed_images/1605.jpg,Cat
processed_images/391.jpg,Cat
processed_images/5463.jpg,Cat
processed_images/10893.jpg,Cat
processed_images/11555.jpg,Cat
processed_images/3012.jpg,Cat
processed_images/2683.jpg,Cat
processed_images/86.jpg,Cat
processed_images/7923.jpg,Cat
processed_images/178.jpg,Cat
processed_images/6383.jpg,Cat
processed_images/11964.jpg,Cat
processed_images/5852.jpg,Cat
processed_images/4594.jpg,Cat
processed_images/11970.jpg,Cat
processed_images/5846.jpg,Cat
processed_images/4580.jpg,Cat
processed_images/7089.jpg,Cat
processed_images/6397.jpg,Cat
processed_images/92.jpg,Cat
processed_images/7937.jpg,Cat
processed_images/3589.jpg,Cat
processed_images/2697.jpg,Cat
processed_images/622.jpg,Cat
processed_images/9932.jpg,Cat
processed_images/2867.jpg,Cat
processed_images/11958.jpg,Cat
processed_images/11780.jpg,Cat
processed_images/8392.jpg,Cat
processed_images/12289.jpg,Cat
processed_images/144.jpg,Cat
processed_images/8386.jpg,Cat
processed_images/150.jpg,Cat
processed_images/9098.jpg,Cat
processed_images/11794.jpg,Cat
processed_images/2873.jpg,Cat
processed_images/636.jpg,Cat
processed_images/9926.jpg,Cat
processed_images/805.jpg,Cat
processed_images/7738.jpg,Cat
processed_images/9715.jpg,Cat
processed_images/6426.jpg,Cat
processed_images/45.jpg,Cat
processed_images/1349.jpg,Cat
processed_images/10307.jpg,Cat
processed_images/2640.jpg,Cat
processed_images/4231.jpg,Cat
processed_images/2898.jpg,Cat
processed_images/11019.jpg,Cat
processed_images/5891.jpg,Cat
processed_images/3238.jpg,Cat
processed_images/4557.jpg,Cat
processed_images/5649.jpg,Cat
processed_images/10461.jpg,Cat
processed_images/2126.jpg,Cat
processed_images/9073.jpg,Cat
processed_images/6340.jpg,Cat
processed_images/12276.jpg,Cat
processed_images/9067.jpg,Cat
processed_images/6354.jpg,Cat
processed_images/8379.jpg,Cat
processed_images/12262.jpg,Cat
processed_images/5885.jpg,Cat
processed_images/3.jpg,Cat
processed_images/4543.jpg,Cat
processed_images/10475.jpg,Cat
processed_images/2132.jpg,Cat
processed_images/10313.jpg,Cat
processed_images/2654.jpg,Cat
processed_images/4225.jpg,Cat
processed_images/811.jpg,Cat
processed_images/9701.jpg,Cat
processed_images/51.jpg,Cat
processed_images/6432.jpg,Cat
processed_images/5113.jpg,Cat
processed_images/3562.jpg,Cat
processed_images/11025.jpg,Cat
processed_images/7704.jpg,Cat
processed_images/8437.jpg,Cat
processed_images/839.jpg,Cat
processed_images/79.jpg,Cat
processed_images/9729.jpg,Cat
processed_images/1375.jpg,Cat
processed_images/1413.jpg,Cat
processed_images/187.jpg,Cat
processed_images/7062.jpg,Cat
processed_images/8351.jpg,Cat
processed_images/3204.jpg,Cat
processed_images/11743.jpg,Cat
processed_images/5675.jpg,Cat
processed_images/3210.jpg,Cat
processed_images/11757.jpg,Cat
processed_images/5661.jpg,Cat
processed_images/10449.jpg,Cat
processed_images/193.jpg,Cat
processed_images/1407.jpg,Cat
processed_images/6368.jpg,Cat
processed_images/7076.jpg,Cat
processed_images/8345.jpg,Cat
processed_images/7710.jpg,Cat
processed_images/8423.jpg,Cat
processed_images/1361.jpg,Cat
processed_images/2668.jpg,Cat
processed_images/5107.jpg,Cat
processed_images/4219.jpg,Cat
processed_images/3576.jpg,Cat
processed_images/11031.jpg,Cat
processed_images/2118.jpg,Cat
processed_images/5677.jpg,Cat
processed_images/11999.jpg,Cat
processed_images/4569.jpg,Cat
processed_images/3206.jpg,Cat
processed_images/11741.jpg,Cat
processed_images/12248.jpg,Cat
processed_images/7060.jpg,Cat
processed_images/8353.jpg,Cat
processed_images/185.jpg,Cat
processed_images/1411.jpg,Cat
processed_images/1377.jpg,Cat
processed_images/6418.jpg,Cat
processed_images/7706.jpg,Cat
processed_images/8435.jpg,Cat
processed_images/3560.jpg,Cat
processed_images/11027.jpg,Cat
processed_images/5111.jpg,Cat
processed_images/10339.jpg,Cat
processed_images/3574.jpg,Cat
processed_images/11033.jpg,Cat
processed_images/5105.jpg,Cat
processed_images/1363.jpg,Cat
processed_images/7712.jpg,Cat
processed_images/8421.jpg,Cat
processed_images/7074.jpg,Cat
processed_images/8347.jpg,Cat
processed_images/9059.jpg,Cat
processed_images/1405.jpg,Cat
processed_images/191.jpg,Cat
processed_images/5663.jpg,Cat
processed_images/3212.jpg,Cat
processed_images/11755.jpg,Cat
processed_images/12274.jpg,Cat
processed_images/9071.jpg,Cat
processed_images/6342.jpg,Cat
processed_images/10463.jpg,Cat
processed_images/2124.jpg,Cat
processed_images/4555.jpg,Cat
processed_images/5893.jpg,Cat
processed_images/4233.jpg,Cat
processed_images/10305.jpg,Cat
processed_images/2642.jpg,Cat
processed_images/9717.jpg,Cat
processed_images/47.jpg,Cat
processed_images/6424.jpg,Cat
processed_images/807.jpg,Cat
processed_images/8409.jpg,Cat
processed_images/9703.jpg,Cat
processed_images/6430.jpg,Cat
processed_images/53.jpg,Cat
processed_images/813.jpg,Cat
processed_images/3548.jpg,Cat
processed_images/4227.jpg,Cat
processed_images/5139.jpg,Cat
processed_images/10311.jpg,Cat
processed_images/2656.jpg,Cat
processed_images/10477.jpg,Cat
processed_images/2130.jpg,Cat
processed_images/4541.jpg,Cat
processed_images/11769.jpg,Cat
processed_images/1.jpg,Cat
processed_images/5887.jpg,Cat
processed_images/12260.jpg,Cat
processed_images/7048.jpg,Cat
processed_images/9065.jpg,Cat
processed_images/6356.jpg,Cat
processed_images/1439.jpg,Cat
processed_images/146.jpg,Cat
processed_images/8390.jpg,Cat
processed_images/11782.jpg,Cat
processed_images/2865.jpg,Cat
processed_images/9930.jpg,Cat
processed_images/620.jpg,Cat
processed_images/9924.jpg,Cat
processed_images/7909.jpg,Cat
processed_images/634.jpg,Cat
processed_images/2871.jpg,Cat
processed_images/5878.jpg,Cat
processed_images/11796.jpg,Cat
processed_images/10488.jpg,Cat
processed_images/152.jpg,Cat
processed_images/8384.jpg,Cat
processed_images/4596.jpg,Cat
processed_images/5850.jpg,Cat
processed_images/11966.jpg,Cat
processed_images/5688.jpg,Cat
processed_images/6381.jpg,Cat
processed_images/1388.jpg,Cat
processed_images/7921.jpg,Cat
processed_images/84.jpg,Cat
processed_images/2681.jpg,Cat
processed_images/2859.jpg,Cat
processed_images/2695.jpg,Cat
processed_images/9918.jpg,Cat
processed_images/608.jpg,Cat
processed_images/7935.jpg,Cat
processed_images/90.jpg,Cat
processed_images/6395.jpg,Cat
processed_images/4582.jpg,Cat
processed_images/5844.jpg,Cat
processed_images/11972.jpg,Cat
processed_images/5313.jpg,Cat
processed_images/11225.jpg,Cat
processed_images/3762.jpg,Cat
processed_images/8637.jpg,Cat
processed_images/7504.jpg,Cat
processed_images/9529.jpg,Cat
processed_images/1175.jpg,Cat
processed_images/1613.jpg,Cat
processed_images/387.jpg,Cat
processed_images/8151.jpg,Cat
processed_images/7262.jpg,Cat
processed_images/11543.jpg,Cat
processed_images/3004.jpg,Cat
processed_images/10885.jpg,Cat
processed_images/5475.jpg,Cat
processed_images/11557.jpg,Cat
processed_images/3010.jpg,Cat
processed_images/10891.jpg,Cat
processed_images/5461.jpg,Cat
processed_images/10649.jpg,Cat
processed_images/393.jpg,Cat
processed_images/1607.jpg,Cat
processed_images/6168.jpg,Cat
processed_images/8145.jpg,Cat
processed_images/7276.jpg,Cat
processed_images/8623.jpg,Cat
processed_images/7510.jpg,Cat
processed_images/1161.jpg,Cat
processed_images/2468.jpg,Cat
processed_images/5307.jpg,Cat
processed_images/4019.jpg,Cat
processed_images/11231.jpg,Cat
processed_images/3776.jpg,Cat
processed_images/7538.jpg,Cat
processed_images/6626.jpg,Cat
processed_images/9515.jpg,Cat
processed_images/1149.jpg,Cat
processed_images/2440.jpg,Cat
processed_images/10107.jpg,Cat
processed_images/3986.jpg,Cat
processed_images/4031.jpg,Cat
processed_images/11219.jpg,Cat
processed_images/3038.jpg,Cat
processed_images/4757.jpg,Cat
processed_images/5449.jpg,Cat
processed_images/2326.jpg,Cat
processed_images/10661.jpg,Cat
processed_images/6140.jpg,Cat
processed_images/9273.jpg,Cat
processed_images/12076.jpg,Cat
processed_images/6154.jpg,Cat
processed_images/9267.jpg,Cat
processed_images/8179.jpg,Cat
processed_images/12062.jpg,Cat
processed_images/4743.jpg,Cat
processed_images/2332.jpg,Cat
processed_images/10675.jpg,Cat
processed_images/2454.jpg,Cat
processed_images/10113.jpg,Cat
processed_images/3992.jpg,Cat
processed_images/4025.jpg,Cat
processed_images/6632.jpg,Cat
processed_images/9501.jpg,Cat
processed_images/422.jpg,Cat
processed_images/6801.jpg,Cat
processed_images/3979.jpg,Cat
processed_images/4970.jpg,Cat
processed_images/11580.jpg,Cat
processed_images/10846.jpg,Cat
processed_images/1808.jpg,Cat
processed_images/8192.jpg,Cat
processed_images/12089.jpg,Cat
processed_images/344.jpg,Cat
processed_images/8186.jpg,Cat
processed_images/350.jpg,Cat
processed_images/9298.jpg,Cat
processed_images/4964.jpg,Cat
processed_images/11594.jpg,Cat
processed_images/10852.jpg,Cat
processed_images/8838.jpg,Cat
processed_images/436.jpg,Cat
processed_images/6815.jpg,Cat
processed_images/2483.jpg,Cat
processed_images/3945.jpg,Cat
processed_images/8810.jpg,Cat
processed_images/1834.jpg,Cat
processed_images/378.jpg,Cat
processed_images/6183.jpg,Cat
processed_images/4794.jpg,Cat
processed_images/4958.jpg,Cat
processed_images/4780.jpg,Cat
processed_images/7289.jpg,Cat
processed_images/1820.jpg,Cat
processed_images/6197.jpg,Cat
processed_images/8804.jpg,Cat
processed_images/6829.jpg,Cat
processed_images/3789.jpg,Cat
processed_images/2497.jpg,Cat
processed_images/3951.jpg,Cat
processed_images/11351.jpg,Cat
processed_images/3616.jpg,Cat
processed_images/4179.jpg,Cat
processed_images/5267.jpg,Cat
processed_images/2508.jpg,Cat
processed_images/1001.jpg,Cat
processed_images/595.jpg,Cat
processed_images/8743.jpg,Cat
processed_images/7470.jpg,Cat
processed_images/8025.jpg,Cat
processed_images/7316.jpg,Cat
processed_images/6008.jpg,Cat
processed_images/1767.jpg,Cat
processed_images/10729.jpg,Cat
processed_images/5501.jpg,Cat
processed_images/11437.jpg,Cat
processed_images/3170.jpg,Cat
processed_images/5515.jpg,Cat
processed_images/11423.jpg,Cat
processed_images/3164.jpg,Cat
processed_images/8031.jpg,Cat
processed_images/7302.jpg,Cat
processed_images/1773.jpg,Cat
processed_images/581.jpg,Cat
processed_images/1015.jpg,Cat
processed_images/9449.jpg,Cat
processed_images/8757.jpg,Cat
processed_images/7464.jpg,Cat
processed_images/11345.jpg,Cat
processed_images/3602.jpg,Cat
processed_images/5273.jpg,Cat
processed_images/6752.jpg,Cat
processed_images/9461.jpg,Cat
processed_images/4145.jpg,Cat
processed_images/2534.jpg,Cat
processed_images/10073.jpg,Cat
processed_images/2252.jpg,Cat
processed_images/10715.jpg,Cat
processed_images/4623.jpg,Cat
processed_images/12102.jpg,Cat
processed_images/1983.jpg,Cat
processed_images/8019.jpg,Cat
processed_images/6034.jpg,Cat
processed_images/9307.jpg,Cat
processed_images/12116.jpg,Cat
processed_images/1997.jpg,Cat
processed_images/6020.jpg,Cat
processed_images/9313.jpg,Cat
processed_images/2246.jpg,Cat
processed_images/10701.jpg,Cat
processed_images/5529.jpg,Cat
processed_images/4637.jpg,Cat
processed_images/3158.jpg,Cat
processed_images/11379.jpg,Cat
processed_images/4151.jpg,Cat
processed_images/2520.jpg,Cat
processed_images/10067.jpg,Cat
processed_images/1029.jpg,Cat
processed_images/6746.jpg,Cat
processed_images/9475.jpg,Cat
processed_images/7458.jpg,Cat
processed_images/8780.jpg,Cat
processed_images/6975.jpg,Cat
processed_images/8958.jpg,Cat
processed_images/556.jpg,Cat
processed_images/11392.jpg,Cat
processed_images/10932.jpg,Cat
processed_images/4804.jpg,Cat
processed_images/230.jpg,Cat
processed_images/224.jpg,Cat
processed_images/1968.jpg,Cat
processed_images/10926.jpg,Cat
processed_images/4810.jpg,Cat
processed_images/3819.jpg,Cat
processed_images/10098.jpg,Cat
processed_images/11386.jpg,Cat
processed_images/8794.jpg,Cat
processed_images/6961.jpg,Cat
processed_images/542.jpg,Cat
processed_images/3831.jpg,Cat
processed_images/5298.jpg,Cat
processed_images/4186.jpg,Cat
processed_images/6949.jpg,Cat
processed_images/8964.jpg,Cat
processed_images/6791.jpg,Cat
processed_images/1798.jpg,Cat
processed_images/1940.jpg,Cat
processed_images/2291.jpg,Cat
processed_images/4838.jpg,Cat
processed_images/2285.jpg,Cat
processed_images/218.jpg,Cat
processed_images/1954.jpg,Cat
processed_images/8970.jpg,Cat
processed_images/6785.jpg,Cat
processed_images/3825.jpg,Cat
processed_images/4192.jpg,Cat
processed_images/3372.jpg,Cat
processed_images/11635.jpg,Cat
processed_images/5703.jpg,Cat
processed_images/1565.jpg,Cat
processed_images/9139.jpg,Cat
processed_images/7114.jpg,Cat
processed_images/8227.jpg,Cat
processed_images/9887.jpg,Cat
processed_images/7672.jpg,Cat
processed_images/8541.jpg,Cat
processed_images/797.jpg,Cat
processed_images/1203.jpg,Cat
processed_images/5065.jpg,Cat
processed_images/3414.jpg,Cat
processed_images/11153.jpg,Cat
processed_images/10259.jpg,Cat
processed_images/5071.jpg,Cat
processed_images/3400.jpg,Cat
processed_images/11147.jpg,Cat
processed_images/9893.jpg,Cat
processed_images/7666.jpg,Cat
processed_images/8555.jpg,Cat
processed_images/6578.jpg,Cat
processed_images/1217.jpg,Cat
processed_images/783.jpg,Cat
processed_images/1571.jpg,Cat
processed_images/7100.jpg,Cat
processed_images/8233.jpg,Cat
processed_images/12328.jpg,Cat
processed_images/3366.jpg,Cat
processed_images/11621.jpg,Cat
processed_images/4409.jpg,Cat
processed_images/5717.jpg,Cat
processed_images/2078.jpg,Cat
processed_images/1559.jpg,Cat
processed_images/9105.jpg,Cat
processed_images/6236.jpg,Cat
processed_images/7128.jpg,Cat
processed_images/12300.jpg,Cat
processed_images/11609.jpg,Cat
processed_images/4421.jpg,Cat
processed_images/10517.jpg,Cat
processed_images/2050.jpg,Cat
processed_images/10271.jpg,Cat
processed_images/2736.jpg,Cat
processed_images/5059.jpg,Cat
processed_images/4347.jpg,Cat
processed_images/3428.jpg,Cat
processed_images/12466.jpg,Cat
processed_images/973.jpg,Cat
processed_images/9663.jpg,Cat
processed_images/6550.jpg,Cat
processed_images/7896.jpg,Cat
processed_images/12472.jpg,Cat
processed_images/967.jpg,Cat
processed_images/8569.jpg,Cat
processed_images/9677.jpg,Cat
processed_images/6544.jpg,Cat
processed_images/7882.jpg,Cat
processed_images/10265.jpg,Cat
processed_images/2722.jpg,Cat
processed_images/4353.jpg,Cat
processed_images/4435.jpg,Cat
processed_images/10503.jpg,Cat
processed_images/2044.jpg,Cat
processed_images/9111.jpg,Cat
processed_images/6222.jpg,Cat
processed_images/12314.jpg,Cat
processed_images/5918.jpg,Cat
processed_images/2911.jpg,Cat
processed_images/11190.jpg,Cat
processed_images/7869.jpg,Cat
processed_images/754.jpg,Cat
processed_images/12499.jpg,Cat
processed_images/9844.jpg,Cat
processed_images/8582.jpg,Cat
processed_images/9688.jpg,Cat
processed_images/740.jpg,Cat
processed_images/9850.jpg,Cat
processed_images/8596.jpg,Cat
processed_images/998.jpg,Cat
processed_images/2905.jpg,Cat
processed_images/11184.jpg,Cat
processed_images/11812.jpg,Cat
processed_images/2093.jpg,Cat
processed_images/5924.jpg,Cat
processed_images/6593.jpg,Cat
processed_images/768.jpg,Cat
processed_images/7855.jpg,Cat
processed_images/9878.jpg,Cat
processed_images/4384.jpg,Cat
processed_images/4390.jpg,Cat
processed_images/2939.jpg,Cat
processed_images/6587.jpg,Cat
processed_images/7841.jpg,Cat
processed_images/7699.jpg,Cat
processed_images/11806.jpg,Cat
processed_images/2087.jpg,Cat
processed_images/5930.jpg,Cat
processed_images/3399.jpg,Cat
processed_images/7698.jpg,Cat
processed_images/7840.jpg,Cat
processed_images/6586.jpg,Cat
processed_images/2938.jpg,Cat
processed_images/4391.jpg,Cat
processed_images/3398.jpg,Cat
processed_images/5931.jpg,Cat
processed_images/2086.jpg,Cat
processed_images/11807.jpg,Cat
processed_images/5925.jpg,Cat
processed_images/2092.jpg,Cat
processed_images/11813.jpg,Cat
processed_images/4385.jpg,Cat
processed_images/9879.jpg,Cat
processed_images/7854.jpg,Cat
processed_images/769.jpg,Cat
processed_images/6592.jpg,Cat
processed_images/11185.jpg,Cat
processed_images/2904.jpg,Cat
processed_images/8597.jpg,Cat
processed_images/999.jpg,Cat
processed_images/9851.jpg,Cat
processed_images/741.jpg,Cat
processed_images/9689.jpg,Cat
processed_images/5919.jpg,Cat
processed_images/8583.jpg,Cat
processed_images/9845.jpg,Cat
processed_images/12498.jpg,Cat
processed_images/755.jpg,Cat
processed_images/7868.jpg,Cat
processed_images/11191.jpg,Cat
processed_images/2910.jpg,Cat
processed_images/4352.jpg,Cat
processed_images/2723.jpg,Cat
processed_images/10264.jpg,Cat
processed_images/7883.jpg,Cat
processed_images/6545.jpg,Cat
processed_images/9676.jpg,Cat
processed_images/966.jpg,Cat
processed_images/8568.jpg,Cat
processed_images/12473.jpg,Cat
processed_images/12315.jpg,Cat
processed_images/6223.jpg,Cat
processed_images/9110.jpg,Cat
processed_images/2045.jpg,Cat
processed_images/10502.jpg,Cat
processed_images/4434.jpg,Cat
processed_images/2051.jpg,Cat
processed_images/10516.jpg,Cat
processed_images/4420.jpg,Cat
processed_images/11608.jpg,Cat
processed_images/12301.jpg,Cat
processed_images/7129.jpg,Cat
processed_images/6237.jpg,Cat
processed_images/9104.jpg,Cat
processed_images/1558.jpg,Cat
processed_images/7897.jpg,Cat
processed_images/6551.jpg,Cat
processed_images/9662.jpg,Cat
processed_images/972.jpg,Cat
processed_images/12467.jpg,Cat
processed_images/3429.jpg,Cat
processed_images/4346.jpg,Cat
processed_images/5058.jpg,Cat
processed_images/2737.jpg,Cat
processed_images/10270.jpg,Cat
processed_images/782.jpg,Cat
processed_images/1216.jpg,Cat
processed_images/6579.jpg,Cat
processed_images/8554.jpg,Cat
processed_images/7667.jpg,Cat
processed_images/9892.jpg,Cat
processed_images/11146.jpg,Cat
processed_images/3401.jpg,Cat
processed_images/5070.jpg,Cat
processed_images/10258.jpg,Cat
processed_images/2079.jpg,Cat
processed_images/5716.jpg,Cat
processed_images/4408.jpg,Cat
processed_images/11620.jpg,Cat
processed_images/3367.jpg,Cat
processed_images/12329.jpg,Cat
processed_images/8232.jpg,Cat
processed_images/7101.jpg,Cat
processed_images/1570.jpg,Cat
processed_images/8226.jpg,Cat
processed_images/7115.jpg,Cat
processed_images/9138.jpg,Cat
processed_images/1564.jpg,Cat
processed_images/5702.jpg,Cat
processed_images/11634.jpg,Cat
processed_images/3373.jpg,Cat
processed_images/11152.jpg,Cat
processed_images/3415.jpg,Cat
processed_images/5064.jpg,Cat
processed_images/1202.jpg,Cat
processed_images/796.jpg,Cat
processed_images/8540.jpg,Cat
processed_images/7673.jpg,Cat
processed_images/9886.jpg,Cat
processed_images/1955.jpg,Cat
processed_images/219.jpg,Cat
processed_images/2284.jpg,Cat
processed_images/4193.jpg,Cat
processed_images/3824.jpg,Cat
processed_images/6784.jpg,Cat
processed_images/8971.jpg,Cat
processed_images/6790.jpg,Cat
processed_images/8965.jpg,Cat
processed_images/6948.jpg,Cat
processed_images/4187.jpg,Cat
processed_images/5299.jpg,Cat
processed_images/3830.jpg,Cat
processed_images/4839.jpg,Cat
processed_images/2290.jpg,Cat
processed_images/1941.jpg,Cat
processed_images/1799.jpg,Cat
processed_images/4811.jpg,Cat
processed_images/10927.jpg,Cat
processed_images/1969.jpg,Cat
processed_images/225.jpg,Cat
processed_images/543.jpg,Cat
processed_images/6960.jpg,Cat
processed_images/8795.jpg,Cat
processed_images/11387.jpg,Cat
processed_images/10099.jpg,Cat
processed_images/3818.jpg,Cat
processed_images/11393.jpg,Cat
processed_images/8959.jpg,Cat
processed_images/557.jpg,Cat
processed_images/6974.jpg,Cat
processed_images/8781.jpg,Cat
processed_images/231.jpg,Cat
processed_images/4805.jpg,Cat
processed_images/10933.jpg,Cat
processed_images/3159.jpg,Cat
processed_images/4636.jpg,Cat
processed_images/5528.jpg,Cat
processed_images/10700.jpg,Cat
processed_images/2247.jpg,Cat
processed_images/9312.jpg,Cat
processed_images/6021.jpg,Cat
processed_images/1996.jpg,Cat
processed_images/12117.jpg,Cat
processed_images/7459.jpg,Cat
processed_images/9474.jpg,Cat
processed_images/6747.jpg,Cat
processed_images/1028.jpg,Cat
processed_images/10066.jpg,Cat
processed_images/2521.jpg,Cat
processed_images/4150.jpg,Cat
processed_images/11378.jpg,Cat
processed_images/10072.jpg,Cat
processed_images/2535.jpg,Cat
processed_images/4144.jpg,Cat
processed_images/9460.jpg,Cat
processed_images/6753.jpg,Cat
processed_images/9306.jpg,Cat
processed_images/6035.jpg,Cat
processed_images/1982.jpg,Cat
processed_images/8018.jpg,Cat
processed_images/12103.jpg,Cat
processed_images/4622.jpg,Cat
processed_images/10714.jpg,Cat
processed_images/2253.jpg,Cat
processed_images/1772.jpg,Cat
processed_images/7303.jpg,Cat
processed_images/8030.jpg,Cat
processed_images/3165.jpg,Cat
processed_images/11422.jpg,Cat
processed_images/5514.jpg,Cat
processed_images/5272.jpg,Cat
processed_images/3603.jpg,Cat
processed_images/11344.jpg,Cat
processed_images/7465.jpg,Cat
processed_images/8756.jpg,Cat
processed_images/9448.jpg,Cat
processed_images/1014.jpg,Cat
processed_images/580.jpg,Cat
processed_images/7471.jpg,Cat
processed_images/8742.jpg,Cat
processed_images/594.jpg,Cat
processed_images/1000.jpg,Cat
processed_images/2509.jpg,Cat
processed_images/5266.jpg,Cat
processed_images/4178.jpg,Cat
processed_images/3617.jpg,Cat
processed_images/11350.jpg,Cat
processed_images/3171.jpg,Cat
processed_images/11436.jpg,Cat
processed_images/5500.jpg,Cat
processed_images/10728.jpg,Cat
processed_images/1766.jpg,Cat
processed_images/6009.jpg,Cat
processed_images/7317.jpg,Cat
processed_images/8024.jpg,Cat
processed_images/6196.jpg,Cat
processed_images/1821.jpg,Cat
processed_images/7288.jpg,Cat
processed_images/4781.jpg,Cat
processed_images/4959.jpg,Cat
processed_images/3950.jpg,Cat
processed_images/2496.jpg,Cat
processed_images/3788.jpg,Cat
processed_images/6828.jpg,Cat
processed_images/8805.jpg,Cat
processed_images/8811.jpg,Cat
processed_images/3944.jpg,Cat
processed_images/2482.jpg,Cat
processed_images/4795.jpg,Cat
processed_images/6182.jpg,Cat
processed_images/379.jpg,Cat
processed_images/1835.jpg,Cat
processed_images/10853.jpg,Cat
processed_images/11595.jpg,Cat
processed_images/4965.jpg,Cat
processed_images/9299.jpg,Cat
processed_images/351.jpg,Cat
processed_images/8187.jpg,Cat
processed_images/6814.jpg,Cat
processed_images/8839.jpg,Cat
processed_images/437.jpg,Cat
processed_images/3978.jpg,Cat
processed_images/6800.jpg,Cat
processed_images/423.jpg,Cat
processed_images/345.jpg,Cat
processed_images/12088.jpg,Cat
processed_images/1809.jpg,Cat
processed_images/8193.jpg,Cat
processed_images/10847.jpg,Cat
processed_images/11581.jpg,Cat
processed_images/4971.jpg,Cat
processed_images/10674.jpg,Cat
processed_images/2333.jpg,Cat
processed_images/4742.jpg,Cat
processed_images/12063.jpg,Cat
processed_images/8178.jpg,Cat
processed_images/9266.jpg,Cat
processed_images/6155.jpg,Cat
processed_images/9500.jpg,Cat
processed_images/6633.jpg,Cat
processed_images/4024.jpg,Cat
processed_images/3993.jpg,Cat
processed_images/10112.jpg,Cat
processed_images/2455.jpg,Cat
processed_images/11218.jpg,Cat
processed_images/4030.jpg,Cat
processed_images/3987.jpg,Cat
processed_images/10106.jpg,Cat
processed_images/2441.jpg,Cat
processed_images/1148.jpg,Cat
processed_images/9514.jpg,Cat
processed_images/6627.jpg,Cat
processed_images/7539.jpg,Cat
processed_images/12077.jpg,Cat
processed_images/9272.jpg,Cat
processed_images/6141.jpg,Cat
processed_images/10660.jpg,Cat
processed_images/2327.jpg,Cat
processed_images/5448.jpg,Cat
processed_images/4756.jpg,Cat
processed_images/3039.jpg,Cat
processed_images/7277.jpg,Cat
processed_images/8144.jpg,Cat
processed_images/6169.jpg,Cat
processed_images/1606.jpg,Cat
processed_images/392.jpg,Cat
processed_images/10648.jpg,Cat
processed_images/5460.jpg,Cat
processed_images/10890.jpg,Cat
processed_images/3011.jpg,Cat
processed_images/11556.jpg,Cat
processed_images/3777.jpg,Cat
processed_images/11230.jpg,Cat
processed_images/4018.jpg,Cat
processed_images/5306.jpg,Cat
processed_images/2469.jpg,Cat
processed_images/1160.jpg,Cat
processed_images/7511.jpg,Cat
processed_images/8622.jpg,Cat
processed_images/1174.jpg,Cat
processed_images/9528.jpg,Cat
processed_images/7505.jpg,Cat
processed_images/8636.jpg,Cat
processed_images/3763.jpg,Cat
processed_images/11224.jpg,Cat
processed_images/5312.jpg,Cat
processed_images/5474.jpg,Cat
processed_images/10884.jpg,Cat
processed_images/3005.jpg,Cat
processed_images/11542.jpg,Cat
processed_images/7263.jpg,Cat
processed_images/8150.jpg,Cat
processed_images/386.jpg,Cat
processed_images/1612.jpg,Cat
processed_images/91.jpg,Cat
processed_images/7934.jpg,Cat
processed_images/609.jpg,Cat
processed_images/9919.jpg,Cat
processed_images/2694.jpg,Cat
processed_images/11973.jpg,Cat
processed_images/5845.jpg,Cat
processed_images/4583.jpg,Cat
processed_images/6394.jpg,Cat
processed_images/6380.jpg,Cat
processed_images/11967.jpg,Cat
processed_images/5689.jpg,Cat
processed_images/5851.jpg,Cat
processed_images/4597.jpg,Cat
processed_images/2858.jpg,Cat
processed_images/2680.jpg,Cat
processed_images/85.jpg,Cat
processed_images/7920.jpg,Cat
processed_images/1389.jpg,Cat
processed_images/2870.jpg,Cat
processed_images/635.jpg,Cat
processed_images/7908.jpg,Cat
processed_images/9925.jpg,Cat
processed_images/8385.jpg,Cat
processed_images/153.jpg,Cat
processed_images/10489.jpg,Cat
processed_images/5879.jpg,Cat
processed_images/11797.jpg,Cat
processed_images/11783.jpg,Cat
processed_images/8391.jpg,Cat
processed_images/147.jpg,Cat
processed_images/621.jpg,Cat
processed_images/9931.jpg,Cat
processed_images/2864.jpg,Cat
processed_images/2657.jpg,Cat
processed_images/10310.jpg,Cat
processed_images/5138.jpg,Cat
processed_images/4226.jpg,Cat
processed_images/3549.jpg,Cat
processed_images/812.jpg,Cat
processed_images/6431.jpg,Cat
processed_images/52.jpg,Cat
processed_images/9702.jpg,Cat
processed_images/1438.jpg,Cat
processed_images/6357.jpg,Cat
processed_images/9064.jpg,Cat
processed_images/7049.jpg,Cat
processed_images/12261.jpg,Cat
processed_images/11768.jpg,Cat
processed_images/5886.jpg,Cat
processed_images/0.jpg,Cat
processed_images/4540.jpg,Cat
processed_images/2131.jpg,Cat
processed_images/10476.jpg,Cat
processed_images/5892.jpg,Cat
processed_images/4554.jpg,Cat
processed_images/2125.jpg,Cat
processed_images/10462.jpg,Cat
processed_images/6343.jpg,Cat
processed_images/9070.jpg,Cat
processed_images/12275.jpg,Cat
processed_images/806.jpg,Cat
processed_images/8408.jpg,Cat
processed_images/46.jpg,Cat
processed_images/6425.jpg,Cat
processed_images/9716.jpg,Cat
processed_images/2643.jpg,Cat
processed_images/10304.jpg,Cat
processed_images/4232.jpg,Cat
processed_images/8420.jpg,Cat
processed_images/7713.jpg,Cat
processed_images/1362.jpg,Cat
processed_images/5104.jpg,Cat
processed_images/11032.jpg,Cat
processed_images/3575.jpg,Cat
processed_images/11754.jpg,Cat
processed_images/3213.jpg,Cat
processed_images/5662.jpg,Cat
processed_images/190.jpg,Cat
processed_images/1404.jpg,Cat
processed_images/9058.jpg,Cat
processed_images/8346.jpg,Cat
processed_images/7075.jpg,Cat
processed_images/1410.jpg,Cat
processed_images/184.jpg,Cat
processed_images/8352.jpg,Cat
processed_images/7061.jpg,Cat
processed_images/12249.jpg,Cat
processed_images/11740.jpg,Cat
processed_images/3207.jpg,Cat
processed_images/4568.jpg,Cat
processed_images/5676.jpg,Cat
processed_images/11998.jpg,Cat
processed_images/2119.jpg,Cat
processed_images/10338.jpg,Cat
processed_images/5110.jpg,Cat
processed_images/11026.jpg,Cat
processed_images/3561.jpg,Cat
processed_images/8434.jpg,Cat
processed_images/7707.jpg,Cat
processed_images/6419.jpg,Cat
processed_images/1376.jpg,Cat
processed_images/9733.jpg,Dog
processed_images/63.jpg,Dog
processed_images/6400.jpg,Dog
processed_images/823.jpg,Dog
processed_images/4217.jpg,Dog
processed_images/3578.jpg,Dog
processed_images/10321.jpg,Dog
processed_images/2666.jpg,Dog
processed_images/5109.jpg,Dog
processed_images/11981.jpg,Dog
processed_images/10447.jpg,Dog
processed_images/2100.jpg,Dog
processed_images/11759.jpg,Dog
processed_images/4571.jpg,Dog
processed_images/7078.jpg,Dog
processed_images/12250.jpg,Dog
processed_images/1409.jpg,Dog
processed_images/9055.jpg,Dog
processed_images/6366.jpg,Dog
processed_images/12244.jpg,Dog
processed_images/189.jpg,Dog
processed_images/9041.jpg,Dog
processed_images/6372.jpg,Dog
processed_images/11995.jpg,Dog
processed_images/10453.jpg,Dog
processed_images/2114.jpg,Dog
processed_images/4565.jpg,Dog
processed_images/4203.jpg,Dog
processed_images/10335.jpg,Dog
processed_images/2672.jpg,Dog
processed_images/9727.jpg,Dog
processed_images/6414.jpg,Dog
processed_images/77.jpg,Dog
processed_images/8439.jpg,Dog
processed_images/837.jpg,Dog
processed_images/2882.jpg,Dog
processed_images/3544.jpg,Dog
processed_images/11003.jpg,Dog
processed_images/5135.jpg,Dog
processed_images/1353.jpg,Dog
processed_images/7722.jpg,Dog
processed_images/8411.jpg,Dog
processed_images/7044.jpg,Dog
processed_images/8377.jpg,Dog
processed_images/1435.jpg,Dog
processed_images/9069.jpg,Dog
processed_images/5653.jpg,Dog
processed_images/3222.jpg,Dog
processed_images/11765.jpg,Dog
processed_images/5647.jpg,Dog
processed_images/2128.jpg,Dog
processed_images/3236.jpg,Dog
processed_images/11771.jpg,Dog
processed_images/4559.jpg,Dog
processed_images/7050.jpg,Dog
processed_images/8363.jpg,Dog
processed_images/12278.jpg,Dog
processed_images/1421.jpg,Dog
processed_images/6428.jpg,Dog
processed_images/1347.jpg,Dog
processed_images/7736.jpg,Dog
processed_images/8405.jpg,Dog
processed_images/2896.jpg,Dog
processed_images/3550.jpg,Dog
processed_images/11017.jpg,Dog
processed_images/10309.jpg,Dog
processed_images/5121.jpg,Dog
processed_images/9928.jpg,Dog
processed_images/638.jpg,Dog
processed_images/7905.jpg,Dog
processed_images/9096.jpg,Dog
processed_images/8388.jpg,Dog
processed_images/12293.jpg,Dog
processed_images/5874.jpg,Dog
processed_images/11942.jpg,Dog
processed_images/10484.jpg,Dog
processed_images/5860.jpg,Dog
processed_images/11956.jpg,Dog
processed_images/10490.jpg,Dog
processed_images/9082.jpg,Dog
processed_images/12287.jpg,Dog
processed_images/7911.jpg,Dog
processed_images/2869.jpg,Dog
processed_images/9914.jpg,Dog
processed_images/7939.jpg,Dog
processed_images/1390.jpg,Dog
processed_images/604.jpg,Dog
processed_images/2699.jpg,Dog
processed_images/2841.jpg,Dog
processed_images/3587.jpg,Dog
processed_images/5848.jpg,Dog
processed_images/5690.jpg,Dog
processed_images/162.jpg,Dog
processed_images/6399.jpg,Dog
processed_images/7087.jpg,Dog
processed_images/176.jpg,Dog
processed_images/7093.jpg,Dog
processed_images/5684.jpg,Dog
processed_images/2855.jpg,Dog
processed_images/3593.jpg,Dog
processed_images/9900.jpg,Dog
processed_images/88.jpg,Dog
processed_images/610.jpg,Dog
processed_images/1384.jpg,Dog
processed_images/6164.jpg,Dog
processed_images/9257.jpg,Dog
processed_images/12052.jpg,Dog
processed_images/8149.jpg,Dog
processed_images/4773.jpg,Dog
processed_images/2302.jpg,Dog
processed_images/10645.jpg,Dog
processed_images/2464.jpg,Dog
processed_images/10123.jpg,Dog
processed_images/4015.jpg,Dog
processed_images/6602.jpg,Dog
processed_images/9531.jpg,Dog
processed_images/7508.jpg,Dog
processed_images/1179.jpg,Dog
processed_images/6616.jpg,Dog
processed_images/9525.jpg,Dog
processed_images/2470.jpg,Dog
processed_images/10137.jpg,Dog
processed_images/11229.jpg,Dog
processed_images/4001.jpg,Dog
processed_images/10889.jpg,Dog
processed_images/4767.jpg,Dog
processed_images/3008.jpg,Dog
processed_images/2316.jpg,Dog
processed_images/10651.jpg,Dog
processed_images/5479.jpg,Dog
processed_images/6170.jpg,Dog
processed_images/9243.jpg,Dog
processed_images/12046.jpg,Dog
processed_images/11567.jpg,Dog
processed_images/3020.jpg,Dog
processed_images/4997.jpg,Dog
processed_images/10679.jpg,Dog
processed_images/5451.jpg,Dog
processed_images/6158.jpg,Dog
processed_images/1637.jpg,Dog
processed_images/8175.jpg,Dog
processed_images/7246.jpg,Dog
processed_images/8613.jpg,Dog
processed_images/7520.jpg,Dog
processed_images/1151.jpg,Dog
processed_images/5337.jpg,Dog
processed_images/2458.jpg,Dog
processed_images/11201.jpg,Dog
processed_images/3746.jpg,Dog
processed_images/4029.jpg,Dog
processed_images/5323.jpg,Dog
processed_images/11215.jpg,Dog
processed_images/3752.jpg,Dog
processed_images/8607.jpg,Dog
processed_images/7534.jpg,Dog
processed_images/1145.jpg,Dog
processed_images/9519.jpg,Dog
processed_images/1623.jpg,Dog
processed_images/8161.jpg,Dog
processed_images/7252.jpg,Dog
processed_images/11573.jpg,Dog
processed_images/3034.jpg,Dog
processed_images/4983.jpg,Dog
processed_images/5445.jpg,Dog
processed_images/10686.jpg,Dog
processed_images/4968.jpg,Dog
processed_images/11598.jpg,Dog
processed_images/12091.jpg,Dog
processed_images/1810.jpg,Dog
processed_images/9294.jpg,Dog
processed_images/8834.jpg,Dog
processed_images/6819.jpg,Dog
processed_images/3961.jpg,Dog
processed_images/3975.jpg,Dog
processed_images/8820.jpg,Dog
processed_images/12085.jpg,Dog
processed_images/1804.jpg,Dog
processed_images/9280.jpg,Dog
processed_images/348.jpg,Dog
processed_images/10692.jpg,Dog
processed_images/7285.jpg,Dog
processed_images/360.jpg,Dog
processed_images/4954.jpg,Dog
processed_images/5492.jpg,Dog
processed_images/10862.jpg,Dog
processed_images/3785.jpg,Dog
processed_images/406.jpg,Dog
processed_images/1192.jpg,Dog
processed_images/8808.jpg,Dog
processed_images/6825.jpg,Dog
processed_images/1186.jpg,Dog
processed_images/412.jpg,Dog
processed_images/6831.jpg,Dog
processed_images/3791.jpg,Dog
processed_images/3949.jpg,Dog
processed_images/4940.jpg,Dog
processed_images/5486.jpg,Dog
processed_images/4798.jpg,Dog
processed_images/10876.jpg,Dog
processed_images/1838.jpg,Dog
processed_images/7291.jpg,Dog
processed_images/374.jpg,Dog
processed_images/12126.jpg,Dog
processed_images/6010.jpg,Dog
processed_images/9323.jpg,Dog
processed_images/5519.jpg,Dog
processed_images/2276.jpg,Dog
processed_images/10731.jpg,Dog
processed_images/3168.jpg,Dog
processed_images/4607.jpg,Dog
processed_images/4161.jpg,Dog
processed_images/11349.jpg,Dog
processed_images/2510.jpg,Dog
processed_images/10057.jpg,Dog
processed_images/6776.jpg,Dog
processed_images/9445.jpg,Dog
processed_images/1019.jpg,Dog
processed_images/8983.jpg,Dog
processed_images/7468.jpg,Dog
processed_images/6762.jpg,Dog
processed_images/9451.jpg,Dog
processed_images/8997.jpg,Dog
processed_images/599.jpg,Dog
processed_images/4175.jpg,Dog
processed_images/2504.jpg,Dog
processed_images/10043.jpg,Dog
processed_images/2262.jpg,Dog
processed_images/10725.jpg,Dog
processed_images/4613.jpg,Dog
processed_images/8029.jpg,Dog
processed_images/12132.jpg,Dog
processed_images/6004.jpg,Dog
processed_images/9337.jpg,Dog
processed_images/5525.jpg,Dog
processed_images/11413.jpg,Dog
processed_images/3154.jpg,Dog
processed_images/8001.jpg,Dog
processed_images/7332.jpg,Dog
processed_images/1743.jpg,Dog
processed_images/9479.jpg,Dog
processed_images/1025.jpg,Dog
processed_images/6992.jpg,Dog
processed_images/8767.jpg,Dog
processed_images/7454.jpg,Dog
processed_images/11375.jpg,Dog
processed_images/3632.jpg,Dog
processed_images/5243.jpg,Dog
processed_images/4149.jpg,Dog
processed_images/11361.jpg,Dog
processed_images/3626.jpg,Dog
processed_images/2538.jpg,Dog
processed_images/5257.jpg,Dog
processed_images/1031.jpg,Dog
processed_images/6986.jpg,Dog
processed_images/8773.jpg,Dog
processed_images/7440.jpg,Dog
processed_images/8015.jpg,Dog
processed_images/7326.jpg,Dog
processed_images/1757.jpg,Dog
processed_images/6038.jpg,Dog
processed_images/5531.jpg,Dog
processed_images/10719.jpg,Dog
processed_images/11407.jpg,Dog
processed_images/3140.jpg,Dog
processed_images/228.jpg,Dog
processed_images/1964.jpg,Dog
processed_images/8798.jpg,Dog
processed_images/9486.jpg,Dog
processed_images/8940.jpg,Dog
processed_images/10094.jpg,Dog
processed_images/3815.jpg,Dog
processed_images/10080.jpg,Dog
processed_images/3801.jpg,Dog
processed_images/6979.jpg,Dog
processed_images/9492.jpg,Dog
processed_images/8954.jpg,Dog
processed_images/1970.jpg,Dog
processed_images/4808.jpg,Dog
processed_images/214.jpg,Dog
processed_images/1780.jpg,Dog
processed_images/1958.jpg,Dog
processed_images/3197.jpg,Dog
processed_images/10916.jpg,Dog
processed_images/4820.jpg,Dog
processed_images/2289.jpg,Dog
processed_images/5280.jpg,Dog
processed_images/3829.jpg,Dog
processed_images/6951.jpg,Dog
processed_images/7497.jpg,Dog
processed_images/6789.jpg,Dog
processed_images/572.jpg,Dog
processed_images/6945.jpg,Dog
processed_images/7483.jpg,Dog
processed_images/566.jpg,Dog
processed_images/8968.jpg,Dog
processed_images/5294.jpg,Dog
processed_images/3183.jpg,Dog
processed_images/10902.jpg,Dog
processed_images/4834.jpg,Dog
processed_images/1794.jpg,Dog
processed_images/200.jpg,Dog
processed_images/8559.jpg,Dog
processed_images/957.jpg,Dog
processed_images/12442.jpg,Dog
processed_images/9647.jpg,Dog
processed_images/6574.jpg,Dog
processed_images/10255.jpg,Dog
processed_images/2712.jpg,Dog
processed_images/4363.jpg,Dog
processed_images/4405.jpg,Dog
processed_images/10533.jpg,Dog
processed_images/2074.jpg,Dog
processed_images/9121.jpg,Dog
processed_images/6212.jpg,Dog
processed_images/12324.jpg,Dog
processed_images/9135.jpg,Dog
processed_images/6206.jpg,Dog
processed_images/1569.jpg,Dog
processed_images/12330.jpg,Dog
processed_images/7118.jpg,Dog
processed_images/4411.jpg,Dog
processed_images/11639.jpg,Dog
processed_images/10527.jpg,Dog
processed_images/2060.jpg,Dog
processed_images/5069.jpg,Dog
processed_images/10241.jpg,Dog
processed_images/2706.jpg,Dog
processed_images/3418.jpg,Dog
processed_images/4377.jpg,Dog
processed_images/943.jpg,Dog
processed_images/12456.jpg,Dog
processed_images/9653.jpg,Dog
processed_images/6560.jpg,Dog
processed_images/5041.jpg,Dog
processed_images/10269.jpg,Dog
processed_images/3430.jpg,Dog
processed_images/11177.jpg,Dog
processed_images/7656.jpg,Dog
processed_images/8565.jpg,Dog
processed_images/1227.jpg,Dog
processed_images/6548.jpg,Dog
processed_images/1541.jpg,Dog
processed_images/12318.jpg,Dog
processed_images/7130.jpg,Dog
processed_images/8203.jpg,Dog
processed_images/4439.jpg,Dog
processed_images/3356.jpg,Dog
processed_images/11611.jpg,Dog
processed_images/2048.jpg,Dog
processed_images/5727.jpg,Dog
processed_images/3342.jpg,Dog
processed_images/11605.jpg,Dog
processed_images/5733.jpg,Dog
processed_images/9109.jpg,Dog
processed_images/1555.jpg,Dog
processed_images/7124.jpg,Dog
processed_images/8217.jpg,Dog
processed_images/7642.jpg,Dog
processed_images/8571.jpg,Dog
processed_images/1233.jpg,Dog
processed_images/5055.jpg,Dog
processed_images/3424.jpg,Dog
processed_images/11163.jpg,Dog
processed_images/11188.jpg,Dog
processed_images/2909.jpg,Dog
processed_images/10296.jpg,Dog
processed_images/7871.jpg,Dog
processed_images/9684.jpg,Dog
processed_images/994.jpg,Dog
processed_images/12481.jpg,Dog
processed_images/11836.jpg,Dog
processed_images/5900.jpg,Dog
processed_images/11822.jpg,Dog
processed_images/5914.jpg,Dog
processed_images/758.jpg,Dog
processed_images/7865.jpg,Dog
processed_images/9690.jpg,Dog
processed_images/980.jpg,Dog
processed_images/9848.jpg,Dog
processed_images/12495.jpg,Dog
processed_images/10282.jpg,Dog
processed_images/770.jpg,Dog
processed_images/7695.jpg,Dog
processed_images/9860.jpg,Dog
processed_images/2935.jpg,Dog
processed_images/5082.jpg,Dog
processed_images/3395.jpg,Dog
processed_images/1582.jpg,Dog
processed_images/1596.jpg,Dog
processed_images/3381.jpg,Dog
processed_images/5928.jpg,Dog
processed_images/2921.jpg,Dog
processed_images/4388.jpg,Dog
processed_images/5096.jpg,Dog
processed_images/7859.jpg,Dog
processed_images/764.jpg,Dog
processed_images/7681.jpg,Dog
processed_images/9874.jpg,Dog
processed_images/5929.jpg,Dog
processed_images/3380.jpg,Dog
processed_images/1597.jpg,Dog
processed_images/9875.jpg,Dog
processed_images/7680.jpg,Dog
processed_images/765.jpg,Dog
processed_images/7858.jpg,Dog
processed_images/5097.jpg,Dog
processed_images/4389.jpg,Dog
processed_images/2920.jpg,Dog
processed_images/5083.jpg,Dog
processed_images/2934.jpg,Dog
processed_images/9861.jpg,Dog
processed_images/7694.jpg,Dog
processed_images/771.jpg,Dog
processed_images/1583.jpg,Dog
processed_images/3394.jpg,Dog
processed_images/5915.jpg,Dog
processed_images/11823.jpg,Dog
processed_images/10283.jpg,Dog
processed_images/12494.jpg,Dog
processed_images/9849.jpg,Dog
processed_images/981.jpg,Dog
processed_images/9691.jpg,Dog
processed_images/7864.jpg,Dog
processed_images/759.jpg,Dog
processed_images/12480.jpg,Dog
processed_images/995.jpg,Dog
processed_images/9685.jpg,Dog
processed_images/7870.jpg,Dog
processed_images/10297.jpg,Dog
processed_images/2908.jpg,Dog
processed_images/11189.jpg,Dog
processed_images/5901.jpg,Dog
processed_images/11837.jpg,Dog
processed_images/8216.jpg,Dog
processed_images/7125.jpg,Dog
processed_images/1554.jpg,Dog
processed_images/9108.jpg,Dog
processed_images/5732.jpg,Dog
processed_images/11604.jpg,Dog
processed_images/3343.jpg,Dog
processed_images/11162.jpg,Dog
processed_images/3425.jpg,Dog
processed_images/5054.jpg,Dog
processed_images/1232.jpg,Dog
processed_images/8570.jpg,Dog
processed_images/7643.jpg,Dog
processed_images/6549.jpg,Dog
processed_images/1226.jpg,Dog
processed_images/8564.jpg,Dog
processed_images/7657.jpg,Dog
processed_images/11176.jpg,Dog
processed_images/3431.jpg,Dog
processed_images/10268.jpg,Dog
processed_images/5040.jpg,Dog
processed_images/5726.jpg,Dog
processed_images/2049.jpg,Dog
processed_images/11610.jpg,Dog
processed_images/3357.jpg,Dog
processed_images/4438.jpg,Dog
processed_images/8202.jpg,Dog
processed_images/7131.jpg,Dog
processed_images/12319.jpg,Dog
processed_images/1540.jpg,Dog
processed_images/2061.jpg,Dog
processed_images/10526.jpg,Dog
processed_images/11638.jpg,Dog
processed_images/4410.jpg,Dog
processed_images/7119.jpg,Dog
processed_images/12331.jpg,Dog
processed_images/1568.jpg,Dog
processed_images/6207.jpg,Dog
processed_images/9134.jpg,Dog
processed_images/6561.jpg,Dog
processed_images/9652.jpg,Dog
processed_images/12457.jpg,Dog
processed_images/942.jpg,Dog
processed_images/4376.jpg,Dog
processed_images/3419.jpg,Dog
processed_images/2707.jpg,Dog
processed_images/10240.jpg,Dog
processed_images/5068.jpg,Dog
processed_images/4362.jpg,Dog
processed_images/2713.jpg,Dog
processed_images/10254.jpg,Dog
processed_images/6575.jpg,Dog
processed_images/9646.jpg,Dog
processed_images/12443.jpg,Dog
processed_images/8558.jpg,Dog
processed_images/956.jpg,Dog
processed_images/12325.jpg,Dog
processed_images/6213.jpg,Dog
processed_images/9120.jpg,Dog
processed_images/2075.jpg,Dog
processed_images/10532.jpg,Dog
processed_images/4404.jpg,Dog
processed_images/5295.jpg,Dog
processed_images/567.jpg,Dog
processed_images/8969.jpg,Dog
processed_images/7482.jpg,Dog
processed_images/6944.jpg,Dog
processed_images/201.jpg,Dog
processed_images/1795.jpg,Dog
processed_images/4835.jpg,Dog
processed_images/10903.jpg,Dog
processed_images/3182.jpg,Dog
processed_images/2288.jpg,Dog
processed_images/4821.jpg,Dog
processed_images/10917.jpg,Dog
processed_images/3196.jpg,Dog
processed_images/1959.jpg,Dog
processed_images/1781.jpg,Dog
processed_images/215.jpg,Dog
processed_images/573.jpg,Dog
processed_images/6788.jpg,Dog
processed_images/7496.jpg,Dog
processed_images/6950.jpg,Dog
processed_images/3828.jpg,Dog
processed_images/5281.jpg,Dog
processed_images/8955.jpg,Dog
processed_images/9493.jpg,Dog
processed_images/6978.jpg,Dog
processed_images/3800.jpg,Dog
processed_images/10081.jpg,Dog
processed_images/4809.jpg,Dog
processed_images/1971.jpg,Dog
processed_images/1965.jpg,Dog
processed_images/229.jpg,Dog
processed_images/3814.jpg,Dog
processed_images/10095.jpg,Dog
processed_images/8941.jpg,Dog
processed_images/9487.jpg,Dog
processed_images/8799.jpg,Dog
processed_images/7441.jpg,Dog
processed_images/8772.jpg,Dog
processed_images/6987.jpg,Dog
processed_images/1030.jpg,Dog
processed_images/5256.jpg,Dog
processed_images/2539.jpg,Dog
processed_images/3627.jpg,Dog
processed_images/11360.jpg,Dog
processed_images/4148.jpg,Dog
processed_images/3141.jpg,Dog
processed_images/11406.jpg,Dog
processed_images/10718.jpg,Dog
processed_images/5530.jpg,Dog
processed_images/6039.jpg,Dog
processed_images/1756.jpg,Dog
processed_images/7327.jpg,Dog
processed_images/8014.jpg,Dog
processed_images/1742.jpg,Dog
processed_images/7333.jpg,Dog
processed_images/8000.jpg,Dog
processed_images/3155.jpg,Dog
processed_images/11412.jpg,Dog
processed_images/5524.jpg,Dog
processed_images/5242.jpg,Dog
processed_images/3633.jpg,Dog
processed_images/11374.jpg,Dog
processed_images/7455.jpg,Dog
processed_images/8766.jpg,Dog
processed_images/6993.jpg,Dog
processed_images/1024.jpg,Dog
processed_images/9478.jpg,Dog
processed_images/10042.jpg,Dog
processed_images/2505.jpg,Dog
processed_images/4174.jpg,Dog
processed_images/8996.jpg,Dog
processed_images/598.jpg,Dog
processed_images/9450.jpg,Dog
processed_images/6763.jpg,Dog
processed_images/9336.jpg,Dog
processed_images/6005.jpg,Dog
processed_images/12133.jpg,Dog
processed_images/8028.jpg,Dog
processed_images/4612.jpg,Dog
processed_images/10724.jpg,Dog
processed_images/2263.jpg,Dog
processed_images/4606.jpg,Dog
processed_images/3169.jpg,Dog
processed_images/10730.jpg,Dog
processed_images/2277.jpg,Dog
processed_images/5518.jpg,Dog
processed_images/9322.jpg,Dog
processed_images/6011.jpg,Dog
processed_images/12127.jpg,Dog
processed_images/7469.jpg,Dog
processed_images/1018.jpg,Dog
processed_images/8982.jpg,Dog
processed_images/9444.jpg,Dog
processed_images/6777.jpg,Dog
processed_images/10056.jpg,Dog
processed_images/2511.jpg,Dog
processed_images/11348.jpg,Dog
processed_images/4160.jpg,Dog
processed_images/3948.jpg,Dog
processed_images/3790.jpg,Dog
processed_images/6830.jpg,Dog
processed_images/413.jpg,Dog
processed_images/1187.jpg,Dog
processed_images/375.jpg,Dog
processed_images/7290.jpg,Dog
processed_images/1839.jpg,Dog
processed_images/4799.jpg,Dog
processed_images/10877.jpg,Dog
processed_images/5487.jpg,Dog
processed_images/4941.jpg,Dog
processed_images/10863.jpg,Dog
processed_images/5493.jpg,Dog
processed_images/4955.jpg,Dog
processed_images/361.jpg,Dog
processed_images/7284.jpg,Dog
processed_images/6824.jpg,Dog
processed_images/1193.jpg,Dog
processed_images/407.jpg,Dog
processed_images/8809.jpg,Dog
processed_images/3784.jpg,Dog
processed_images/8821.jpg,Dog
processed_images/3974.jpg,Dog
processed_images/10693.jpg,Dog
processed_images/349.jpg,Dog
processed_images/9281.jpg,Dog
processed_images/1805.jpg,Dog
processed_images/12084.jpg,Dog
processed_images/9295.jpg,Dog
processed_images/1811.jpg,Dog
processed_images/12090.jpg,Dog
processed_images/11599.jpg,Dog
processed_images/10687.jpg,Dog
processed_images/4969.jpg,Dog
processed_images/3960.jpg,Dog
processed_images/6818.jpg,Dog
processed_images/8835.jpg,Dog
processed_images/9518.jpg,Dog
processed_images/1144.jpg,Dog
processed_images/7535.jpg,Dog
processed_images/8606.jpg,Dog
processed_images/3753.jpg,Dog
processed_images/11214.jpg,Dog
processed_images/5322.jpg,Dog
processed_images/5444.jpg,Dog
processed_images/4982.jpg,Dog
processed_images/3035.jpg,Dog
processed_images/11572.jpg,Dog
processed_images/7253.jpg,Dog
processed_images/8160.jpg,Dog
processed_images/1622.jpg,Dog
processed_images/7247.jpg,Dog
processed_images/8174.jpg,Dog
processed_images/1636.jpg,Dog
processed_images/6159.jpg,Dog
processed_images/5450.jpg,Dog
processed_images/4996.jpg,Dog
processed_images/10678.jpg,Dog
processed_images/3021.jpg,Dog
processed_images/11566.jpg,Dog
processed_images/4028.jpg,Dog
processed_images/3747.jpg,Dog
processed_images/11200.jpg,Dog
processed_images/2459.jpg,Dog
processed_images/5336.jpg,Dog
processed_images/1150.jpg,Dog
processed_images/7521.jpg,Dog
processed_images/8612.jpg,Dog
processed_images/4000.jpg,Dog
processed_images/11228.jpg,Dog
processed_images/10136.jpg,Dog
processed_images/2471.jpg,Dog
processed_images/9524.jpg,Dog
processed_images/6617.jpg,Dog
processed_images/1178.jpg,Dog
processed_images/7509.jpg,Dog
processed_images/12047.jpg,Dog
processed_images/9242.jpg,Dog
processed_images/6171.jpg,Dog
processed_images/5478.jpg,Dog
processed_images/10650.jpg,Dog
processed_images/2317.jpg,Dog
processed_images/3009.jpg,Dog
processed_images/10888.jpg,Dog
processed_images/4766.jpg,Dog
processed_images/10644.jpg,Dog
processed_images/2303.jpg,Dog
processed_images/4772.jpg,Dog
processed_images/8148.jpg,Dog
processed_images/12053.jpg,Dog
processed_images/9256.jpg,Dog
processed_images/6165.jpg,Dog
processed_images/9530.jpg,Dog
processed_images/6603.jpg,Dog
processed_images/4014.jpg,Dog
processed_images/10122.jpg,Dog
processed_images/2465.jpg,Dog
processed_images/5685.jpg,Dog
processed_images/7092.jpg,Dog
processed_images/177.jpg,Dog
processed_images/1385.jpg,Dog
processed_images/611.jpg,Dog
processed_images/89.jpg,Dog
processed_images/9901.jpg,Dog
processed_images/3592.jpg,Dog
processed_images/2854.jpg,Dog
processed_images/3586.jpg,Dog
processed_images/2840.jpg,Dog
processed_images/2698.jpg,Dog
processed_images/605.jpg,Dog
processed_images/1391.jpg,Dog
processed_images/7938.jpg,Dog
processed_images/9915.jpg,Dog
processed_images/7086.jpg,Dog
processed_images/6398.jpg,Dog
processed_images/163.jpg,Dog
processed_images/5691.jpg,Dog
processed_images/5849.jpg,Dog
processed_images/12286.jpg,Dog
processed_images/9083.jpg,Dog
processed_images/10491.jpg,Dog
processed_images/11957.jpg,Dog
processed_images/5861.jpg,Dog
processed_images/2868.jpg,Dog
processed_images/7910.jpg,Dog
processed_images/7904.jpg,Dog
processed_images/639.jpg,Dog
processed_images/9929.jpg,Dog
processed_images/10485.jpg,Dog
processed_images/11943.jpg,Dog
processed_images/5875.jpg,Dog
processed_images/12292.jpg,Dog
processed_images/8389.jpg,Dog
processed_images/9097.jpg,Dog
processed_images/1420.jpg,Dog
processed_images/12279.jpg,Dog
processed_images/8362.jpg,Dog
processed_images/7051.jpg,Dog
processed_images/4558.jpg,Dog
processed_images/11770.jpg,Dog
processed_images/3237.jpg,Dog
processed_images/2129.jpg,Dog
processed_images/5646.jpg,Dog
processed_images/5120.jpg,Dog
processed_images/10308.jpg,Dog
processed_images/11016.jpg,Dog
processed_images/3551.jpg,Dog
processed_images/2897.jpg,Dog
processed_images/8404.jpg,Dog
processed_images/7737.jpg,Dog
processed_images/1346.jpg,Dog
processed_images/6429.jpg,Dog
processed_images/8410.jpg,Dog
processed_images/7723.jpg,Dog
processed_images/1352.jpg,Dog
processed_images/5134.jpg,Dog
processed_images/11002.jpg,Dog
processed_images/3545.jpg,Dog
processed_images/2883.jpg,Dog
processed_images/11764.jpg,Dog
processed_images/3223.jpg,Dog
processed_images/5652.jpg,Dog
processed_images/9068.jpg,Dog
processed_images/1434.jpg,Dog
processed_images/8376.jpg,Dog
processed_images/7045.jpg,Dog
processed_images/4564.jpg,Dog
processed_images/2115.jpg,Dog
processed_images/10452.jpg,Dog
processed_images/11994.jpg,Dog
processed_images/6373.jpg,Dog
processed_images/9040.jpg,Dog
processed_images/188.jpg,Dog
processed_images/12245.jpg,Dog
processed_images/8438.jpg,Dog
processed_images/836.jpg,Dog
processed_images/6415.jpg,Dog
processed_images/76.jpg,Dog
processed_images/9726.jpg,Dog
processed_images/2673.jpg,Dog
processed_images/10334.jpg,Dog
processed_images/4202.jpg,Dog
processed_images/5108.jpg,Dog
processed_images/2667.jpg,Dog
processed_images/10320.jpg,Dog
processed_images/3579.jpg,Dog
processed_images/4216.jpg,Dog
processed_images/822.jpg,Dog
processed_images/62.jpg,Dog
processed_images/6401.jpg,Dog
processed_images/9732.jpg,Dog
processed_images/6367.jpg,Dog
processed_images/9054.jpg,Dog
processed_images/1408.jpg,Dog
processed_images/12251.jpg,Dog
processed_images/7079.jpg,Dog
processed_images/4570.jpg,Dog
processed_images/11758.jpg,Dog
processed_images/2101.jpg,Dog
processed_images/10446.jpg,Dog
processed_images/11980.jpg,Dog
processed_images/4200.jpg,Dog
processed_images/11028.jpg,Dog
processed_images/2671.jpg,Dog
processed_images/10336.jpg,Dog
processed_images/74.jpg,Dog
processed_images/6417.jpg,Dog
processed_images/9724.jpg,Dog
processed_images/1378.jpg,Dog
processed_images/7709.jpg,Dog
processed_images/834.jpg,Dog
processed_images/12247.jpg,Dog
processed_images/6371.jpg,Dog
processed_images/9042.jpg,Dog
processed_images/5678.jpg,Dog
processed_images/11996.jpg,Dog
processed_images/2117.jpg,Dog
processed_images/10450.jpg,Dog
processed_images/3209.jpg,Dog
processed_images/4566.jpg,Dog
processed_images/11982.jpg,Dog
processed_images/2103.jpg,Dog
processed_images/10444.jpg,Dog
processed_images/4572.jpg,Dog
processed_images/8348.jpg,Dog
processed_images/12253.jpg,Dog
processed_images/6365.jpg,Dog
processed_images/9056.jpg,Dog
processed_images/6403.jpg,Dog
processed_images/60.jpg,Dog
processed_images/9730.jpg,Dog
processed_images/820.jpg,Dog
processed_images/4214.jpg,Dog
processed_images/2665.jpg,Dog
processed_images/10322.jpg,Dog
processed_images/9718.jpg,Dog
processed_images/48.jpg,Dog
processed_images/1344.jpg,Dog
processed_images/808.jpg,Dog
processed_images/8406.jpg,Dog
processed_images/7735.jpg,Dog
processed_images/2895.jpg,Dog
processed_images/11014.jpg,Dog
processed_images/3553.jpg,Dog
processed_images/5122.jpg,Dog
processed_images/5644.jpg,Dog
processed_images/11772.jpg,Dog
processed_images/3235.jpg,Dog
processed_images/8360.jpg,Dog
processed_images/7053.jpg,Dog
processed_images/1422.jpg,Dog
processed_images/8374.jpg,Dog
processed_images/7047.jpg,Dog
processed_images/1436.jpg,Dog
processed_images/6359.jpg,Dog
processed_images/5650.jpg,Dog
processed_images/10478.jpg,Dog
processed_images/11766.jpg,Dog
processed_images/5888.jpg,Dog
processed_images/3221.jpg,Dog
processed_images/4228.jpg,Dog
processed_images/2881.jpg,Dog
processed_images/11000.jpg,Dog
processed_images/3547.jpg,Dog
processed_images/2659.jpg,Dog
processed_images/5136.jpg,Dog
processed_images/1350.jpg,Dog
processed_images/8412.jpg,Dog
processed_images/7721.jpg,Dog
processed_images/7912.jpg,Dog
processed_images/5863.jpg,Dog
processed_images/11955.jpg,Dog
processed_images/10493.jpg,Dog
processed_images/149.jpg,Dog
processed_images/9081.jpg,Dog
processed_images/12284.jpg,Dog
processed_images/9095.jpg,Dog
processed_images/12290.jpg,Dog
processed_images/5877.jpg,Dog
processed_images/11799.jpg,Dog
processed_images/11941.jpg,Dog
processed_images/10487.jpg,Dog
processed_images/7906.jpg,Dog
processed_images/2856.jpg,Dog
processed_images/3590.jpg,Dog
processed_images/9903.jpg,Dog
processed_images/613.jpg,Dog
processed_images/1387.jpg,Dog
processed_images/175.jpg,Dog
processed_images/7090.jpg,Dog
processed_images/4599.jpg,Dog
processed_images/11969.jpg,Dog
processed_images/5687.jpg,Dog
processed_images/5693.jpg,Dog
processed_images/161.jpg,Dog
processed_images/7084.jpg,Dog
processed_images/9917.jpg,Dog
processed_images/1393.jpg,Dog
processed_images/607.jpg,Dog
processed_images/2842.jpg,Dog
processed_images/3584.jpg,Dog
processed_images/4764.jpg,Dog
processed_images/10652.jpg,Dog
processed_images/2315.jpg,Dog
processed_images/9240.jpg,Dog
processed_images/6173.jpg,Dog
processed_images/388.jpg,Dog
processed_images/12045.jpg,Dog
processed_images/8638.jpg,Dog
processed_images/9526.jpg,Dog
processed_images/6615.jpg,Dog
processed_images/10134.jpg,Dog
processed_images/2473.jpg,Dog
processed_images/4002.jpg,Dog
processed_images/5308.jpg,Dog
processed_images/10120.jpg,Dog
processed_images/2467.jpg,Dog
processed_images/3779.jpg,Dog
processed_images/4016.jpg,Dog
processed_images/9532.jpg,Dog
processed_images/6601.jpg,Dog
processed_images/9254.jpg,Dog
processed_images/6167.jpg,Dog
processed_images/1608.jpg,Dog
processed_images/12051.jpg,Dog
processed_images/7279.jpg,Dog
processed_images/4770.jpg,Dog
processed_images/11558.jpg,Dog
processed_images/10646.jpg,Dog
processed_images/2301.jpg,Dog
processed_images/1620.jpg,Dog
processed_images/12079.jpg,Dog
processed_images/7251.jpg,Dog
processed_images/8162.jpg,Dog
processed_images/4758.jpg,Dog
processed_images/3037.jpg,Dog
processed_images/11570.jpg,Dog
processed_images/2329.jpg,Dog
processed_images/4980.jpg,Dog
processed_images/5446.jpg,Dog
processed_images/3989.jpg,Dog
processed_images/5320.jpg,Dog
processed_images/10108.jpg,Dog
processed_images/3751.jpg,Dog
processed_images/11216.jpg,Dog
processed_images/7537.jpg,Dog
processed_images/8604.jpg,Dog
processed_images/1146.jpg,Dog
processed_images/6629.jpg,Dog
processed_images/7523.jpg,Dog
processed_images/8610.jpg,Dog
processed_images/1152.jpg,Dog
processed_images/5334.jpg,Dog
processed_images/3745.jpg,Dog
processed_images/11202.jpg,Dog
processed_images/3023.jpg,Dog
processed_images/11564.jpg,Dog
processed_images/4994.jpg,Dog
processed_images/5452.jpg,Dog
processed_images/9268.jpg,Dog
processed_images/1634.jpg,Dog
processed_images/7245.jpg,Dog
processed_images/8176.jpg,Dog
processed_images/12086.jpg,Dog
processed_images/1807.jpg,Dog
processed_images/9283.jpg,Dog
processed_images/10691.jpg,Dog
processed_images/10849.jpg,Dog
processed_images/3976.jpg,Dog
processed_images/8823.jpg,Dog
processed_images/8837.jpg,Dog
processed_images/439.jpg,Dog
processed_images/3962.jpg,Dog
processed_images/10685.jpg,Dog
processed_images/12092.jpg,Dog
processed_images/8189.jpg,Dog
processed_images/1813.jpg,Dog
processed_images/9297.jpg,Dog
processed_images/4943.jpg,Dog
processed_images/5485.jpg,Dog
processed_images/10875.jpg,Dog
processed_images/7292.jpg,Dog
processed_images/377.jpg,Dog
processed_images/1185.jpg,Dog
processed_images/411.jpg,Dog
processed_images/6832.jpg,Dog
processed_images/3792.jpg,Dog
processed_images/3786.jpg,Dog
processed_images/2498.jpg,Dog
processed_images/405.jpg,Dog
processed_images/1191.jpg,Dog
processed_images/6826.jpg,Dog
processed_images/7286.jpg,Dog
processed_images/6198.jpg,Dog
processed_images/363.jpg,Dog
processed_images/4957.jpg,Dog
processed_images/5491.jpg,Dog
processed_images/10861.jpg,Dog
processed_images/10726.jpg,Dog
processed_images/2261.jpg,Dog
processed_images/11438.jpg,Dog
processed_images/4610.jpg,Dog
processed_images/7319.jpg,Dog
processed_images/12131.jpg,Dog
processed_images/1768.jpg,Dog
processed_images/9334.jpg,Dog
processed_images/6007.jpg,Dog
processed_images/9452.jpg,Dog
processed_images/6761.jpg,Dog
processed_images/8994.jpg,Dog
processed_images/4176.jpg,Dog
processed_images/3619.jpg,Dog
processed_images/10040.jpg,Dog
processed_images/2507.jpg,Dog
processed_images/5268.jpg,Dog
processed_images/4162.jpg,Dog
processed_images/10054.jpg,Dog
processed_images/2513.jpg,Dog
processed_images/9446.jpg,Dog
processed_images/6775.jpg,Dog
processed_images/8980.jpg,Dog
processed_images/8758.jpg,Dog
processed_images/12125.jpg,Dog
processed_images/9320.jpg,Dog
processed_images/6013.jpg,Dog
processed_images/10732.jpg,Dog
processed_images/2275.jpg,Dog
processed_images/4604.jpg,Dog
processed_images/7325.jpg,Dog
processed_images/8016.jpg,Dog
processed_images/1754.jpg,Dog
processed_images/9308.jpg,Dog
processed_images/5532.jpg,Dog
processed_images/3143.jpg,Dog
processed_images/11404.jpg,Dog
processed_images/3625.jpg,Dog
processed_images/11362.jpg,Dog
processed_images/5254.jpg,Dog
processed_images/1032.jpg,Dog
processed_images/6985.jpg,Dog
processed_images/7443.jpg,Dog
processed_images/8770.jpg,Dog
processed_images/6749.jpg,Dog
processed_images/1026.jpg,Dog
processed_images/6991.jpg,Dog
processed_images/7457.jpg,Dog
processed_images/8764.jpg,Dog
processed_images/3631.jpg,Dog
processed_images/11376.jpg,Dog
processed_images/10068.jpg,Dog
processed_images/5240.jpg,Dog
processed_images/5526.jpg,Dog
processed_images/2249.jpg,Dog
processed_images/3157.jpg,Dog
processed_images/11410.jpg,Dog
processed_images/4638.jpg,Dog
processed_images/7331.jpg,Dog
processed_images/8002.jpg,Dog
processed_images/1998.jpg,Dog
processed_images/12119.jpg,Dog
processed_images/1740.jpg,Dog
processed_images/1973.jpg,Dog
processed_images/10083.jpg,Dog
processed_images/3802.jpg,Dog
processed_images/9491.jpg,Dog
processed_images/8957.jpg,Dog
processed_images/559.jpg,Dog
processed_images/9485.jpg,Dog
processed_images/8943.jpg,Dog
processed_images/10097.jpg,Dog
processed_images/3816.jpg,Dog
processed_images/11389.jpg,Dog
processed_images/10929.jpg,Dog
processed_images/1967.jpg,Dog
processed_images/3180.jpg,Dog
processed_images/10901.jpg,Dog
processed_images/4837.jpg,Dog
processed_images/1797.jpg,Dog
processed_images/203.jpg,Dog
processed_images/6946.jpg,Dog
processed_images/7480.jpg,Dog
processed_images/565.jpg,Dog
processed_images/5297.jpg,Dog
processed_images/4189.jpg,Dog
processed_images/5283.jpg,Dog
processed_images/6952.jpg,Dog
processed_images/7494.jpg,Dog
processed_images/571.jpg,Dog
processed_images/217.jpg,Dog
processed_images/1783.jpg,Dog
processed_images/3194.jpg,Dog
processed_images/10915.jpg,Dog
processed_images/4823.jpg,Dog
processed_images/2705.jpg,Dog
processed_images/10242.jpg,Dog
processed_images/4374.jpg,Dog
processed_images/940.jpg,Dog
processed_images/12455.jpg,Dog
processed_images/9888.jpg,Dog
processed_images/798.jpg,Dog
processed_images/6563.jpg,Dog
processed_images/9650.jpg,Dog
processed_images/6205.jpg,Dog
processed_images/9136.jpg,Dog
processed_images/12333.jpg,Dog
processed_images/8228.jpg,Dog
processed_images/4412.jpg,Dog
processed_images/2063.jpg,Dog
processed_images/10524.jpg,Dog
processed_images/4406.jpg,Dog
processed_images/3369.jpg,Dog
processed_images/2077.jpg,Dog
processed_images/10530.jpg,Dog
processed_images/5718.jpg,Dog
processed_images/6211.jpg,Dog
processed_images/9122.jpg,Dog
processed_images/12327.jpg,Dog
processed_images/7669.jpg,Dog
processed_images/954.jpg,Dog
processed_images/12441.jpg,Dog
processed_images/1218.jpg,Dog
processed_images/6577.jpg,Dog
processed_images/9644.jpg,Dog
processed_images/2711.jpg,Dog
processed_images/10256.jpg,Dog
processed_images/11148.jpg,Dog
processed_images/4360.jpg,Dog
processed_images/8572.jpg,Dog
processed_images/7641.jpg,Dog
processed_images/12469.jpg,Dog
processed_images/1230.jpg,Dog
processed_images/7899.jpg,Dog
processed_images/5056.jpg,Dog
processed_images/2739.jpg,Dog
processed_images/11160.jpg,Dog
processed_images/3427.jpg,Dog
processed_images/4348.jpg,Dog
processed_images/11606.jpg,Dog
processed_images/3341.jpg,Dog
processed_images/10518.jpg,Dog
processed_images/5730.jpg,Dog
processed_images/6239.jpg,Dog
processed_images/1556.jpg,Dog
processed_images/8214.jpg,Dog
processed_images/7127.jpg,Dog
processed_images/1542.jpg,Dog
processed_images/8200.jpg,Dog
processed_images/7133.jpg,Dog
processed_images/11612.jpg,Dog
processed_images/3355.jpg,Dog
processed_images/5724.jpg,Dog
processed_images/5042.jpg,Dog
processed_images/11174.jpg,Dog
processed_images/3433.jpg,Dog
processed_images/968.jpg,Dog
processed_images/8566.jpg,Dog
processed_images/7655.jpg,Dog
processed_images/1224.jpg,Dog
processed_images/9678.jpg,Dog
processed_images/7866.jpg,Dog
processed_images/9693.jpg,Dog
processed_images/983.jpg,Dog
processed_images/12496.jpg,Dog
processed_images/10281.jpg,Dog
processed_images/11821.jpg,Dog
processed_images/5917.jpg,Dog
processed_images/11835.jpg,Dog
processed_images/5903.jpg,Dog
processed_images/10295.jpg,Dog
processed_images/7872.jpg,Dog
processed_images/9687.jpg,Dog
processed_images/8599.jpg,Dog
processed_images/997.jpg,Dog
processed_images/12482.jpg,Dog
processed_images/2922.jpg,Dog
processed_images/5095.jpg,Dog
processed_images/767.jpg,Dog
processed_images/7682.jpg,Dog
processed_images/9877.jpg,Dog
processed_images/1595.jpg,Dog
processed_images/3382.jpg,Dog
processed_images/2088.jpg,Dog
processed_images/11809.jpg,Dog
processed_images/3396.jpg,Dog
processed_images/1581.jpg,Dog
processed_images/773.jpg,Dog
processed_images/6588.jpg,Dog
processed_images/7696.jpg,Dog
processed_images/9863.jpg,Dog
processed_images/2936.jpg,Dog
processed_images/5081.jpg,Dog
processed_images/1580.jpg,Dog
processed_images/3397.jpg,Dog
processed_images/11808.jpg,Dog
processed_images/2089.jpg,Dog
processed_images/5080.jpg,Dog
processed_images/2937.jpg,Dog
processed_images/9862.jpg,Dog
processed_images/7697.jpg,Dog
processed_images/6589.jpg,Dog
processed_images/772.jpg,Dog
processed_images/9876.jpg,Dog
processed_images/7683.jpg,Dog
processed_images/766.jpg,Dog
processed_images/5094.jpg,Dog
processed_images/2923.jpg,Dog
processed_images/3383.jpg,Dog
processed_images/1594.jpg,Dog
processed_images/5902.jpg,Dog
processed_images/11834.jpg,Dog
processed_images/12483.jpg,Dog
processed_images/8598.jpg,Dog
processed_images/996.jpg,Dog
processed_images/9686.jpg,Dog
processed_images/7873.jpg,Dog
processed_images/10294.jpg,Dog
processed_images/10280.jpg,Dog
processed_images/12497.jpg,Dog
processed_images/982.jpg,Dog
processed_images/9692.jpg,Dog
processed_images/7867.jpg,Dog
processed_images/5916.jpg,Dog
processed_images/11820.jpg,Dog
processed_images/5725.jpg,Dog
processed_images/3354.jpg,Dog
processed_images/11613.jpg,Dog
processed_images/7132.jpg,Dog
processed_images/8201.jpg,Dog
processed_images/1543.jpg,Dog
processed_images/9679.jpg,Dog
processed_images/1225.jpg,Dog
processed_images/7654.jpg,Dog
processed_images/969.jpg,Dog
processed_images/8567.jpg,Dog
processed_images/3432.jpg,Dog
processed_images/11175.jpg,Dog
processed_images/5043.jpg,Dog
processed_images/4349.jpg,Dog
processed_images/3426.jpg,Dog
processed_images/11161.jpg,Dog
processed_images/2738.jpg,Dog
processed_images/5057.jpg,Dog
processed_images/7898.jpg,Dog
processed_images/1231.jpg,Dog
processed_images/12468.jpg,Dog
processed_images/7640.jpg,Dog
processed_images/8573.jpg,Dog
processed_images/7126.jpg,Dog
processed_images/8215.jpg,Dog
processed_images/1557.jpg,Dog
processed_images/6238.jpg,Dog
processed_images/5731.jpg,Dog
processed_images/10519.jpg,Dog
processed_images/3340.jpg,Dog
processed_images/11607.jpg,Dog
processed_images/12326.jpg,Dog
processed_images/9123.jpg,Dog
processed_images/6210.jpg,Dog
processed_images/5719.jpg,Dog
processed_images/10531.jpg,Dog
processed_images/2076.jpg,Dog
processed_images/3368.jpg,Dog
processed_images/4407.jpg,Dog
processed_images/4361.jpg,Dog
processed_images/11149.jpg,Dog
processed_images/10257.jpg,Dog
processed_images/2710.jpg,Dog
processed_images/9645.jpg,Dog
processed_images/6576.jpg,Dog
processed_images/1219.jpg,Dog
processed_images/12440.jpg,Dog
processed_images/955.jpg,Dog
processed_images/7668.jpg,Dog
processed_images/9651.jpg,Dog
processed_images/6562.jpg,Dog
processed_images/799.jpg,Dog
processed_images/9889.jpg,Dog
processed_images/12454.jpg,Dog
processed_images/941.jpg,Dog
processed_images/4375.jpg,Dog
processed_images/10243.jpg,Dog
processed_images/2704.jpg,Dog
processed_images/10525.jpg,Dog
processed_images/2062.jpg,Dog
processed_images/4413.jpg,Dog
processed_images/8229.jpg,Dog
processed_images/12332.jpg,Dog
processed_images/9137.jpg,Dog
processed_images/6204.jpg,Dog
processed_images/570.jpg,Dog
processed_images/7495.jpg,Dog
processed_images/6953.jpg,Dog
processed_images/5282.jpg,Dog
processed_images/4822.jpg,Dog
processed_images/10914.jpg,Dog
processed_images/3195.jpg,Dog
processed_images/1782.jpg,Dog
processed_images/216.jpg,Dog
processed_images/202.jpg,Dog
processed_images/1796.jpg,Dog
processed_images/4836.jpg,Dog
processed_images/10900.jpg,Dog
processed_images/3181.jpg,Dog
processed_images/4188.jpg,Dog
processed_images/5296.jpg,Dog
processed_images/564.jpg,Dog
processed_images/7481.jpg,Dog
processed_images/6947.jpg,Dog
processed_images/11388.jpg,Dog
processed_images/3817.jpg,Dog
processed_images/10096.jpg,Dog
processed_images/8942.jpg,Dog
processed_images/9484.jpg,Dog
processed_images/1966.jpg,Dog
processed_images/10928.jpg,Dog
processed_images/1972.jpg,Dog
processed_images/8956.jpg,Dog
processed_images/558.jpg,Dog
processed_images/9490.jpg,Dog
processed_images/3803.jpg,Dog
processed_images/10082.jpg,Dog
processed_images/5241.jpg,Dog
processed_images/10069.jpg,Dog
processed_images/11377.jpg,Dog
processed_images/3630.jpg,Dog
processed_images/8765.jpg,Dog
processed_images/7456.jpg,Dog
processed_images/6990.jpg,Dog
processed_images/1027.jpg,Dog
processed_images/6748.jpg,Dog
processed_images/1741.jpg,Dog
processed_images/12118.jpg,Dog
processed_images/8003.jpg,Dog
processed_images/1999.jpg,Dog
processed_images/7330.jpg,Dog
processed_images/4639.jpg,Dog
processed_images/11411.jpg,Dog
processed_images/3156.jpg,Dog
processed_images/2248.jpg,Dog
processed_images/5527.jpg,Dog
processed_images/11405.jpg,Dog
processed_images/3142.jpg,Dog
processed_images/5533.jpg,Dog
processed_images/9309.jpg,Dog
processed_images/1755.jpg,Dog
processed_images/8017.jpg,Dog
processed_images/7324.jpg,Dog
processed_images/8771.jpg,Dog
processed_images/7442.jpg,Dog
processed_images/6984.jpg,Dog
processed_images/1033.jpg,Dog
processed_images/5255.jpg,Dog
processed_images/11363.jpg,Dog
processed_images/3624.jpg,Dog
processed_images/8759.jpg,Dog
processed_images/8981.jpg,Dog
processed_images/6774.jpg,Dog
processed_images/9447.jpg,Dog
processed_images/2512.jpg,Dog
processed_images/10055.jpg,Dog
processed_images/4163.jpg,Dog
processed_images/4605.jpg,Dog
processed_images/2274.jpg,Dog
processed_images/10733.jpg,Dog
processed_images/6012.jpg,Dog
processed_images/9321.jpg,Dog
processed_images/12124.jpg,Dog
processed_images/6006.jpg,Dog
processed_images/9335.jpg,Dog
processed_images/1769.jpg,Dog
processed_images/12130.jpg,Dog
processed_images/7318.jpg,Dog
processed_images/4611.jpg,Dog
processed_images/11439.jpg,Dog
processed_images/2260.jpg,Dog
processed_images/10727.jpg,Dog
processed_images/5269.jpg,Dog
processed_images/2506.jpg,Dog
processed_images/10041.jpg,Dog
processed_images/3618.jpg,Dog
processed_images/4177.jpg,Dog
processed_images/8995.jpg,Dog
processed_images/6760.jpg,Dog
processed_images/9453.jpg,Dog
processed_images/6827.jpg,Dog
processed_images/1190.jpg,Dog
processed_images/404.jpg,Dog
processed_images/2499.jpg,Dog
processed_images/3787.jpg,Dog
processed_images/10860.jpg,Dog
processed_images/5490.jpg,Dog
processed_images/4956.jpg,Dog
processed_images/362.jpg,Dog
processed_images/6199.jpg,Dog
processed_images/7287.jpg,Dog
processed_images/376.jpg,Dog
processed_images/7293.jpg,Dog
processed_images/10874.jpg,Dog
processed_images/5484.jpg,Dog
processed_images/4942.jpg,Dog
processed_images/3793.jpg,Dog
processed_images/6833.jpg,Dog
processed_images/410.jpg,Dog
processed_images/1184.jpg,Dog
processed_images/3963.jpg,Dog
processed_images/8836.jpg,Dog
processed_images/438.jpg,Dog
processed_images/9296.jpg,Dog
processed_images/8188.jpg,Dog
processed_images/1812.jpg,Dog
processed_images/12093.jpg,Dog
processed_images/10684.jpg,Dog
processed_images/10848.jpg,Dog
processed_images/10690.jpg,Dog
processed_images/9282.jpg,Dog
processed_images/1806.jpg,Dog
processed_images/12087.jpg,Dog
processed_images/8822.jpg,Dog
processed_images/3977.jpg,Dog
processed_images/11203.jpg,Dog
processed_images/3744.jpg,Dog
processed_images/5335.jpg,Dog
processed_images/1153.jpg,Dog
processed_images/8611.jpg,Dog
processed_images/7522.jpg,Dog
processed_images/8177.jpg,Dog
processed_images/7244.jpg,Dog
processed_images/1635.jpg,Dog
processed_images/9269.jpg,Dog
processed_images/5453.jpg,Dog
processed_images/4995.jpg,Dog
processed_images/11565.jpg,Dog
processed_images/3022.jpg,Dog
processed_images/5447.jpg,Dog
processed_images/4981.jpg,Dog
processed_images/2328.jpg,Dog
processed_images/11571.jpg,Dog
processed_images/3036.jpg,Dog
processed_images/4759.jpg,Dog
processed_images/8163.jpg,Dog
processed_images/7250.jpg,Dog
processed_images/12078.jpg,Dog
processed_images/1621.jpg,Dog
processed_images/6628.jpg,Dog
processed_images/1147.jpg,Dog
processed_images/8605.jpg,Dog
processed_images/7536.jpg,Dog
processed_images/11217.jpg,Dog
processed_images/3750.jpg,Dog
processed_images/10109.jpg,Dog
processed_images/5321.jpg,Dog
processed_images/3988.jpg,Dog
processed_images/6600.jpg,Dog
processed_images/9533.jpg,Dog
processed_images/4017.jpg,Dog
processed_images/3778.jpg,Dog
processed_images/2466.jpg,Dog
processed_images/10121.jpg,Dog
processed_images/5309.jpg,Dog
processed_images/2300.jpg,Dog
processed_images/10647.jpg,Dog
processed_images/11559.jpg,Dog
processed_images/4771.jpg,Dog
processed_images/7278.jpg,Dog
processed_images/12050.jpg,Dog
processed_images/1609.jpg,Dog
processed_images/6166.jpg,Dog
processed_images/9255.jpg,Dog
processed_images/12044.jpg,Dog
processed_images/389.jpg,Dog
processed_images/6172.jpg,Dog
processed_images/9241.jpg,Dog
processed_images/2314.jpg,Dog
processed_images/10653.jpg,Dog
processed_images/4765.jpg,Dog
processed_images/4003.jpg,Dog
processed_images/2472.jpg,Dog
processed_images/10135.jpg,Dog
processed_images/6614.jpg,Dog
processed_images/9527.jpg,Dog
processed_images/8639.jpg,Dog
processed_images/7085.jpg,Dog
processed_images/160.jpg,Dog
processed_images/5692.jpg,Dog
processed_images/3585.jpg,Dog
processed_images/2843.jpg,Dog
processed_images/606.jpg,Dog
processed_images/1392.jpg,Dog
processed_images/9916.jpg,Dog
processed_images/1386.jpg,Dog
processed_images/612.jpg,Dog
processed_images/9902.jpg,Dog
processed_images/3591.jpg,Dog
processed_images/2857.jpg,Dog
processed_images/11968.jpg,Dog
processed_images/5686.jpg,Dog
processed_images/4598.jpg,Dog
processed_images/7091.jpg,Dog
processed_images/174.jpg,Dog
processed_images/10486.jpg,Dog
processed_images/11940.jpg,Dog
processed_images/5876.jpg,Dog
processed_images/11798.jpg,Dog
processed_images/12291.jpg,Dog
processed_images/9094.jpg,Dog
processed_images/7907.jpg,Dog
processed_images/7913.jpg,Dog
processed_images/12285.jpg,Dog
processed_images/9080.jpg,Dog
processed_images/148.jpg,Dog
processed_images/10492.jpg,Dog
processed_images/11954.jpg,Dog
processed_images/5862.jpg,Dog
processed_images/3220.jpg,Dog
processed_images/11767.jpg,Dog
processed_images/5889.jpg,Dog
processed_images/10479.jpg,Dog
processed_images/5651.jpg,Dog
processed_images/6358.jpg,Dog
processed_images/1437.jpg,Dog
processed_images/7046.jpg,Dog
processed_images/8375.jpg,Dog
processed_images/7720.jpg,Dog
processed_images/8413.jpg,Dog
processed_images/1351.jpg,Dog
processed_images/5137.jpg,Dog
processed_images/2658.jpg,Dog
processed_images/3546.jpg,Dog
processed_images/11001.jpg,Dog
processed_images/2880.jpg,Dog
processed_images/4229.jpg,Dog
processed_images/5123.jpg,Dog
processed_images/3552.jpg,Dog
processed_images/11015.jpg,Dog
processed_images/2894.jpg,Dog
processed_images/7734.jpg,Dog
processed_images/809.jpg,Dog
processed_images/8407.jpg,Dog
processed_images/1345.jpg,Dog
processed_images/49.jpg,Dog
processed_images/9719.jpg,Dog
processed_images/1423.jpg,Dog
processed_images/7052.jpg,Dog
processed_images/8361.jpg,Dog
processed_images/3234.jpg,Dog
processed_images/11773.jpg,Dog
processed_images/5645.jpg,Dog
processed_images/9057.jpg,Dog
processed_images/6364.jpg,Dog
processed_images/12252.jpg,Dog
processed_images/8349.jpg,Dog
processed_images/4573.jpg,Dog
processed_images/10445.jpg,Dog
processed_images/2102.jpg,Dog
processed_images/11983.jpg,Dog
processed_images/10323.jpg,Dog
processed_images/2664.jpg,Dog
processed_images/4215.jpg,Dog
processed_images/821.jpg,Dog
processed_images/9731.jpg,Dog
processed_images/6402.jpg,Dog
processed_images/61.jpg,Dog
processed_images/835.jpg,Dog
processed_images/7708.jpg,Dog
processed_images/1379.jpg,Dog
processed_images/9725.jpg,Dog
processed_images/75.jpg,Dog
processed_images/6416.jpg,Dog
processed_images/10337.jpg,Dog
processed_images/2670.jpg,Dog
processed_images/11029.jpg,Dog
processed_images/4201.jpg,Dog
processed_images/4567.jpg,Dog
processed_images/3208.jpg,Dog
processed_images/10451.jpg,Dog
processed_images/2116.jpg,Dog
processed_images/5679.jpg,Dog
processed_images/11997.jpg,Dog
processed_images/9043.jpg,Dog
processed_images/6370.jpg,Dog
processed_images/12246.jpg,Dog
processed_images/10469.jpg,Dog
processed_images/5641.jpg,Dog
processed_images/11777.jpg,Dog
processed_images/5899.jpg,Dog
processed_images/3230.jpg,Dog
processed_images/8365.jpg,Dog
processed_images/7056.jpg,Dog
processed_images/6348.jpg,Dog
processed_images/1427.jpg,Dog
processed_images/1341.jpg,Dog
processed_images/8403.jpg,Dog
processed_images/7730.jpg,Dog
processed_images/11011.jpg,Dog
processed_images/3556.jpg,Dog
processed_images/4239.jpg,Dog
processed_images/2890.jpg,Dog
processed_images/5127.jpg,Dog
processed_images/2648.jpg,Dog
processed_images/11005.jpg,Dog
processed_images/3542.jpg,Dog
processed_images/2884.jpg,Dog
processed_images/5133.jpg,Dog
processed_images/1355.jpg,Dog
processed_images/9709.jpg,Dog
processed_images/59.jpg,Dog
processed_images/819.jpg,Dog
processed_images/8417.jpg,Dog
processed_images/7724.jpg,Dog
processed_images/8371.jpg,Dog
processed_images/7042.jpg,Dog
processed_images/1433.jpg,Dog
processed_images/5655.jpg,Dog
processed_images/11763.jpg,Dog
processed_images/3224.jpg,Dog
processed_images/12242.jpg,Dog
processed_images/8359.jpg,Dog
processed_images/6374.jpg,Dog
processed_images/9047.jpg,Dog
processed_images/2112.jpg,Dog
processed_images/10455.jpg,Dog
processed_images/11993.jpg,Dog
processed_images/4563.jpg,Dog
processed_images/4205.jpg,Dog
processed_images/2674.jpg,Dog
processed_images/10333.jpg,Dog
processed_images/6412.jpg,Dog
processed_images/71.jpg,Dog
processed_images/9721.jpg,Dog
processed_images/831.jpg,Dog
processed_images/1369.jpg,Dog
processed_images/65.jpg,Dog
processed_images/6406.jpg,Dog
processed_images/9735.jpg,Dog
processed_images/7718.jpg,Dog
processed_images/825.jpg,Dog
processed_images/11039.jpg,Dog
processed_images/4211.jpg,Dog
processed_images/2660.jpg,Dog
processed_images/10327.jpg,Dog
processed_images/2106.jpg,Dog
processed_images/10441.jpg,Dog
processed_images/5669.jpg,Dog
processed_images/11987.jpg,Dog
processed_images/4577.jpg,Dog
processed_images/3218.jpg,Dog
processed_images/12256.jpg,Dog
processed_images/6360.jpg,Dog
processed_images/9053.jpg,Dog
processed_images/170.jpg,Dog
processed_images/7095.jpg,Dog
processed_images/5682.jpg,Dog
processed_images/3595.jpg,Dog
processed_images/2853.jpg,Dog
processed_images/9906.jpg,Dog
processed_images/616.jpg,Dog
processed_images/1382.jpg,Dog
processed_images/9912.jpg,Dog
processed_images/1396.jpg,Dog
processed_images/602.jpg,Dog
processed_images/3581.jpg,Dog
processed_images/2847.jpg,Dog
processed_images/4588.jpg,Dog
processed_images/11978.jpg,Dog
processed_images/5696.jpg,Dog
processed_images/164.jpg,Dog
processed_images/7081.jpg,Dog
processed_images/5866.jpg,Dog
processed_images/11788.jpg,Dog
processed_images/10496.jpg,Dog
processed_images/11950.jpg,Dog
processed_images/9084.jpg,Dog
processed_images/12281.jpg,Dog
processed_images/7917.jpg,Dog
processed_images/7903.jpg,Dog
processed_images/9090.jpg,Dog
processed_images/158.jpg,Dog
processed_images/12295.jpg,Dog
processed_images/5872.jpg,Dog
processed_images/10482.jpg,Dog
processed_images/11944.jpg,Dog
processed_images/5325.jpg,Dog
processed_images/3754.jpg,Dog
processed_images/11213.jpg,Dog
processed_images/7532.jpg,Dog
processed_images/8601.jpg,Dog
processed_images/1143.jpg,Dog
processed_images/1625.jpg,Dog
processed_images/9279.jpg,Dog
processed_images/7254.jpg,Dog
processed_images/8167.jpg,Dog
processed_images/3032.jpg,Dog
processed_images/11575.jpg,Dog
processed_images/5443.jpg,Dog
processed_images/4985.jpg,Dog
processed_images/3026.jpg,Dog
processed_images/11561.jpg,Dog
processed_images/4749.jpg,Dog
processed_images/5457.jpg,Dog
processed_images/2338.jpg,Dog
processed_images/4991.jpg,Dog
processed_images/1631.jpg,Dog
processed_images/7240.jpg,Dog
processed_images/8173.jpg,Dog
processed_images/12068.jpg,Dog
processed_images/7526.jpg,Dog
processed_images/8615.jpg,Dog
processed_images/6638.jpg,Dog
processed_images/1157.jpg,Dog
processed_images/10119.jpg,Dog
processed_images/3998.jpg,Dog
processed_images/5331.jpg,Dog
processed_images/3740.jpg,Dog
processed_images/11207.jpg,Dog
processed_images/9523.jpg,Dog
processed_images/6610.jpg,Dog
processed_images/10131.jpg,Dog
processed_images/2476.jpg,Dog
processed_images/5319.jpg,Dog
processed_images/4007.jpg,Dog
processed_images/3768.jpg,Dog
processed_images/11549.jpg,Dog
processed_images/4761.jpg,Dog
processed_images/10657.jpg,Dog
processed_images/2310.jpg,Dog
processed_images/1619.jpg,Dog
processed_images/9245.jpg,Dog
processed_images/6176.jpg,Dog
processed_images/7268.jpg,Dog
processed_images/12040.jpg,Dog
processed_images/399.jpg,Dog
processed_images/9251.jpg,Dog
processed_images/6162.jpg,Dog
processed_images/12054.jpg,Dog
processed_images/4775.jpg,Dog
processed_images/10643.jpg,Dog
processed_images/2304.jpg,Dog
processed_images/10125.jpg,Dog
processed_images/2462.jpg,Dog
processed_images/4013.jpg,Dog
processed_images/8629.jpg,Dog
processed_images/9537.jpg,Dog
processed_images/6604.jpg,Dog
processed_images/1180.jpg,Dog
processed_images/414.jpg,Dog
processed_images/6837.jpg,Dog
processed_images/3797.jpg,Dog
processed_images/2489.jpg,Dog
processed_images/5480.jpg,Dog
processed_images/4946.jpg,Dog
processed_images/10870.jpg,Dog
processed_images/7297.jpg,Dog
processed_images/372.jpg,Dog
processed_images/6189.jpg,Dog
processed_images/7283.jpg,Dog
processed_images/366.jpg,Dog
processed_images/5494.jpg,Dog
processed_images/4952.jpg,Dog
processed_images/10864.jpg,Dog
processed_images/3783.jpg,Dog
processed_images/400.jpg,Dog
processed_images/1194.jpg,Dog
processed_images/6823.jpg,Dog
processed_images/3973.jpg,Dog
processed_images/8826.jpg,Dog
processed_images/428.jpg,Dog
processed_images/8198.jpg,Dog
processed_images/1802.jpg,Dog
processed_images/12083.jpg,Dog
processed_images/9286.jpg,Dog
processed_images/10694.jpg,Dog
processed_images/10680.jpg,Dog
processed_images/10858.jpg,Dog
processed_images/1816.jpg,Dog
processed_images/12097.jpg,Dog
processed_images/9292.jpg,Dog
processed_images/8832.jpg,Dog
processed_images/3967.jpg,Dog
processed_images/3620.jpg,Dog
processed_images/11367.jpg,Dog
processed_images/5251.jpg,Dog
processed_images/10079.jpg,Dog
processed_images/1037.jpg,Dog
processed_images/6758.jpg,Dog
processed_images/7446.jpg,Dog
processed_images/8775.jpg,Dog
processed_images/6980.jpg,Dog
processed_images/12108.jpg,Dog
processed_images/7320.jpg,Dog
processed_images/8013.jpg,Dog
processed_images/1989.jpg,Dog
processed_images/1751.jpg,Dog
processed_images/2258.jpg,Dog
processed_images/5537.jpg,Dog
processed_images/4629.jpg,Dog
processed_images/3146.jpg,Dog
processed_images/11401.jpg,Dog
processed_images/5523.jpg,Dog
processed_images/3152.jpg,Dog
processed_images/11415.jpg,Dog
processed_images/7334.jpg,Dog
processed_images/8007.jpg,Dog
processed_images/9319.jpg,Dog
processed_images/1745.jpg,Dog
processed_images/1023.jpg,Dog
processed_images/7452.jpg,Dog
processed_images/8761.jpg,Dog
processed_images/6994.jpg,Dog
processed_images/3634.jpg,Dog
processed_images/11373.jpg,Dog
processed_images/5245.jpg,Dog
processed_images/8991.jpg,Dog
processed_images/9457.jpg,Dog
processed_images/6764.jpg,Dog
processed_images/8749.jpg,Dog
processed_images/4173.jpg,Dog
processed_images/10045.jpg,Dog
processed_images/2502.jpg,Dog
processed_images/10723.jpg,Dog
processed_images/2264.jpg,Dog
processed_images/4615.jpg,Dog
processed_images/12134.jpg,Dog
processed_images/9331.jpg,Dog
processed_images/6002.jpg,Dog
processed_images/12120.jpg,Dog
processed_images/7308.jpg,Dog
processed_images/9325.jpg,Dog
processed_images/6016.jpg,Dog
processed_images/1779.jpg,Dog
processed_images/10737.jpg,Dog
processed_images/2270.jpg,Dog
processed_images/4601.jpg,Dog
processed_images/11429.jpg,Dog
processed_images/3608.jpg,Dog
processed_images/4167.jpg,Dog
processed_images/5279.jpg,Dog
processed_images/10051.jpg,Dog
processed_images/2516.jpg,Dog
processed_images/8985.jpg,Dog
processed_images/9443.jpg,Dog
processed_images/6770.jpg,Dog
processed_images/7485.jpg,Dog
processed_images/6943.jpg,Dog
processed_images/560.jpg,Dog
processed_images/5292.jpg,Dog
processed_images/10904.jpg,Dog
processed_images/3185.jpg,Dog
processed_images/4832.jpg,Dog
processed_images/1792.jpg,Dog
processed_images/206.jpg,Dog
processed_images/212.jpg,Dog
processed_images/1786.jpg,Dog
processed_images/10910.jpg,Dog
processed_images/3191.jpg,Dog
processed_images/4826.jpg,Dog
processed_images/5286.jpg,Dog
processed_images/4198.jpg,Dog
processed_images/7491.jpg,Dog
processed_images/6957.jpg,Dog
processed_images/574.jpg,Dog
processed_images/3807.jpg,Dog
processed_images/10086.jpg,Dog
processed_images/11398.jpg,Dog
processed_images/8952.jpg,Dog
processed_images/9494.jpg,Dog
processed_images/1976.jpg,Dog
processed_images/10938.jpg,Dog
processed_images/1962.jpg,Dog
processed_images/8946.jpg,Dog
processed_images/548.jpg,Dog
processed_images/9480.jpg,Dog
processed_images/3813.jpg,Dog
processed_images/10092.jpg,Dog
processed_images/11603.jpg,Dog
processed_images/3344.jpg,Dog
processed_images/5735.jpg,Dog
processed_images/1553.jpg,Dog
processed_images/8211.jpg,Dog
processed_images/7122.jpg,Dog
processed_images/979.jpg,Dog
processed_images/8577.jpg,Dog
processed_images/7644.jpg,Dog
processed_images/9669.jpg,Dog
processed_images/1235.jpg,Dog
processed_images/5053.jpg,Dog
processed_images/11165.jpg,Dog
processed_images/3422.jpg,Dog
processed_images/2728.jpg,Dog
processed_images/5047.jpg,Dog
processed_images/4359.jpg,Dog
processed_images/11171.jpg,Dog
processed_images/3436.jpg,Dog
processed_images/12478.jpg,Dog
processed_images/8563.jpg,Dog
processed_images/7650.jpg,Dog
processed_images/1221.jpg,Dog
processed_images/7888.jpg,Dog
processed_images/1547.jpg,Dog
processed_images/6228.jpg,Dog
processed_images/8205.jpg,Dog
processed_images/7136.jpg,Dog
processed_images/11617.jpg,Dog
processed_images/3350.jpg,Dog
processed_images/5721.jpg,Dog
processed_images/10509.jpg,Dog
processed_images/6200.jpg,Dog
processed_images/9133.jpg,Dog
processed_images/12336.jpg,Dog
processed_images/3378.jpg,Dog
processed_images/4417.jpg,Dog
processed_images/5709.jpg,Dog
processed_images/2066.jpg,Dog
processed_images/10521.jpg,Dog
processed_images/2700.jpg,Dog
processed_images/10247.jpg,Dog
processed_images/4371.jpg,Dog
processed_images/11159.jpg,Dog
processed_images/12450.jpg,Dog
processed_images/7678.jpg,Dog
processed_images/945.jpg,Dog
processed_images/6566.jpg,Dog
processed_images/9655.jpg,Dog
processed_images/1209.jpg,Dog
processed_images/12444.jpg,Dog
processed_images/9899.jpg,Dog
processed_images/951.jpg,Dog
processed_images/6572.jpg,Dog
processed_images/9641.jpg,Dog
processed_images/789.jpg,Dog
processed_images/2714.jpg,Dog
processed_images/10253.jpg,Dog
processed_images/4365.jpg,Dog
processed_images/4403.jpg,Dog
processed_images/2072.jpg,Dog
processed_images/10535.jpg,Dog
processed_images/6214.jpg,Dog
processed_images/9127.jpg,Dog
processed_images/8239.jpg,Dog
processed_images/12322.jpg,Dog
processed_images/1590.jpg,Dog
processed_images/11818.jpg,Dog
processed_images/2099.jpg,Dog
processed_images/3387.jpg,Dog
processed_images/2927.jpg,Dog
processed_images/5090.jpg,Dog
processed_images/6599.jpg,Dog
processed_images/762.jpg,Dog
processed_images/9872.jpg,Dog
processed_images/7687.jpg,Dog
processed_images/776.jpg,Dog
processed_images/9866.jpg,Dog
processed_images/7693.jpg,Dog
processed_images/2933.jpg,Dog
processed_images/5084.jpg,Dog
processed_images/3393.jpg,Dog
processed_images/1584.jpg,Dog
processed_images/11824.jpg,Dog
processed_images/5912.jpg,Dog
processed_images/9696.jpg,Dog
processed_images/7863.jpg,Dog
processed_images/12493.jpg,Dog
processed_images/8588.jpg,Dog
processed_images/986.jpg,Dog
processed_images/10284.jpg,Dog
processed_images/10290.jpg,Dog
processed_images/9682.jpg,Dog
processed_images/7877.jpg,Dog
processed_images/12487.jpg,Dog
processed_images/992.jpg,Dog
processed_images/11830.jpg,Dog
processed_images/5906.jpg,Dog
processed_images/993.jpg,Dog
processed_images/12486.jpg,Dog
processed_images/7876.jpg,Dog
processed_images/9683.jpg,Dog
processed_images/10291.jpg,Dog
processed_images/5907.jpg,Dog
processed_images/11831.jpg,Dog
processed_images/5913.jpg,Dog
processed_images/11825.jpg,Dog
processed_images/10285.jpg,Dog
processed_images/8589.jpg,Dog
processed_images/987.jpg,Dog
processed_images/12492.jpg,Dog
processed_images/7862.jpg,Dog
processed_images/9697.jpg,Dog
processed_images/5085.jpg,Dog
processed_images/2932.jpg,Dog
processed_images/7692.jpg,Dog
processed_images/9867.jpg,Dog
processed_images/777.jpg,Dog
processed_images/1585.jpg,Dog
processed_images/3392.jpg,Dog
processed_images/3386.jpg,Dog
processed_images/2098.jpg,Dog
processed_images/11819.jpg,Dog
processed_images/1591.jpg,Dog
processed_images/7686.jpg,Dog
processed_images/9873.jpg,Dog
processed_images/763.jpg,Dog
processed_images/6598.jpg,Dog
processed_images/5091.jpg,Dog
processed_images/2926.jpg,Dog
processed_images/4364.jpg,Dog
processed_images/10252.jpg,Dog
processed_images/2715.jpg,Dog
processed_images/788.jpg,Dog
processed_images/9640.jpg,Dog
processed_images/6573.jpg,Dog
processed_images/950.jpg,Dog
processed_images/9898.jpg,Dog
processed_images/12445.jpg,Dog
processed_images/12323.jpg,Dog
processed_images/8238.jpg,Dog
processed_images/9126.jpg,Dog
processed_images/6215.jpg,Dog
processed_images/10534.jpg,Dog
processed_images/2073.jpg,Dog
processed_images/4402.jpg,Dog
processed_images/10520.jpg,Dog
processed_images/2067.jpg,Dog
processed_images/5708.jpg,Dog
processed_images/4416.jpg,Dog
processed_images/3379.jpg,Dog
processed_images/12337.jpg,Dog
processed_images/9132.jpg,Dog
processed_images/6201.jpg,Dog
processed_images/1208.jpg,Dog
processed_images/9654.jpg,Dog
processed_images/6567.jpg,Dog
processed_images/944.jpg,Dog
processed_images/7679.jpg,Dog
processed_images/12451.jpg,Dog
processed_images/11158.jpg,Dog
processed_images/4370.jpg,Dog
processed_images/10246.jpg,Dog
processed_images/2701.jpg,Dog
processed_images/7889.jpg,Dog
processed_images/1220.jpg,Dog
processed_images/7651.jpg,Dog
processed_images/8562.jpg,Dog
processed_images/12479.jpg,Dog
processed_images/3437.jpg,Dog
processed_images/11170.jpg,Dog
processed_images/4358.jpg,Dog
processed_images/5046.jpg,Dog
processed_images/2729.jpg,Dog
processed_images/10508.jpg,Dog
processed_images/5720.jpg,Dog
processed_images/3351.jpg,Dog
processed_images/11616.jpg,Dog
processed_images/7137.jpg,Dog
processed_images/8204.jpg,Dog
processed_images/6229.jpg,Dog
processed_images/1546.jpg,Dog
processed_images/7123.jpg,Dog
processed_images/8210.jpg,Dog
processed_images/1552.jpg,Dog
processed_images/5734.jpg,Dog
processed_images/3345.jpg,Dog
processed_images/11602.jpg,Dog
processed_images/3423.jpg,Dog
processed_images/11164.jpg,Dog
processed_images/5052.jpg,Dog
processed_images/1234.jpg,Dog
processed_images/9668.jpg,Dog
processed_images/7645.jpg,Dog
processed_images/978.jpg,Dog
processed_images/8576.jpg,Dog
processed_images/1963.jpg,Dog
processed_images/10093.jpg,Dog
processed_images/3812.jpg,Dog
processed_images/9481.jpg,Dog
processed_images/8947.jpg,Dog
processed_images/549.jpg,Dog
processed_images/9495.jpg,Dog
processed_images/8953.jpg,Dog
processed_images/11399.jpg,Dog
processed_images/10087.jpg,Dog
processed_images/3806.jpg,Dog
processed_images/10939.jpg,Dog
processed_images/1977.jpg,Dog
processed_images/4827.jpg,Dog
processed_images/3190.jpg,Dog
processed_images/10911.jpg,Dog
processed_images/1787.jpg,Dog
processed_images/213.jpg,Dog
processed_images/575.jpg,Dog
processed_images/6956.jpg,Dog
processed_images/7490.jpg,Dog
processed_images/4199.jpg,Dog
processed_images/5287.jpg,Dog
processed_images/5293.jpg,Dog
processed_images/561.jpg,Dog
processed_images/6942.jpg,Dog
processed_images/7484.jpg,Dog
processed_images/207.jpg,Dog
processed_images/1793.jpg,Dog
processed_images/4833.jpg,Dog
processed_images/3184.jpg,Dog
processed_images/10905.jpg,Dog
processed_images/11428.jpg,Dog
processed_images/4600.jpg,Dog
processed_images/2271.jpg,Dog
processed_images/10736.jpg,Dog
processed_images/1778.jpg,Dog
processed_images/6017.jpg,Dog
processed_images/9324.jpg,Dog
processed_images/7309.jpg,Dog
processed_images/12121.jpg,Dog
processed_images/6771.jpg,Dog
processed_images/9442.jpg,Dog
processed_images/8984.jpg,Dog
processed_images/2517.jpg,Dog
processed_images/10050.jpg,Dog
processed_images/5278.jpg,Dog
processed_images/4166.jpg,Dog
processed_images/3609.jpg,Dog
processed_images/2503.jpg,Dog
processed_images/10044.jpg,Dog
processed_images/4172.jpg,Dog
processed_images/8748.jpg,Dog
processed_images/6765.jpg,Dog
processed_images/9456.jpg,Dog
processed_images/8990.jpg,Dog
processed_images/6003.jpg,Dog
processed_images/9330.jpg,Dog
processed_images/12135.jpg,Dog
processed_images/4614.jpg,Dog
processed_images/2265.jpg,Dog
processed_images/10722.jpg,Dog
processed_images/1744.jpg,Dog
processed_images/9318.jpg,Dog
processed_images/8006.jpg,Dog
processed_images/7335.jpg,Dog
processed_images/11414.jpg,Dog
processed_images/3153.jpg,Dog
processed_images/5522.jpg,Dog
processed_images/5244.jpg,Dog
processed_images/11372.jpg,Dog
processed_images/3635.jpg,Dog
processed_images/6995.jpg,Dog
processed_images/8760.jpg,Dog
processed_images/7453.jpg,Dog
processed_images/1022.jpg,Dog
processed_images/6981.jpg,Dog
processed_images/8774.jpg,Dog
processed_images/7447.jpg,Dog
processed_images/6759.jpg,Dog
processed_images/1036.jpg,Dog
processed_images/10078.jpg,Dog
processed_images/5250.jpg,Dog
processed_images/11366.jpg,Dog
processed_images/3621.jpg,Dog
processed_images/11400.jpg,Dog
processed_images/3147.jpg,Dog
processed_images/4628.jpg,Dog
processed_images/5536.jpg,Dog
processed_images/2259.jpg,Dog
processed_images/1750.jpg,Dog
processed_images/8012.jpg,Dog
processed_images/1988.jpg,Dog
processed_images/7321.jpg,Dog
processed_images/12109.jpg,Dog
processed_images/9293.jpg,Dog
processed_images/12096.jpg,Dog
processed_images/1817.jpg,Dog
processed_images/10859.jpg,Dog
processed_images/10681.jpg,Dog
processed_images/3966.jpg,Dog
processed_images/8833.jpg,Dog
processed_images/8827.jpg,Dog
processed_images/429.jpg,Dog
processed_images/3972.jpg,Dog
processed_images/10695.jpg,Dog
processed_images/9287.jpg,Dog
processed_images/12082.jpg,Dog
processed_images/8199.jpg,Dog
processed_images/1803.jpg,Dog
processed_images/10865.jpg,Dog
processed_images/4953.jpg,Dog
processed_images/5495.jpg,Dog
processed_images/367.jpg,Dog
processed_images/7282.jpg,Dog
processed_images/6822.jpg,Dog
processed_images/1195.jpg,Dog
processed_images/401.jpg,Dog
processed_images/3782.jpg,Dog
processed_images/2488.jpg,Dog
processed_images/3796.jpg,Dog
processed_images/6836.jpg,Dog
processed_images/415.jpg,Dog
processed_images/1181.jpg,Dog
processed_images/6188.jpg,Dog
processed_images/373.jpg,Dog
processed_images/7296.jpg,Dog
processed_images/10871.jpg,Dog
processed_images/4947.jpg,Dog
processed_images/5481.jpg,Dog
processed_images/2305.jpg,Dog
processed_images/10642.jpg,Dog
processed_images/4774.jpg,Dog
processed_images/12055.jpg,Dog
processed_images/6163.jpg,Dog
processed_images/9250.jpg,Dog
processed_images/398.jpg,Dog
processed_images/6605.jpg,Dog
processed_images/9536.jpg,Dog
processed_images/8628.jpg,Dog
processed_images/4012.jpg,Dog
processed_images/2463.jpg,Dog
processed_images/10124.jpg,Dog
processed_images/3769.jpg,Dog
processed_images/4006.jpg,Dog
processed_images/5318.jpg,Dog
processed_images/2477.jpg,Dog
processed_images/10130.jpg,Dog
processed_images/6611.jpg,Dog
processed_images/9522.jpg,Dog
processed_images/12041.jpg,Dog
processed_images/7269.jpg,Dog
processed_images/6177.jpg,Dog
processed_images/9244.jpg,Dog
processed_images/1618.jpg,Dog
processed_images/2311.jpg,Dog
processed_images/10656.jpg,Dog
processed_images/4760.jpg,Dog
processed_images/11548.jpg,Dog
processed_images/12069.jpg,Dog
processed_images/8172.jpg,Dog
processed_images/7241.jpg,Dog
processed_images/1630.jpg,Dog
processed_images/4990.jpg,Dog
processed_images/2339.jpg,Dog
processed_images/5456.jpg,Dog
processed_images/4748.jpg,Dog
processed_images/11560.jpg,Dog
processed_images/3027.jpg,Dog
processed_images/11206.jpg,Dog
processed_images/3741.jpg,Dog
processed_images/5330.jpg,Dog
processed_images/3999.jpg,Dog
processed_images/10118.jpg,Dog
processed_images/1156.jpg,Dog
processed_images/6639.jpg,Dog
processed_images/8614.jpg,Dog
processed_images/7527.jpg,Dog
processed_images/1142.jpg,Dog
processed_images/8600.jpg,Dog
processed_images/7533.jpg,Dog
processed_images/11212.jpg,Dog
processed_images/3755.jpg,Dog
processed_images/5324.jpg,Dog
processed_images/4984.jpg,Dog
processed_images/5442.jpg,Dog
processed_images/11574.jpg,Dog
processed_images/3033.jpg,Dog
processed_images/8166.jpg,Dog
processed_images/7255.jpg,Dog
processed_images/9278.jpg,Dog
processed_images/1624.jpg,Dog
processed_images/7902.jpg,Dog
processed_images/11945.jpg,Dog
processed_images/10483.jpg,Dog
processed_images/5873.jpg,Dog
processed_images/12294.jpg,Dog
processed_images/159.jpg,Dog
processed_images/9091.jpg,Dog
processed_images/12280.jpg,Dog
processed_images/9085.jpg,Dog
processed_images/11951.jpg,Dog
processed_images/10497.jpg,Dog
processed_images/5867.jpg,Dog
processed_images/11789.jpg,Dog
processed_images/7916.jpg,Dog
processed_images/2846.jpg,Dog
processed_images/3580.jpg,Dog
processed_images/603.jpg,Dog
processed_images/1397.jpg,Dog
processed_images/9913.jpg,Dog
processed_images/7080.jpg,Dog
processed_images/165.jpg,Dog
processed_images/11979.jpg,Dog
processed_images/5697.jpg,Dog
processed_images/4589.jpg,Dog
processed_images/5683.jpg,Dog
processed_images/7094.jpg,Dog
processed_images/171.jpg,Dog
processed_images/1383.jpg,Dog
processed_images/617.jpg,Dog
processed_images/9907.jpg,Dog
processed_images/2852.jpg,Dog
processed_images/3594.jpg,Dog
processed_images/10326.jpg,Dog
processed_images/2661.jpg,Dog
processed_images/4210.jpg,Dog
processed_images/11038.jpg,Dog
processed_images/824.jpg,Dog
processed_images/7719.jpg,Dog
processed_images/9734.jpg,Dog
processed_images/64.jpg,Dog
processed_images/6407.jpg,Dog
processed_images/1368.jpg,Dog
processed_images/9052.jpg,Dog
processed_images/6361.jpg,Dog
processed_images/12257.jpg,Dog
processed_images/3219.jpg,Dog
processed_images/4576.jpg,Dog
processed_images/5668.jpg,Dog
processed_images/11986.jpg,Dog
processed_images/10440.jpg,Dog
processed_images/2107.jpg,Dog
processed_images/4562.jpg,Dog
processed_images/11992.jpg,Dog
processed_images/10454.jpg,Dog
processed_images/2113.jpg,Dog
processed_images/9046.jpg,Dog
processed_images/6375.jpg,Dog
processed_images/8358.jpg,Dog
processed_images/12243.jpg,Dog
processed_images/830.jpg,Dog
processed_images/9720.jpg,Dog
processed_images/6413.jpg,Dog
processed_images/70.jpg,Dog
processed_images/10332.jpg,Dog
processed_images/2675.jpg,Dog
processed_images/4204.jpg,Dog
processed_images/7725.jpg,Dog
processed_images/818.jpg,Dog
processed_images/8416.jpg,Dog
processed_images/58.jpg,Dog
processed_images/9708.jpg,Dog
processed_images/1354.jpg,Dog
processed_images/5132.jpg,Dog
processed_images/2885.jpg,Dog
processed_images/3543.jpg,Dog
processed_images/11004.jpg,Dog
processed_images/3225.jpg,Dog
processed_images/11762.jpg,Dog
processed_images/5654.jpg,Dog
processed_images/1432.jpg,Dog
processed_images/7043.jpg,Dog
processed_images/8370.jpg,Dog
processed_images/1426.jpg,Dog
processed_images/6349.jpg,Dog
processed_images/7057.jpg,Dog
processed_images/8364.jpg,Dog
processed_images/3231.jpg,Dog
processed_images/11776.jpg,Dog
processed_images/5898.jpg,Dog
processed_images/5640.jpg,Dog
processed_images/10468.jpg,Dog
processed_images/2649.jpg,Dog
processed_images/5126.jpg,Dog
processed_images/2891.jpg,Dog
processed_images/4238.jpg,Dog
processed_images/3557.jpg,Dog
processed_images/11010.jpg,Dog
processed_images/7731.jpg,Dog
processed_images/8402.jpg,Dog
processed_images/1340.jpg,Dog
processed_images/12269.jpg,Dog
processed_images/7041.jpg,Dog
processed_images/8372.jpg,Dog
processed_images/1430.jpg,Dog
processed_images/2139.jpg,Dog
processed_images/5656.jpg,Dog
processed_images/4548.jpg,Dog
processed_images/3227.jpg,Dog
processed_images/11760.jpg,Dog
processed_images/8.jpg,Dog
processed_images/3541.jpg,Dog
processed_images/11006.jpg,Dog
processed_images/2887.jpg,Dog
processed_images/5130.jpg,Dog
processed_images/10318.jpg,Dog
processed_images/1356.jpg,Dog
processed_images/6439.jpg,Dog
processed_images/7727.jpg,Dog
processed_images/8414.jpg,Dog
processed_images/1342.jpg,Dog
processed_images/7733.jpg,Dog
processed_images/8400.jpg,Dog
processed_images/3555.jpg,Dog
processed_images/11012.jpg,Dog
processed_images/2893.jpg,Dog
processed_images/5124.jpg,Dog
processed_images/5642.jpg,Dog
processed_images/3233.jpg,Dog
processed_images/11774.jpg,Dog
processed_images/7055.jpg,Dog
processed_images/8366.jpg,Dog
processed_images/9078.jpg,Dog
processed_images/1424.jpg,Dog
processed_images/10442.jpg,Dog
processed_images/2105.jpg,Dog
processed_images/11984.jpg,Dog
processed_images/4574.jpg,Dog
processed_images/12255.jpg,Dog
processed_images/9050.jpg,Dog
processed_images/6363.jpg,Dog
processed_images/198.jpg,Dog
processed_images/9736.jpg,Dog
processed_images/6405.jpg,Dog
processed_images/66.jpg,Dog
processed_images/8428.jpg,Dog
processed_images/826.jpg,Dog
processed_images/4212.jpg,Dog
processed_images/10324.jpg,Dog
processed_images/2663.jpg,Dog
processed_images/3569.jpg,Dog
processed_images/4206.jpg,Dog
processed_images/5118.jpg,Dog
processed_images/10330.jpg,Dog
processed_images/2677.jpg,Dog
processed_images/9722.jpg,Dog
processed_images/72.jpg,Dog
processed_images/6411.jpg,Dog
processed_images/832.jpg,Dog
processed_images/12241.jpg,Dog
processed_images/7069.jpg,Dog
processed_images/9044.jpg,Dog
processed_images/6377.jpg,Dog
processed_images/1418.jpg,Dog
processed_images/10456.jpg,Dog
processed_images/2111.jpg,Dog
processed_images/11990.jpg,Dog
processed_images/4560.jpg,Dog
processed_images/11748.jpg,Dog
processed_images/5695.jpg,Dog
processed_images/167.jpg,Dog
processed_images/7082.jpg,Dog
processed_images/9911.jpg,Dog
processed_images/1395.jpg,Dog
processed_images/601.jpg,Dog
processed_images/99.jpg,Dog
processed_images/3582.jpg,Dog
processed_images/2844.jpg,Dog
processed_images/2688.jpg,Dog
processed_images/3596.jpg,Dog
processed_images/2850.jpg,Dog
processed_images/9905.jpg,Dog
processed_images/7928.jpg,Dog
processed_images/615.jpg,Dog
processed_images/1381.jpg,Dog
processed_images/6388.jpg,Dog
processed_images/173.jpg,Dog
processed_images/7096.jpg,Dog
processed_images/5859.jpg,Dog
processed_images/5681.jpg,Dog
processed_images/9093.jpg,Dog
processed_images/12296.jpg,Dog
processed_images/5871.jpg,Dog
processed_images/10481.jpg,Dog
processed_images/11947.jpg,Dog
processed_images/2878.jpg,Dog
processed_images/7900.jpg,Dog
processed_images/9939.jpg,Dog
processed_images/629.jpg,Dog
processed_images/7914.jpg,Dog
processed_images/5865.jpg,Dog
processed_images/10495.jpg,Dog
processed_images/11953.jpg,Dog
processed_images/9087.jpg,Dog
processed_images/12282.jpg,Dog
processed_images/8399.jpg,Dog
processed_images/8616.jpg,Dog
processed_images/7525.jpg,Dog
processed_images/9508.jpg,Dog
processed_images/1154.jpg,Dog
processed_images/5332.jpg,Dog
processed_images/11204.jpg,Dog
processed_images/3743.jpg,Dog
processed_images/11562.jpg,Dog
processed_images/3025.jpg,Dog
processed_images/5454.jpg,Dog
processed_images/4992.jpg,Dog
processed_images/1632.jpg,Dog
processed_images/8170.jpg,Dog
processed_images/7243.jpg,Dog
processed_images/1626.jpg,Dog
processed_images/6149.jpg,Dog
processed_images/8164.jpg,Dog
processed_images/7257.jpg,Dog
processed_images/11576.jpg,Dog
processed_images/3031.jpg,Dog
processed_images/5440.jpg,Dog
processed_images/4986.jpg,Dog
processed_images/10668.jpg,Dog
processed_images/2449.jpg,Dog
processed_images/5326.jpg,Dog
processed_images/4038.jpg,Dog
processed_images/11210.jpg,Dog
processed_images/3757.jpg,Dog
processed_images/8602.jpg,Dog
processed_images/7531.jpg,Dog
processed_images/1140.jpg,Dog
processed_images/2461.jpg,Dog
processed_images/10126.jpg,Dog
processed_images/4010.jpg,Dog
processed_images/11238.jpg,Dog
processed_images/7519.jpg,Dog
processed_images/6607.jpg,Dog
processed_images/9534.jpg,Dog
processed_images/1168.jpg,Dog
processed_images/6161.jpg,Dog
processed_images/9252.jpg,Dog
processed_images/12057.jpg,Dog
processed_images/3019.jpg,Dog
processed_images/10898.jpg,Dog
processed_images/4776.jpg,Dog
processed_images/5468.jpg,Dog
processed_images/2307.jpg,Dog
processed_images/10640.jpg,Dog
processed_images/4762.jpg,Dog
processed_images/2313.jpg,Dog
processed_images/10654.jpg,Dog
processed_images/6175.jpg,Dog
processed_images/9246.jpg,Dog
processed_images/8158.jpg,Dog
processed_images/12043.jpg,Dog
processed_images/6613.jpg,Dog
processed_images/9520.jpg,Dog
processed_images/2475.jpg,Dog
processed_images/10132.jpg,Dog
processed_images/4004.jpg,Dog
processed_images/3780.jpg,Dog
processed_images/3958.jpg,Dog
processed_images/403.jpg,Dog
processed_images/1197.jpg,Dog
processed_images/6820.jpg,Dog
processed_images/1829.jpg,Dog
processed_images/7280.jpg,Dog
processed_images/365.jpg,Dog
processed_images/5497.jpg,Dog
processed_images/4951.jpg,Dog
processed_images/4789.jpg,Dog
processed_images/10867.jpg,Dog
processed_images/5483.jpg,Dog
processed_images/4945.jpg,Dog
processed_images/10873.jpg,Dog
processed_images/7294.jpg,Dog
processed_images/371.jpg,Dog
processed_images/1183.jpg,Dog
processed_images/417.jpg,Dog
processed_images/8819.jpg,Dog
processed_images/6834.jpg,Dog
processed_images/3794.jpg,Dog
processed_images/8831.jpg,Dog
processed_images/3964.jpg,Dog
processed_images/10683.jpg,Dog
processed_images/1815.jpg,Dog
processed_images/12094.jpg,Dog
processed_images/359.jpg,Dog
processed_images/9291.jpg,Dog
processed_images/1801.jpg,Dog
processed_images/12080.jpg,Dog
processed_images/9285.jpg,Dog
processed_images/10697.jpg,Dog
processed_images/4979.jpg,Dog
processed_images/11589.jpg,Dog
processed_images/3970.jpg,Dog
processed_images/8825.jpg,Dog
processed_images/6808.jpg,Dog
processed_images/1020.jpg,Dog
processed_images/8762.jpg,Dog
processed_images/7451.jpg,Dog
processed_images/6997.jpg,Dog
processed_images/11370.jpg,Dog
processed_images/3637.jpg,Dog
processed_images/4158.jpg,Dog
processed_images/5246.jpg,Dog
processed_images/2529.jpg,Dog
processed_images/10708.jpg,Dog
processed_images/5520.jpg,Dog
processed_images/11416.jpg,Dog
processed_images/3151.jpg,Dog
processed_images/8004.jpg,Dog
processed_images/7337.jpg,Dog
processed_images/6029.jpg,Dog
processed_images/1746.jpg,Dog
processed_images/8010.jpg,Dog
processed_images/7323.jpg,Dog
processed_images/1752.jpg,Dog
processed_images/5534.jpg,Dog
processed_images/11402.jpg,Dog
processed_images/3145.jpg,Dog
processed_images/11364.jpg,Dog
processed_images/3623.jpg,Dog
processed_images/5252.jpg,Dog
processed_images/1034.jpg,Dog
processed_images/9468.jpg,Dog
processed_images/8776.jpg,Dog
processed_images/7445.jpg,Dog
processed_images/6983.jpg,Dog
processed_images/4164.jpg,Dog
processed_images/2515.jpg,Dog
processed_images/10052.jpg,Dog
processed_images/8986.jpg,Dog
processed_images/588.jpg,Dog
processed_images/6773.jpg,Dog
processed_images/9440.jpg,Dog
processed_images/12123.jpg,Dog
processed_images/8038.jpg,Dog
processed_images/6015.jpg,Dog
processed_images/9326.jpg,Dog
processed_images/2273.jpg,Dog
processed_images/10734.jpg,Dog
processed_images/4602.jpg,Dog
processed_images/2267.jpg,Dog
processed_images/10720.jpg,Dog
processed_images/5508.jpg,Dog
processed_images/4616.jpg,Dog
processed_images/3179.jpg,Dog
processed_images/12137.jpg,Dog
processed_images/6001.jpg,Dog
processed_images/9332.jpg,Dog
processed_images/1008.jpg,Dog
processed_images/8992.jpg,Dog
processed_images/6767.jpg,Dog
processed_images/9454.jpg,Dog
processed_images/7479.jpg,Dog
processed_images/11358.jpg,Dog
processed_images/4170.jpg,Dog
processed_images/2501.jpg,Dog
processed_images/10046.jpg,Dog
processed_images/5285.jpg,Dog
processed_images/7492.jpg,Dog
processed_images/6954.jpg,Dog
processed_images/577.jpg,Dog
processed_images/8979.jpg,Dog
processed_images/211.jpg,Dog
processed_images/1785.jpg,Dog
processed_images/10913.jpg,Dog
processed_images/3192.jpg,Dog
processed_images/4825.jpg,Dog
processed_images/10907.jpg,Dog
processed_images/3186.jpg,Dog
processed_images/4831.jpg,Dog
processed_images/2298.jpg,Dog
processed_images/1791.jpg,Dog
processed_images/205.jpg,Dog
processed_images/1949.jpg,Dog
processed_images/7486.jpg,Dog
processed_images/6940.jpg,Dog
processed_images/563.jpg,Dog
processed_images/6798.jpg,Dog
processed_images/5291.jpg,Dog
processed_images/3838.jpg,Dog
processed_images/6968.jpg,Dog
processed_images/8945.jpg,Dog
processed_images/9483.jpg,Dog
processed_images/3810.jpg,Dog
processed_images/10091.jpg,Dog
processed_images/4819.jpg,Dog
processed_images/1961.jpg,Dog
processed_images/239.jpg,Dog
processed_images/1975.jpg,Dog
processed_images/3804.jpg,Dog
processed_images/10085.jpg,Dog
processed_images/8789.jpg,Dog
processed_images/8951.jpg,Dog
processed_images/9497.jpg,Dog
processed_images/1544.jpg,Dog
processed_images/9118.jpg,Dog
processed_images/7135.jpg,Dog
processed_images/8206.jpg,Dog
processed_images/3353.jpg,Dog
processed_images/11614.jpg,Dog
processed_images/5722.jpg,Dog
processed_images/5044.jpg,Dog
processed_images/3435.jpg,Dog
processed_images/11172.jpg,Dog
processed_images/7653.jpg,Dog
processed_images/8560.jpg,Dog
processed_images/1222.jpg,Dog
processed_images/7647.jpg,Dog
processed_images/8574.jpg,Dog
processed_images/6559.jpg,Dog
processed_images/1236.jpg,Dog
processed_images/10278.jpg,Dog
processed_images/5050.jpg,Dog
processed_images/3421.jpg,Dog
processed_images/11166.jpg,Dog
processed_images/3347.jpg,Dog
processed_images/11600.jpg,Dog
processed_images/4428.jpg,Dog
processed_images/5736.jpg,Dog
processed_images/2059.jpg,Dog
processed_images/1550.jpg,Dog
processed_images/7121.jpg,Dog
processed_images/8212.jpg,Dog
processed_images/12309.jpg,Dog
processed_images/11628.jpg,Dog
processed_images/4400.jpg,Dog
processed_images/10536.jpg,Dog
processed_images/2071.jpg,Dog
processed_images/1578.jpg,Dog
processed_images/9124.jpg,Dog
processed_images/6217.jpg,Dog
processed_images/7109.jpg,Dog
processed_images/12321.jpg,Dog
processed_images/12447.jpg,Dog
processed_images/952.jpg,Dog
processed_images/9642.jpg,Dog
processed_images/6571.jpg,Dog
processed_images/10250.jpg,Dog
processed_images/2717.jpg,Dog
processed_images/5078.jpg,Dog
processed_images/4366.jpg,Dog
processed_images/3409.jpg,Dog
processed_images/10244.jpg,Dog
processed_images/2703.jpg,Dog
processed_images/4372.jpg,Dog
processed_images/12453.jpg,Dog
processed_images/8548.jpg,Dog
processed_images/946.jpg,Dog
processed_images/9656.jpg,Dog
processed_images/6565.jpg,Dog
processed_images/9130.jpg,Dog
processed_images/6203.jpg,Dog
processed_images/12335.jpg,Dog
processed_images/4414.jpg,Dog
processed_images/10522.jpg,Dog
processed_images/2065.jpg,Dog
processed_images/3390.jpg,Dog
processed_images/5939.jpg,Dog
processed_images/1587.jpg,Dog
processed_images/7848.jpg,Dog
processed_images/775.jpg,Dog
processed_images/9865.jpg,Dog
processed_images/7690.jpg,Dog
processed_images/2930.jpg,Dog
processed_images/4399.jpg,Dog
processed_images/5087.jpg,Dog
processed_images/2924.jpg,Dog
processed_images/5093.jpg,Dog
processed_images/761.jpg,Dog
processed_images/9871.jpg,Dog
processed_images/7684.jpg,Dog
processed_images/1593.jpg,Dog
processed_images/3384.jpg,Dog
processed_images/11833.jpg,Dog
processed_images/5905.jpg,Dog
processed_images/10293.jpg,Dog
processed_images/9681.jpg,Dog
processed_images/749.jpg,Dog
processed_images/7874.jpg,Dog
processed_images/9859.jpg,Dog
processed_images/12484.jpg,Dog
processed_images/991.jpg,Dog
processed_images/9695.jpg,Dog
processed_images/7860.jpg,Dog
processed_images/12490.jpg,Dog
processed_images/985.jpg,Dog
processed_images/2918.jpg,Dog
processed_images/11199.jpg,Dog
processed_images/10287.jpg,Dog
processed_images/11827.jpg,Dog
processed_images/5911.jpg,Dog
processed_images/10286.jpg,Dog
processed_images/11198.jpg,Dog
processed_images/2919.jpg,Dog
processed_images/984.jpg,Dog
processed_images/12491.jpg,Dog
processed_images/7861.jpg,Dog
processed_images/9694.jpg,Dog
processed_images/5910.jpg,Dog
processed_images/11826.jpg,Dog
processed_images/5904.jpg,Dog
processed_images/11832.jpg,Dog
processed_images/990.jpg,Dog
processed_images/12485.jpg,Dog
processed_images/9858.jpg,Dog
processed_images/7875.jpg,Dog
processed_images/748.jpg,Dog
processed_images/9680.jpg,Dog
processed_images/10292.jpg,Dog
processed_images/7685.jpg,Dog
processed_images/9870.jpg,Dog
processed_images/760.jpg,Dog
processed_images/5092.jpg,Dog
processed_images/2925.jpg,Dog
processed_images/3385.jpg,Dog
processed_images/1592.jpg,Dog
processed_images/1586.jpg,Dog
processed_images/5938.jpg,Dog
processed_images/3391.jpg,Dog
processed_images/5086.jpg,Dog
processed_images/4398.jpg,Dog
processed_images/2931.jpg,Dog
processed_images/7691.jpg,Dog
processed_images/9864.jpg,Dog
processed_images/774.jpg,Dog
processed_images/7849.jpg,Dog
processed_images/6564.jpg,Dog
processed_images/9657.jpg,Dog
processed_images/8549.jpg,Dog
processed_images/947.jpg,Dog
processed_images/12452.jpg,Dog
processed_images/4373.jpg,Dog
processed_images/2702.jpg,Dog
processed_images/10245.jpg,Dog
processed_images/2064.jpg,Dog
processed_images/10523.jpg,Dog
processed_images/4415.jpg,Dog
processed_images/12334.jpg,Dog
processed_images/6202.jpg,Dog
processed_images/9131.jpg,Dog
processed_images/12320.jpg,Dog
processed_images/7108.jpg,Dog
processed_images/6216.jpg,Dog
processed_images/9125.jpg,Dog
processed_images/1579.jpg,Dog
processed_images/2070.jpg,Dog
processed_images/10537.jpg,Dog
processed_images/4401.jpg,Dog
processed_images/11629.jpg,Dog
processed_images/3408.jpg,Dog
processed_images/4367.jpg,Dog
processed_images/5079.jpg,Dog
processed_images/2716.jpg,Dog
processed_images/10251.jpg,Dog
processed_images/6570.jpg,Dog
processed_images/9643.jpg,Dog
processed_images/953.jpg,Dog
processed_images/12446.jpg,Dog
processed_images/11167.jpg,Dog
processed_images/3420.jpg,Dog
processed_images/5051.jpg,Dog
processed_images/10279.jpg,Dog
processed_images/1237.jpg,Dog
processed_images/6558.jpg,Dog
processed_images/8575.jpg,Dog
processed_images/7646.jpg,Dog
processed_images/12308.jpg,Dog
processed_images/8213.jpg,Dog
processed_images/7120.jpg,Dog
processed_images/1551.jpg,Dog
processed_images/2058.jpg,Dog
processed_images/5737.jpg,Dog
processed_images/4429.jpg,Dog
processed_images/11601.jpg,Dog
processed_images/3346.jpg,Dog
processed_images/5723.jpg,Dog
processed_images/11615.jpg,Dog
processed_images/3352.jpg,Dog
processed_images/8207.jpg,Dog
processed_images/7134.jpg,Dog
processed_images/9119.jpg,Dog
processed_images/1545.jpg,Dog
processed_images/1223.jpg,Dog
processed_images/8561.jpg,Dog
processed_images/7652.jpg,Dog
processed_images/11173.jpg,Dog
processed_images/3434.jpg,Dog
processed_images/5045.jpg,Dog
processed_images/1974.jpg,Dog
processed_images/238.jpg,Dog
processed_images/9496.jpg,Dog
processed_images/8950.jpg,Dog
processed_images/8788.jpg,Dog
processed_images/10084.jpg,Dog
processed_images/3805.jpg,Dog
processed_images/10090.jpg,Dog
processed_images/3811.jpg,Dog
processed_images/9482.jpg,Dog
processed_images/8944.jpg,Dog
processed_images/6969.jpg,Dog
processed_images/1960.jpg,Dog
processed_images/4818.jpg,Dog
processed_images/1948.jpg,Dog
processed_images/204.jpg,Dog
processed_images/1790.jpg,Dog
processed_images/2299.jpg,Dog
processed_images/4830.jpg,Dog
processed_images/3187.jpg,Dog
processed_images/10906.jpg,Dog
processed_images/3839.jpg,Dog
processed_images/5290.jpg,Dog
processed_images/6799.jpg,Dog
processed_images/562.jpg,Dog
processed_images/6941.jpg,Dog
processed_images/7487.jpg,Dog
processed_images/576.jpg,Dog
processed_images/8978.jpg,Dog
processed_images/6955.jpg,Dog
processed_images/7493.jpg,Dog
processed_images/5284.jpg,Dog
processed_images/4824.jpg,Dog
processed_images/3193.jpg,Dog
processed_images/10912.jpg,Dog
processed_images/1784.jpg,Dog
processed_images/210.jpg,Dog
processed_images/9333.jpg,Dog
processed_images/6000.jpg,Dog
processed_images/12136.jpg,Dog
processed_images/3178.jpg,Dog
processed_images/4617.jpg,Dog
processed_images/5509.jpg,Dog
processed_images/10721.jpg,Dog
processed_images/2266.jpg,Dog
processed_images/10047.jpg,Dog
processed_images/2500.jpg,Dog
processed_images/4171.jpg,Dog
processed_images/11359.jpg,Dog
processed_images/7478.jpg,Dog
processed_images/9455.jpg,Dog
processed_images/6766.jpg,Dog
processed_images/1009.jpg,Dog
processed_images/8993.jpg,Dog
processed_images/9441.jpg,Dog
processed_images/6772.jpg,Dog
processed_images/8987.jpg,Dog
processed_images/589.jpg,Dog
processed_images/10053.jpg,Dog
processed_images/2514.jpg,Dog
processed_images/4165.jpg,Dog
processed_images/4603.jpg,Dog
processed_images/10735.jpg,Dog
processed_images/2272.jpg,Dog
processed_images/9327.jpg,Dog
processed_images/6014.jpg,Dog
processed_images/8039.jpg,Dog
processed_images/12122.jpg,Dog
processed_images/3144.jpg,Dog
processed_images/11403.jpg,Dog
processed_images/5535.jpg,Dog
processed_images/1753.jpg,Dog
processed_images/7322.jpg,Dog
processed_images/8011.jpg,Dog
processed_images/6982.jpg,Dog
processed_images/7444.jpg,Dog
processed_images/8777.jpg,Dog
processed_images/9469.jpg,Dog
processed_images/1035.jpg,Dog
processed_images/5253.jpg,Dog
processed_images/3622.jpg,Dog
processed_images/11365.jpg,Dog
processed_images/2528.jpg,Dog
processed_images/5247.jpg,Dog
processed_images/4159.jpg,Dog
processed_images/3636.jpg,Dog
processed_images/11371.jpg,Dog
processed_images/6996.jpg,Dog
processed_images/7450.jpg,Dog
processed_images/8763.jpg,Dog
processed_images/1021.jpg,Dog
processed_images/1747.jpg,Dog
processed_images/6028.jpg,Dog
processed_images/7336.jpg,Dog
processed_images/8005.jpg,Dog
processed_images/3150.jpg,Dog
processed_images/11417.jpg,Dog
processed_images/5521.jpg,Dog
processed_images/10709.jpg,Dog
processed_images/11588.jpg,Dog
processed_images/10696.jpg,Dog
processed_images/4978.jpg,Dog
processed_images/9284.jpg,Dog
processed_images/12081.jpg,Dog
processed_images/1800.jpg,Dog
processed_images/6809.jpg,Dog
processed_images/8824.jpg,Dog
processed_images/3971.jpg,Dog
processed_images/3965.jpg,Dog
processed_images/8830.jpg,Dog
processed_images/9290.jpg,Dog
processed_images/358.jpg,Dog
processed_images/12095.jpg,Dog
processed_images/1814.jpg,Dog
processed_images/10682.jpg,Dog
processed_images/370.jpg,Dog
processed_images/7295.jpg,Dog
processed_images/10872.jpg,Dog
processed_images/4944.jpg,Dog
processed_images/5482.jpg,Dog
processed_images/3795.jpg,Dog
processed_images/6835.jpg,Dog
processed_images/416.jpg,Dog
processed_images/1182.jpg,Dog
processed_images/8818.jpg,Dog
processed_images/6821.jpg,Dog
processed_images/1196.jpg,Dog
processed_images/402.jpg,Dog
processed_images/3959.jpg,Dog
processed_images/3781.jpg,Dog
processed_images/4788.jpg,Dog
processed_images/10866.jpg,Dog
processed_images/4950.jpg,Dog
processed_images/5496.jpg,Dog
processed_images/364.jpg,Dog
processed_images/7281.jpg,Dog
processed_images/1828.jpg,Dog
processed_images/12042.jpg,Dog
processed_images/8159.jpg,Dog
processed_images/9247.jpg,Dog
processed_images/6174.jpg,Dog
processed_images/10655.jpg,Dog
processed_images/2312.jpg,Dog
processed_images/4763.jpg,Dog
processed_images/4005.jpg,Dog
processed_images/10133.jpg,Dog
processed_images/2474.jpg,Dog
processed_images/9521.jpg,Dog
processed_images/6612.jpg,Dog
processed_images/1169.jpg,Dog
processed_images/9535.jpg,Dog
processed_images/6606.jpg,Dog
processed_images/7518.jpg,Dog
processed_images/11239.jpg,Dog
processed_images/4011.jpg,Dog
processed_images/10127.jpg,Dog
processed_images/2460.jpg,Dog
processed_images/10641.jpg,Dog
processed_images/2306.jpg,Dog
processed_images/5469.jpg,Dog
processed_images/10899.jpg,Dog
processed_images/4777.jpg,Dog
processed_images/3018.jpg,Dog
processed_images/12056.jpg,Dog
processed_images/9253.jpg,Dog
processed_images/6160.jpg,Dog
processed_images/4987.jpg,Dog
processed_images/10669.jpg,Dog
processed_images/5441.jpg,Dog
processed_images/3030.jpg,Dog
processed_images/11577.jpg,Dog
processed_images/7256.jpg,Dog
processed_images/8165.jpg,Dog
processed_images/6148.jpg,Dog
processed_images/1627.jpg,Dog
processed_images/1141.jpg,Dog
processed_images/7530.jpg,Dog
processed_images/8603.jpg,Dog
processed_images/3756.jpg,Dog
processed_images/11211.jpg,Dog
processed_images/4039.jpg,Dog
processed_images/5327.jpg,Dog
processed_images/2448.jpg,Dog
processed_images/3742.jpg,Dog
processed_images/11205.jpg,Dog
processed_images/5333.jpg,Dog
processed_images/1155.jpg,Dog
processed_images/9509.jpg,Dog
processed_images/7524.jpg,Dog
processed_images/8617.jpg,Dog
processed_images/7242.jpg,Dog
processed_images/8171.jpg,Dog
processed_images/1633.jpg,Dog
processed_images/4993.jpg,Dog
processed_images/5455.jpg,Dog
processed_images/3024.jpg,Dog
processed_images/11563.jpg,Dog
processed_images/7915.jpg,Dog
processed_images/628.jpg,Dog
processed_images/9938.jpg,Dog
processed_images/8398.jpg,Dog
processed_images/12283.jpg,Dog
processed_images/9086.jpg,Dog
processed_images/11952.jpg,Dog
processed_images/10494.jpg,Dog
processed_images/5864.jpg,Dog
processed_images/11946.jpg,Dog
processed_images/10480.jpg,Dog
processed_images/5870.jpg,Dog
processed_images/12297.jpg,Dog
processed_images/9092.jpg,Dog
processed_images/7901.jpg,Dog
processed_images/2879.jpg,Dog
processed_images/1380.jpg,Dog
processed_images/614.jpg,Dog
processed_images/7929.jpg,Dog
processed_images/9904.jpg,Dog
processed_images/2851.jpg,Dog
processed_images/3597.jpg,Dog
processed_images/2689.jpg,Dog
processed_images/5680.jpg,Dog
processed_images/5858.jpg,Dog
processed_images/7097.jpg,Dog
processed_images/172.jpg,Dog
processed_images/6389.jpg,Dog
processed_images/7083.jpg,Dog
processed_images/166.jpg,Dog
processed_images/5694.jpg,Dog
processed_images/2845.jpg,Dog
processed_images/3583.jpg,Dog
processed_images/98.jpg,Dog
processed_images/600.jpg,Dog
processed_images/1394.jpg,Dog
processed_images/9910.jpg,Dog
processed_images/833.jpg,Dog
processed_images/73.jpg,Dog
processed_images/6410.jpg,Dog
processed_images/9723.jpg,Dog
processed_images/2676.jpg,Dog
processed_images/10331.jpg,Dog
processed_images/5119.jpg,Dog
processed_images/4207.jpg,Dog
processed_images/3568.jpg,Dog
processed_images/11749.jpg,Dog
processed_images/4561.jpg,Dog
processed_images/11991.jpg,Dog
processed_images/2110.jpg,Dog
processed_images/10457.jpg,Dog
processed_images/1419.jpg,Dog
processed_images/6376.jpg,Dog
processed_images/9045.jpg,Dog
processed_images/7068.jpg,Dog
processed_images/12240.jpg,Dog
processed_images/199.jpg,Dog
processed_images/6362.jpg,Dog
processed_images/9051.jpg,Dog
processed_images/12254.jpg,Dog
processed_images/4575.jpg,Dog
processed_images/11985.jpg,Dog
processed_images/2104.jpg,Dog
processed_images/10443.jpg,Dog
processed_images/2662.jpg,Dog
processed_images/10325.jpg,Dog
processed_images/4213.jpg,Dog
processed_images/8429.jpg,Dog
processed_images/827.jpg,Dog
processed_images/6404.jpg,Dog
processed_images/67.jpg,Dog
processed_images/9737.jpg,Dog
processed_images/5125.jpg,Dog
processed_images/2892.jpg,Dog
processed_images/11013.jpg,Dog
processed_images/3554.jpg,Dog
processed_images/8401.jpg,Dog
processed_images/7732.jpg,Dog
processed_images/1343.jpg,Dog
processed_images/1425.jpg,Dog
processed_images/9079.jpg,Dog
processed_images/8367.jpg,Dog
processed_images/7054.jpg,Dog
processed_images/11775.jpg,Dog
processed_images/3232.jpg,Dog
processed_images/5643.jpg,Dog
processed_images/11761.jpg,Dog
processed_images/9.jpg,Dog
processed_images/3226.jpg,Dog
processed_images/4549.jpg,Dog
processed_images/5657.jpg,Dog
processed_images/2138.jpg,Dog
processed_images/1431.jpg,Dog
processed_images/8373.jpg,Dog
processed_images/7040.jpg,Dog
processed_images/12268.jpg,Dog
processed_images/8415.jpg,Dog
processed_images/7726.jpg,Dog
processed_images/6438.jpg,Dog
processed_images/1357.jpg,Dog
processed_images/10319.jpg,Dog
processed_images/5131.jpg,Dog
processed_images/2886.jpg,Dog
processed_images/11007.jpg,Dog
processed_images/3540.jpg,Dog
processed_images/8328.jpg,Dog
processed_images/12233.jpg,Dog
processed_images/6305.jpg,Dog
processed_images/9036.jpg,Dog
processed_images/2163.jpg,Dog
processed_images/10424.jpg,Dog
processed_images/4512.jpg,Dog
processed_images/4274.jpg,Dog
processed_images/2605.jpg,Dog
processed_images/10342.jpg,Dog
processed_images/6463.jpg,Dog
processed_images/9750.jpg,Dog
processed_images/698.jpg,Dog
processed_images/9988.jpg,Dog
processed_images/840.jpg,Dog
processed_images/14.jpg,Dog
processed_images/6477.jpg,Dog
processed_images/9744.jpg,Dog
processed_images/1318.jpg,Dog
processed_images/7769.jpg,Dog
processed_images/854.jpg,Dog
processed_images/4260.jpg,Dog
processed_images/11048.jpg,Dog
processed_images/2611.jpg,Dog
processed_images/10356.jpg,Dog
processed_images/5618.jpg,Dog
processed_images/2177.jpg,Dog
processed_images/10430.jpg,Dog
processed_images/3269.jpg,Dog
processed_images/4506.jpg,Dog
processed_images/12227.jpg,Dog
processed_images/6311.jpg,Dog
processed_images/9022.jpg,Dog
processed_images/5630.jpg,Dog
processed_images/10418.jpg,Dog
processed_images/11706.jpg,Dog
processed_images/3241.jpg,Dog
processed_images/8314.jpg,Dog
processed_images/7027.jpg,Dog
processed_images/1456.jpg,Dog
processed_images/6339.jpg,Dog
processed_images/1330.jpg,Dog
processed_images/7999.jpg,Dog
processed_images/8472.jpg,Dog
processed_images/7741.jpg,Dog
processed_images/4248.jpg,Dog
processed_images/11060.jpg,Dog
processed_images/3527.jpg,Dog
processed_images/2639.jpg,Dog
processed_images/5156.jpg,Dog
processed_images/11074.jpg,Dog
processed_images/3533.jpg,Dog
processed_images/5142.jpg,Dog
processed_images/9778.jpg,Dog
processed_images/28.jpg,Dog
processed_images/1324.jpg,Dog
processed_images/868.jpg,Dog
processed_images/8466.jpg,Dog
processed_images/7755.jpg,Dog
processed_images/8300.jpg,Dog
processed_images/7033.jpg,Dog
processed_images/1442.jpg,Dog
processed_images/5624.jpg,Dog
processed_images/11712.jpg,Dog
processed_images/3255.jpg,Dog
processed_images/5817.jpg,Dog
processed_images/11921.jpg,Dog
processed_images/883.jpg,Dog
processed_images/9793.jpg,Dog
processed_images/7966.jpg,Dog
processed_images/10381.jpg,Dog
processed_images/10395.jpg,Dog
processed_images/8499.jpg,Dog
processed_images/897.jpg,Dog
processed_images/9787.jpg,Dog
processed_images/7972.jpg,Dog
processed_images/129.jpg,Dog
processed_images/5803.jpg,Dog
processed_images/11935.jpg,Dog
processed_images/1495.jpg,Dog
processed_images/101.jpg,Dog
processed_images/3282.jpg,Dog
processed_images/5195.jpg,Dog
processed_images/2822.jpg,Dog
processed_images/9977.jpg,Dog
processed_images/7782.jpg,Dog
processed_images/667.jpg,Dog
processed_images/9963.jpg,Dog
processed_images/7796.jpg,Dog
processed_images/6488.jpg,Dog
processed_images/673.jpg,Dog
processed_images/5181.jpg,Dog
processed_images/2836.jpg,Dog
processed_images/3296.jpg,Dog
processed_images/11909.jpg,Dog
processed_images/2188.jpg,Dog
processed_images/115.jpg,Dog
processed_images/1481.jpg,Dog
processed_images/8894.jpg,Dog
processed_images/9552.jpg,Dog
processed_images/6661.jpg,Dog
processed_images/5368.jpg,Dog
processed_images/10140.jpg,Dog
processed_images/2407.jpg,Dog
processed_images/3719.jpg,Dog
processed_images/4076.jpg,Dog
processed_images/4710.jpg,Dog
processed_images/11538.jpg,Dog
processed_images/10626.jpg,Dog
processed_images/2361.jpg,Dog
processed_images/9234.jpg,Dog
processed_images/6107.jpg,Dog
processed_images/1668.jpg,Dog
processed_images/12031.jpg,Dog
processed_images/7219.jpg,Dog
processed_images/9220.jpg,Dog
processed_images/6113.jpg,Dog
processed_images/12025.jpg,Dog
processed_images/4704.jpg,Dog
processed_images/10632.jpg,Dog
processed_images/2375.jpg,Dog
processed_images/10154.jpg,Dog
processed_images/2413.jpg,Dog
processed_images/4062.jpg,Dog
processed_images/8658.jpg,Dog
processed_images/8880.jpg,Dog
processed_images/9546.jpg,Dog
processed_images/6675.jpg,Dog
processed_images/5354.jpg,Dog
processed_images/3725.jpg,Dog
processed_images/11262.jpg,Dog
processed_images/7543.jpg,Dog
processed_images/8670.jpg,Dog
processed_images/6885.jpg,Dog
processed_images/1132.jpg,Dog
processed_images/9208.jpg,Dog
processed_images/1654.jpg,Dog
processed_images/7225.jpg,Dog
processed_images/8116.jpg,Dog
processed_images/3043.jpg,Dog
processed_images/11504.jpg,Dog
processed_images/5432.jpg,Dog
processed_images/4738.jpg,Dog
processed_images/3057.jpg,Dog
processed_images/11510.jpg,Dog
processed_images/2349.jpg,Dog
processed_images/5426.jpg,Dog
processed_images/1640.jpg,Dog
processed_images/12019.jpg,Dog
processed_images/7231.jpg,Dog
processed_images/8102.jpg,Dog
processed_images/1898.jpg,Dog
processed_images/7557.jpg,Dog
processed_images/8664.jpg,Dog
processed_images/6891.jpg,Dog
processed_images/1126.jpg,Dog
processed_images/6649.jpg,Dog
processed_images/5340.jpg,Dog
processed_images/10168.jpg,Dog
processed_images/3731.jpg,Dog
processed_images/11276.jpg,Dog
processed_images/3902.jpg,Dog
processed_images/10183.jpg,Dog
processed_images/8857.jpg,Dog
processed_images/459.jpg,Dog
processed_images/9591.jpg,Dog
processed_images/1873.jpg,Dog
processed_images/10829.jpg,Dog
processed_images/1867.jpg,Dog
processed_images/8843.jpg,Dog
processed_images/9585.jpg,Dog
processed_images/11289.jpg,Dog
processed_images/3916.jpg,Dog
processed_images/10197.jpg,Dog
processed_images/465.jpg,Dog
processed_images/7580.jpg,Dog
processed_images/6846.jpg,Dog
processed_images/4089.jpg,Dog
processed_images/5397.jpg,Dog
processed_images/4937.jpg,Dog
processed_images/10801.jpg,Dog
processed_images/3080.jpg,Dog
processed_images/303.jpg,Dog
processed_images/1697.jpg,Dog
processed_images/1683.jpg,Dog
processed_images/317.jpg,Dog
processed_images/4923.jpg,Dog
processed_images/10815.jpg,Dog
processed_images/3094.jpg,Dog
processed_images/5383.jpg,Dog
processed_images/471.jpg,Dog
processed_images/7594.jpg,Dog
processed_images/6852.jpg,Dog
processed_images/9426.jpg,Dog
processed_images/6715.jpg,Dog
processed_images/8738.jpg,Dog
processed_images/4102.jpg,Dog
processed_images/10034.jpg,Dog
processed_images/2573.jpg,Dog
processed_images/10752.jpg,Dog
processed_images/2215.jpg,Dog
processed_images/4664.jpg,Dog
processed_images/12145.jpg,Dog
processed_images/288.jpg,Dog
processed_images/9340.jpg,Dog
processed_images/6073.jpg,Dog
processed_images/7379.jpg,Dog
processed_images/12151.jpg,Dog
processed_images/1708.jpg,Dog
processed_images/9354.jpg,Dog
processed_images/6067.jpg,Dog
processed_images/10746.jpg,Dog
processed_images/2201.jpg,Dog
processed_images/11458.jpg,Dog
processed_images/4670.jpg,Dog
processed_images/4116.jpg,Dog
processed_images/3679.jpg,Dog
processed_images/10020.jpg,Dog
processed_images/2567.jpg,Dog
processed_images/5208.jpg,Dog
processed_images/9432.jpg,Dog
processed_images/6701.jpg,Dog
processed_images/3651.jpg,Dog
processed_images/11316.jpg,Dog
processed_images/10008.jpg,Dog
processed_images/3889.jpg,Dog
processed_images/5220.jpg,Dog
processed_images/6729.jpg,Dog
processed_images/1046.jpg,Dog
processed_images/7437.jpg,Dog
processed_images/8704.jpg,Dog
processed_images/7351.jpg,Dog
processed_images/8062.jpg,Dog
processed_images/12179.jpg,Dog
processed_images/1720.jpg,Dog
processed_images/5546.jpg,Dog
processed_images/2229.jpg,Dog
processed_images/4880.jpg,Dog
processed_images/3137.jpg,Dog
processed_images/11470.jpg,Dog
processed_images/4658.jpg,Dog
processed_images/5552.jpg,Dog
processed_images/4894.jpg,Dog
processed_images/3123.jpg,Dog
processed_images/11464.jpg,Dog
processed_images/7345.jpg,Dog
processed_images/8076.jpg,Dog
processed_images/1734.jpg,Dog
processed_images/9368.jpg,Dog
processed_images/1052.jpg,Dog
processed_images/7423.jpg,Dog
processed_images/8710.jpg,Dog
processed_images/3645.jpg,Dog
processed_images/11302.jpg,Dog
processed_images/5234.jpg,Dog
processed_images/3876.jpg,Dog
processed_images/8923.jpg,Dog
processed_images/9383.jpg,Dog
processed_images/1907.jpg,Dog
processed_images/12186.jpg,Dog
processed_images/10949.jpg,Dog
processed_images/10791.jpg,Dog
processed_images/10785.jpg,Dog
processed_images/9397.jpg,Dog
processed_images/8089.jpg,Dog
processed_images/1913.jpg,Dog
processed_images/12192.jpg,Dog
processed_images/8937.jpg,Dog
processed_images/539.jpg,Dog
processed_images/3862.jpg,Dog
processed_images/6932.jpg,Dog
processed_images/511.jpg,Dog
processed_images/1085.jpg,Dog
processed_images/3692.jpg,Dog
processed_images/10975.jpg,Dog
processed_images/5585.jpg,Dog
processed_images/4843.jpg,Dog
processed_images/277.jpg,Dog
processed_images/7392.jpg,Dog
processed_images/263.jpg,Dog
processed_images/6098.jpg,Dog
processed_images/7386.jpg,Dog
processed_images/10961.jpg,Dog
processed_images/5591.jpg,Dog
processed_images/4857.jpg,Dog
processed_images/2598.jpg,Dog
processed_images/3686.jpg,Dog
processed_images/6926.jpg,Dog
processed_images/1091.jpg,Dog
processed_images/505.jpg,Dog
processed_images/6271.jpg,Dog
processed_images/9142.jpg,Dog
processed_images/12347.jpg,Dog
processed_images/4466.jpg,Dog
processed_images/3309.jpg,Dog
processed_images/2017.jpg,Dog
processed_images/10550.jpg,Dog
processed_images/5778.jpg,Dog
processed_images/11896.jpg,Dog
processed_images/2771.jpg,Dog
processed_images/10236.jpg,Dog
processed_images/11128.jpg,Dog
processed_images/4300.jpg,Dog
processed_images/7609.jpg,Dog
processed_images/934.jpg,Dog
processed_images/12421.jpg,Dog
processed_images/1278.jpg,Dog
processed_images/6517.jpg,Dog
processed_images/9624.jpg,Dog
processed_images/920.jpg,Dog
processed_images/12435.jpg,Dog
processed_images/6503.jpg,Dog
processed_images/9630.jpg,Dog
processed_images/2765.jpg,Dog
processed_images/10222.jpg,Dog
processed_images/4314.jpg,Dog
processed_images/4472.jpg,Dog
processed_images/2003.jpg,Dog
processed_images/10544.jpg,Dog
processed_images/11882.jpg,Dog
processed_images/6265.jpg,Dog
processed_images/9156.jpg,Dog
processed_images/12353.jpg,Dog
processed_images/8248.jpg,Dog
processed_images/11672.jpg,Dog
processed_images/3335.jpg,Dog
processed_images/5744.jpg,Dog
processed_images/1522.jpg,Dog
processed_images/8260.jpg,Dog
processed_images/7153.jpg,Dog
processed_images/908.jpg,Dog
processed_images/8506.jpg,Dog
processed_images/7635.jpg,Dog
processed_images/1244.jpg,Dog
processed_images/9618.jpg,Dog
processed_images/5022.jpg,Dog
processed_images/11114.jpg,Dog
processed_images/3453.jpg,Dog
processed_images/2995.jpg,Dog
processed_images/5036.jpg,Dog
processed_images/2759.jpg,Dog
processed_images/11100.jpg,Dog
processed_images/3447.jpg,Dog
processed_images/4328.jpg,Dog
processed_images/2981.jpg,Dog
processed_images/8512.jpg,Dog
processed_images/7621.jpg,Dog
processed_images/12409.jpg,Dog
processed_images/1250.jpg,Dog
processed_images/6259.jpg,Dog
processed_images/1536.jpg,Dog
processed_images/8274.jpg,Dog
processed_images/7147.jpg,Dog
processed_images/11666.jpg,Dog
processed_images/5988.jpg,Dog
processed_images/3321.jpg,Dog
processed_images/10578.jpg,Dog
processed_images/5750.jpg,Dog
processed_images/10593.jpg,Dog
processed_images/11855.jpg,Dog
processed_images/5963.jpg,Dog
processed_images/12384.jpg,Dog
processed_images/9181.jpg,Dog
processed_images/7812.jpg,Dog
processed_images/7806.jpg,Dog
processed_images/12390.jpg,Dog
processed_images/9195.jpg,Dog
processed_images/10587.jpg,Dog
processed_images/11841.jpg,Dog
processed_images/5977.jpg,Dog
processed_images/11699.jpg,Dog
processed_images/7190.jpg,Dog
processed_images/11869.jpg,Dog
processed_images/5787.jpg,Dog
processed_images/4499.jpg,Dog
processed_images/3490.jpg,Dog
processed_images/2956.jpg,Dog
processed_images/1287.jpg,Dog
processed_images/713.jpg,Dog
processed_images/9803.jpg,Dog
processed_images/707.jpg,Dog
processed_images/1293.jpg,Dog
processed_images/9817.jpg,Dog
processed_images/3484.jpg,Dog
processed_images/2942.jpg,Dog
processed_images/5793.jpg,Dog
processed_images/7184.jpg,Dog
processed_images/2943.jpg,Dog
processed_images/3485.jpg,Dog
processed_images/9816.jpg,Dog
processed_images/1292.jpg,Dog
processed_images/706.jpg,Dog
processed_images/7185.jpg,Dog
processed_images/5792.jpg,Dog
processed_images/4498.jpg,Dog
processed_images/11868.jpg,Dog
processed_images/5786.jpg,Dog
processed_images/7191.jpg,Dog
processed_images/9802.jpg,Dog
processed_images/712.jpg,Dog
processed_images/1286.jpg,Dog
processed_images/2957.jpg,Dog
processed_images/3491.jpg,Dog
processed_images/7807.jpg,Dog
processed_images/5976.jpg,Dog
processed_images/11698.jpg,Dog
processed_images/11840.jpg,Dog
processed_images/10586.jpg,Dog
processed_images/9194.jpg,Dog
processed_images/12391.jpg,Dog
processed_images/9180.jpg,Dog
processed_images/12385.jpg,Dog
processed_images/5962.jpg,Dog
processed_images/11854.jpg,Dog
processed_images/10592.jpg,Dog
processed_images/7813.jpg,Dog
processed_images/1251.jpg,Dog
processed_images/12408.jpg,Dog
processed_images/7620.jpg,Dog
processed_images/8513.jpg,Dog
processed_images/2980.jpg,Dog
processed_images/4329.jpg,Dog
processed_images/3446.jpg,Dog
processed_images/11101.jpg,Dog
processed_images/2758.jpg,Dog
processed_images/5037.jpg,Dog
processed_images/5751.jpg,Dog
processed_images/10579.jpg,Dog
processed_images/3320.jpg,Dog
processed_images/11667.jpg,Dog
processed_images/5989.jpg,Dog
processed_images/7146.jpg,Dog
processed_images/8275.jpg,Dog
processed_images/1537.jpg,Dog
processed_images/6258.jpg,Dog
processed_images/7152.jpg,Dog
processed_images/8261.jpg,Dog
processed_images/1523.jpg,Dog
processed_images/5745.jpg,Dog
processed_images/3334.jpg,Dog
processed_images/11673.jpg,Dog
processed_images/2994.jpg,Dog
processed_images/3452.jpg,Dog
processed_images/11115.jpg,Dog
processed_images/5023.jpg,Dog
processed_images/9619.jpg,Dog
processed_images/1245.jpg,Dog
processed_images/7634.jpg,Dog
processed_images/909.jpg,Dog
processed_images/8507.jpg,Dog
processed_images/4315.jpg,Dog
processed_images/10223.jpg,Dog
processed_images/2764.jpg,Dog
processed_images/9631.jpg,Dog
processed_images/6502.jpg,Dog
processed_images/12434.jpg,Dog
processed_images/921.jpg,Dog
processed_images/8249.jpg,Dog
processed_images/12352.jpg,Dog
processed_images/9157.jpg,Dog
processed_images/6264.jpg,Dog
processed_images/11883.jpg,Dog
processed_images/10545.jpg,Dog
processed_images/2002.jpg,Dog
processed_images/4473.jpg,Dog
processed_images/5779.jpg,Dog
processed_images/11897.jpg,Dog
processed_images/10551.jpg,Dog
processed_images/2016.jpg,Dog
processed_images/3308.jpg,Dog
processed_images/4467.jpg,Dog
processed_images/12346.jpg,Dog
processed_images/9143.jpg,Dog
processed_images/6270.jpg,Dog
processed_images/9625.jpg,Dog
processed_images/6516.jpg,Dog
processed_images/1279.jpg,Dog
processed_images/12420.jpg,Dog
processed_images/935.jpg,Dog
processed_images/7608.jpg,Dog
processed_images/4301.jpg,Dog
processed_images/11129.jpg,Dog
processed_images/10237.jpg,Dog
processed_images/2770.jpg,Dog
processed_images/4856.jpg,Dog
processed_images/5590.jpg,Dog
processed_images/10960.jpg,Dog
processed_images/7387.jpg,Dog
processed_images/6099.jpg,Dog
processed_images/262.jpg,Dog
processed_images/504.jpg,Dog
processed_images/1090.jpg,Dog
processed_images/6927.jpg,Dog
processed_images/3687.jpg,Dog
processed_images/2599.jpg,Dog
processed_images/3693.jpg,Dog
processed_images/1084.jpg,Dog
processed_images/510.jpg,Dog
processed_images/6933.jpg,Dog
processed_images/7393.jpg,Dog
processed_images/276.jpg,Dog
processed_images/4842.jpg,Dog
processed_images/5584.jpg,Dog
processed_images/10974.jpg,Dog
processed_images/12193.jpg,Dog
processed_images/8088.jpg,Dog
processed_images/1912.jpg,Dog
processed_images/9396.jpg,Dog
processed_images/10784.jpg,Dog
processed_images/3863.jpg,Dog
processed_images/8936.jpg,Dog
processed_images/538.jpg,Dog
processed_images/8922.jpg,Dog
processed_images/3877.jpg,Dog
processed_images/10790.jpg,Dog
processed_images/10948.jpg,Dog
processed_images/12187.jpg,Dog
processed_images/1906.jpg,Dog
processed_images/9382.jpg,Dog
processed_images/9369.jpg,Dog
processed_images/1735.jpg,Dog
processed_images/8077.jpg,Dog
processed_images/7344.jpg,Dog
processed_images/11465.jpg,Dog
processed_images/3122.jpg,Dog
processed_images/4895.jpg,Dog
processed_images/5553.jpg,Dog
processed_images/5235.jpg,Dog
processed_images/11303.jpg,Dog
processed_images/3644.jpg,Dog
processed_images/8711.jpg,Dog
processed_images/7422.jpg,Dog
processed_images/1053.jpg,Dog
processed_images/8705.jpg,Dog
processed_images/7436.jpg,Dog
processed_images/1047.jpg,Dog
processed_images/6728.jpg,Dog
processed_images/5221.jpg,Dog
processed_images/3888.jpg,Dog
processed_images/10009.jpg,Dog
processed_images/11317.jpg,Dog
processed_images/3650.jpg,Dog
processed_images/4659.jpg,Dog
processed_images/11471.jpg,Dog
processed_images/3136.jpg,Dog
processed_images/4881.jpg,Dog
processed_images/2228.jpg,Dog
processed_images/5547.jpg,Dog
processed_images/1721.jpg,Dog
processed_images/12178.jpg,Dog
processed_images/8063.jpg,Dog
processed_images/7350.jpg,Dog
processed_images/4671.jpg,Dog
processed_images/11459.jpg,Dog
processed_images/2200.jpg,Dog
processed_images/10747.jpg,Dog
processed_images/6066.jpg,Dog
processed_images/9355.jpg,Dog
processed_images/1709.jpg,Dog
processed_images/12150.jpg,Dog
processed_images/7378.jpg,Dog
processed_images/6700.jpg,Dog
processed_images/9433.jpg,Dog
processed_images/5209.jpg,Dog
processed_images/2566.jpg,Dog
processed_images/10021.jpg,Dog
processed_images/3678.jpg,Dog
processed_images/4117.jpg,Dog
processed_images/2572.jpg,Dog
processed_images/10035.jpg,Dog
processed_images/4103.jpg,Dog
processed_images/8739.jpg,Dog
processed_images/6714.jpg,Dog
processed_images/9427.jpg,Dog
processed_images/6072.jpg,Dog
processed_images/9341.jpg,Dog
processed_images/289.jpg,Dog
processed_images/12144.jpg,Dog
processed_images/4665.jpg,Dog
processed_images/2214.jpg,Dog
processed_images/10753.jpg,Dog
processed_images/3095.jpg,Dog
processed_images/10814.jpg,Dog
processed_images/4922.jpg,Dog
processed_images/316.jpg,Dog
processed_images/1682.jpg,Dog
processed_images/6853.jpg,Dog
processed_images/7595.jpg,Dog
processed_images/470.jpg,Dog
processed_images/5382.jpg,Dog
processed_images/5396.jpg,Dog
processed_images/4088.jpg,Dog
processed_images/6847.jpg,Dog
processed_images/7581.jpg,Dog
processed_images/464.jpg,Dog
processed_images/1696.jpg,Dog
processed_images/302.jpg,Dog
processed_images/3081.jpg,Dog
processed_images/10800.jpg,Dog
processed_images/4936.jpg,Dog
processed_images/1866.jpg,Dog
processed_images/10828.jpg,Dog
processed_images/10196.jpg,Dog
processed_images/3917.jpg,Dog
processed_images/11288.jpg,Dog
processed_images/9584.jpg,Dog
processed_images/8842.jpg,Dog
processed_images/9590.jpg,Dog
processed_images/8856.jpg,Dog
processed_images/458.jpg,Dog
processed_images/10182.jpg,Dog
processed_images/3903.jpg,Dog
processed_images/1872.jpg,Dog
processed_images/8103.jpg,Dog
processed_images/1899.jpg,Dog
processed_images/7230.jpg,Dog
processed_images/12018.jpg,Dog
processed_images/1641.jpg,Dog
processed_images/5427.jpg,Dog
processed_images/2348.jpg,Dog
processed_images/11511.jpg,Dog
processed_images/3056.jpg,Dog
processed_images/4739.jpg,Dog
processed_images/11277.jpg,Dog
processed_images/3730.jpg,Dog
processed_images/10169.jpg,Dog
processed_images/5341.jpg,Dog
processed_images/6648.jpg,Dog
processed_images/1127.jpg,Dog
processed_images/6890.jpg,Dog
processed_images/8665.jpg,Dog
processed_images/7556.jpg,Dog
processed_images/1133.jpg,Dog
processed_images/6884.jpg,Dog
processed_images/8671.jpg,Dog
processed_images/7542.jpg,Dog
processed_images/11263.jpg,Dog
processed_images/3724.jpg,Dog
processed_images/5355.jpg,Dog
processed_images/5433.jpg,Dog
processed_images/11505.jpg,Dog
processed_images/3042.jpg,Dog
processed_images/8117.jpg,Dog
processed_images/7224.jpg,Dog
processed_images/1655.jpg,Dog
processed_images/9209.jpg,Dog
processed_images/2374.jpg,Dog
processed_images/10633.jpg,Dog
processed_images/4705.jpg,Dog
processed_images/12024.jpg,Dog
processed_images/6112.jpg,Dog
processed_images/9221.jpg,Dog
processed_images/6674.jpg,Dog
processed_images/9547.jpg,Dog
processed_images/8881.jpg,Dog
processed_images/8659.jpg,Dog
processed_images/4063.jpg,Dog
processed_images/2412.jpg,Dog
processed_images/10155.jpg,Dog
processed_images/4077.jpg,Dog
processed_images/3718.jpg,Dog
processed_images/2406.jpg,Dog
processed_images/10141.jpg,Dog
processed_images/5369.jpg,Dog
processed_images/6660.jpg,Dog
processed_images/9553.jpg,Dog
processed_images/8895.jpg,Dog
processed_images/7218.jpg,Dog
processed_images/12030.jpg,Dog
processed_images/1669.jpg,Dog
processed_images/6106.jpg,Dog
processed_images/9235.jpg,Dog
processed_images/2360.jpg,Dog
processed_images/10627.jpg,Dog
processed_images/11539.jpg,Dog
processed_images/4711.jpg,Dog
processed_images/2837.jpg,Dog
processed_images/5180.jpg,Dog
processed_images/672.jpg,Dog
processed_images/6489.jpg,Dog
processed_images/7797.jpg,Dog
processed_images/9962.jpg,Dog
processed_images/1480.jpg,Dog
processed_images/114.jpg,Dog
processed_images/2189.jpg,Dog
processed_images/11908.jpg,Dog
processed_images/3297.jpg,Dog
processed_images/3283.jpg,Dog
processed_images/100.jpg,Dog
processed_images/1494.jpg,Dog
processed_images/666.jpg,Dog
processed_images/7783.jpg,Dog
processed_images/9976.jpg,Dog
processed_images/2823.jpg,Dog
processed_images/5194.jpg,Dog
processed_images/7973.jpg,Dog
processed_images/9786.jpg,Dog
processed_images/8498.jpg,Dog
processed_images/896.jpg,Dog
processed_images/10394.jpg,Dog
processed_images/11934.jpg,Dog
processed_images/5802.jpg,Dog
processed_images/128.jpg,Dog
processed_images/11920.jpg,Dog
processed_images/5816.jpg,Dog
processed_images/10380.jpg,Dog
processed_images/7967.jpg,Dog
processed_images/9792.jpg,Dog
processed_images/882.jpg,Dog
processed_images/7754.jpg,Dog
processed_images/869.jpg,Dog
processed_images/8467.jpg,Dog
processed_images/1325.jpg,Dog
processed_images/29.jpg,Dog
processed_images/9779.jpg,Dog
processed_images/5143.jpg,Dog
processed_images/3532.jpg,Dog
processed_images/11075.jpg,Dog
processed_images/3254.jpg,Dog
processed_images/11713.jpg,Dog
processed_images/5625.jpg,Dog
processed_images/1443.jpg,Dog
processed_images/7032.jpg,Dog
processed_images/8301.jpg,Dog
processed_images/6338.jpg,Dog
processed_images/1457.jpg,Dog
processed_images/7026.jpg,Dog
processed_images/8315.jpg,Dog
processed_images/3240.jpg,Dog
processed_images/11707.jpg,Dog
processed_images/10419.jpg,Dog
processed_images/5631.jpg,Dog
processed_images/5157.jpg,Dog
processed_images/2638.jpg,Dog
processed_images/3526.jpg,Dog
processed_images/11061.jpg,Dog
processed_images/4249.jpg,Dog
processed_images/7740.jpg,Dog
processed_images/8473.jpg,Dog
processed_images/7998.jpg,Dog
processed_images/1331.jpg,Dog
processed_images/10357.jpg,Dog
processed_images/2610.jpg,Dog
processed_images/11049.jpg,Dog
processed_images/4261.jpg,Dog
processed_images/855.jpg,Dog
processed_images/7768.jpg,Dog
processed_images/1319.jpg,Dog
processed_images/9745.jpg,Dog
processed_images/15.jpg,Dog
processed_images/6476.jpg,Dog
processed_images/9023.jpg,Dog
processed_images/6310.jpg,Dog
processed_images/12226.jpg,Dog
processed_images/4507.jpg,Dog
processed_images/3268.jpg,Dog
processed_images/10431.jpg,Dog
processed_images/2176.jpg,Dog
processed_images/5619.jpg,Dog
processed_images/4513.jpg,Dog
processed_images/10425.jpg,Dog
processed_images/2162.jpg,Dog
processed_images/9037.jpg,Dog
processed_images/6304.jpg,Dog
processed_images/12232.jpg,Dog
processed_images/8329.jpg,Dog
processed_images/841.jpg,Dog
processed_images/9989.jpg,Dog
processed_images/699.jpg,Dog
processed_images/9751.jpg,Dog
processed_images/6462.jpg,Dog
processed_images/10343.jpg,Dog
processed_images/2604.jpg,Dog
processed_images/4275.jpg,Dog
processed_images/10433.jpg,Dog
processed_images/2174.jpg,Dog
processed_images/4505.jpg,Dog
processed_images/12224.jpg,Dog
processed_images/9021.jpg,Dog
processed_images/6312.jpg,Dog
processed_images/9747.jpg,Dog
processed_images/6474.jpg,Dog
processed_images/17.jpg,Dog
processed_images/8459.jpg,Dog
processed_images/857.jpg,Dog
processed_images/4263.jpg,Dog
processed_images/10355.jpg,Dog
processed_images/2612.jpg,Dog
processed_images/4277.jpg,Dog
processed_images/3518.jpg,Dog
processed_images/10341.jpg,Dog
processed_images/2606.jpg,Dog
processed_images/5169.jpg,Dog
processed_images/9753.jpg,Dog
processed_images/6460.jpg,Dog
processed_images/843.jpg,Dog
processed_images/7018.jpg,Dog
processed_images/12230.jpg,Dog
processed_images/1469.jpg,Dog
processed_images/9035.jpg,Dog
processed_images/6306.jpg,Dog
processed_images/10427.jpg,Dog
processed_images/2160.jpg,Dog
processed_images/11739.jpg,Dog
processed_images/4511.jpg,Dog
processed_images/7030.jpg,Dog
processed_images/8303.jpg,Dog
processed_images/12218.jpg,Dog
processed_images/1441.jpg,Dog
processed_images/5627.jpg,Dog
processed_images/2148.jpg,Dog
processed_images/3256.jpg,Dog
processed_images/11711.jpg,Dog
processed_images/4539.jpg,Dog
processed_images/3530.jpg,Dog
processed_images/11077.jpg,Dog
processed_images/10369.jpg,Dog
processed_images/5141.jpg,Dog
processed_images/6448.jpg,Dog
processed_images/1327.jpg,Dog
processed_images/7756.jpg,Dog
processed_images/8465.jpg,Dog
processed_images/1333.jpg,Dog
processed_images/7742.jpg,Dog
processed_images/8471.jpg,Dog
processed_images/3524.jpg,Dog
processed_images/11063.jpg,Dog
processed_images/5155.jpg,Dog
processed_images/5633.jpg,Dog
processed_images/3242.jpg,Dog
processed_images/11705.jpg,Dog
processed_images/7024.jpg,Dog
processed_images/8317.jpg,Dog
processed_images/1455.jpg,Dog
processed_images/9009.jpg,Dog
processed_images/5800.jpg,Dog
processed_images/11936.jpg,Dog
processed_images/10396.jpg,Dog
processed_images/2809.jpg,Dog
processed_images/11088.jpg,Dog
processed_images/894.jpg,Dog
processed_images/9784.jpg,Dog
processed_images/7971.jpg,Dog
processed_images/9948.jpg,Dog
processed_images/880.jpg,Dog
processed_images/9790.jpg,Dog
processed_images/658.jpg,Dog
processed_images/7965.jpg,Dog
processed_images/10382.jpg,Dog
processed_images/5814.jpg,Dog
processed_images/11922.jpg,Dog
processed_images/3295.jpg,Dog
processed_images/116.jpg,Dog
processed_images/1482.jpg,Dog
processed_images/9960.jpg,Dog
processed_images/7795.jpg,Dog
processed_images/670.jpg,Dog
processed_images/5182.jpg,Dog
processed_images/2835.jpg,Dog
processed_images/5196.jpg,Dog
processed_images/2821.jpg,Dog
processed_images/4288.jpg,Dog
processed_images/9974.jpg,Dog
processed_images/7781.jpg,Dog
processed_images/7959.jpg,Dog
processed_images/664.jpg,Dog
processed_images/1496.jpg,Dog
processed_images/102.jpg,Dog
processed_images/3281.jpg,Dog
processed_images/5828.jpg,Dog
processed_images/2410.jpg,Dog
processed_images/10157.jpg,Dog
processed_images/11249.jpg,Dog
processed_images/4061.jpg,Dog
processed_images/7568.jpg,Dog
processed_images/1119.jpg,Dog
processed_images/8883.jpg,Dog
processed_images/6676.jpg,Dog
processed_images/9545.jpg,Dog
processed_images/6110.jpg,Dog
processed_images/9223.jpg,Dog
processed_images/12026.jpg,Dog
processed_images/4707.jpg,Dog
processed_images/3068.jpg,Dog
processed_images/2376.jpg,Dog
processed_images/10631.jpg,Dog
processed_images/5419.jpg,Dog
processed_images/4713.jpg,Dog
processed_images/2362.jpg,Dog
processed_images/10625.jpg,Dog
processed_images/6104.jpg,Dog
processed_images/9237.jpg,Dog
processed_images/12032.jpg,Dog
processed_images/8129.jpg,Dog
processed_images/8897.jpg,Dog
processed_images/499.jpg,Dog
processed_images/6662.jpg,Dog
processed_images/9551.jpg,Dog
processed_images/2404.jpg,Dog
processed_images/10143.jpg,Dog
processed_images/4075.jpg,Dog
processed_images/8667.jpg,Dog
processed_images/7554.jpg,Dog
processed_images/6892.jpg,Dog
processed_images/1125.jpg,Dog
processed_images/9579.jpg,Dog
processed_images/5343.jpg,Dog
processed_images/11275.jpg,Dog
processed_images/3732.jpg,Dog
processed_images/11513.jpg,Dog
processed_images/3054.jpg,Dog
processed_images/5425.jpg,Dog
processed_images/1643.jpg,Dog
processed_images/8101.jpg,Dog
processed_images/7232.jpg,Dog
processed_images/6138.jpg,Dog
processed_images/1657.jpg,Dog
processed_images/8115.jpg,Dog
processed_images/7226.jpg,Dog
processed_images/11507.jpg,Dog
processed_images/3040.jpg,Dog
processed_images/10619.jpg,Dog
processed_images/5431.jpg,Dog
processed_images/5357.jpg,Dog
processed_images/2438.jpg,Dog
processed_images/11261.jpg,Dog
processed_images/3726.jpg,Dog
processed_images/4049.jpg,Dog
processed_images/8673.jpg,Dog
processed_images/7540.jpg,Dog
processed_images/6886.jpg,Dog
processed_images/1131.jpg,Dog
processed_images/8840.jpg,Dog
processed_images/9586.jpg,Dog
processed_images/8698.jpg,Dog
processed_images/3915.jpg,Dog
processed_images/10194.jpg,Dog
processed_images/1864.jpg,Dog
processed_images/328.jpg,Dog
processed_images/1870.jpg,Dog
processed_images/4908.jpg,Dog
processed_images/3901.jpg,Dog
processed_images/10180.jpg,Dog
processed_images/8854.jpg,Dog
processed_images/9592.jpg,Dog
processed_images/6879.jpg,Dog
processed_images/5380.jpg,Dog
processed_images/3929.jpg,Dog
processed_images/472.jpg,Dog
processed_images/6689.jpg,Dog
processed_images/7597.jpg,Dog
processed_images/6851.jpg,Dog
processed_images/1858.jpg,Dog
processed_images/1680.jpg,Dog
processed_images/314.jpg,Dog
processed_images/4920.jpg,Dog
processed_images/2389.jpg,Dog
processed_images/10816.jpg,Dog
processed_images/3097.jpg,Dog
processed_images/4934.jpg,Dog
processed_images/10802.jpg,Dog
processed_images/3083.jpg,Dog
processed_images/300.jpg,Dog
processed_images/1694.jpg,Dog
processed_images/466.jpg,Dog
processed_images/8868.jpg,Dog
processed_images/7583.jpg,Dog
processed_images/6845.jpg,Dog
processed_images/5394.jpg,Dog
processed_images/4115.jpg,Dog
processed_images/2564.jpg,Dog
processed_images/10023.jpg,Dog
processed_images/6702.jpg,Dog
processed_images/9431.jpg,Dog
processed_images/8049.jpg,Dog
processed_images/12152.jpg,Dog
processed_images/6064.jpg,Dog
processed_images/9357.jpg,Dog
processed_images/2202.jpg,Dog
processed_images/10745.jpg,Dog
processed_images/4673.jpg,Dog
processed_images/5579.jpg,Dog
processed_images/2216.jpg,Dog
processed_images/10751.jpg,Dog
processed_images/3108.jpg,Dog
processed_images/10989.jpg,Dog
processed_images/4667.jpg,Dog
processed_images/12146.jpg,Dog
processed_images/6070.jpg,Dog
processed_images/9343.jpg,Dog
processed_images/6716.jpg,Dog
processed_images/9425.jpg,Dog
processed_images/1079.jpg,Dog
processed_images/7408.jpg,Dog
processed_images/4101.jpg,Dog
processed_images/11329.jpg,Dog
processed_images/2570.jpg,Dog
processed_images/10037.jpg,Dog
processed_images/1051.jpg,Dog
processed_images/8713.jpg,Dog
processed_images/7420.jpg,Dog
processed_images/4129.jpg,Dog
processed_images/11301.jpg,Dog
processed_images/3646.jpg,Dog
processed_images/2558.jpg,Dog
processed_images/5237.jpg,Dog
processed_images/5551.jpg,Dog
processed_images/4897.jpg,Dog
processed_images/10779.jpg,Dog
processed_images/11467.jpg,Dog
processed_images/3120.jpg,Dog
processed_images/8075.jpg,Dog
processed_images/7346.jpg,Dog
processed_images/1737.jpg,Dog
processed_images/6058.jpg,Dog
processed_images/8061.jpg,Dog
processed_images/7352.jpg,Dog
processed_images/1723.jpg,Dog
processed_images/5545.jpg,Dog
processed_images/4883.jpg,Dog
processed_images/11473.jpg,Dog
processed_images/3134.jpg,Dog
processed_images/11315.jpg,Dog
processed_images/3652.jpg,Dog
processed_images/5223.jpg,Dog
processed_images/9419.jpg,Dog
processed_images/1045.jpg,Dog
processed_images/8707.jpg,Dog
processed_images/7434.jpg,Dog
processed_images/6919.jpg,Dog
processed_images/8934.jpg,Dog
processed_images/3861.jpg,Dog
processed_images/11498.jpg,Dog
processed_images/10786.jpg,Dog
processed_images/4868.jpg,Dog
processed_images/9394.jpg,Dog
processed_images/1910.jpg,Dog
processed_images/12191.jpg,Dog
processed_images/248.jpg,Dog
processed_images/9380.jpg,Dog
processed_images/1904.jpg,Dog
processed_images/12185.jpg,Dog
processed_images/10792.jpg,Dog
processed_images/3875.jpg,Dog
processed_images/8920.jpg,Dog
processed_images/3685.jpg,Dog
processed_images/6925.jpg,Dog
processed_images/1092.jpg,Dog
processed_images/506.jpg,Dog
processed_images/8908.jpg,Dog
processed_images/260.jpg,Dog
processed_images/7385.jpg,Dog
processed_images/10962.jpg,Dog
processed_images/5592.jpg,Dog
processed_images/4854.jpg,Dog
processed_images/4698.jpg,Dog
processed_images/10976.jpg,Dog
processed_images/5586.jpg,Dog
processed_images/4840.jpg,Dog
processed_images/274.jpg,Dog
processed_images/1938.jpg,Dog
processed_images/7391.jpg,Dog
processed_images/6931.jpg,Dog
processed_images/512.jpg,Dog
processed_images/1086.jpg,Dog
processed_images/3849.jpg,Dog
processed_images/3691.jpg,Dog
processed_images/4471.jpg,Dog
processed_images/11659.jpg,Dog
processed_images/10547.jpg,Dog
processed_images/2000.jpg,Dog
processed_images/11881.jpg,Dog
processed_images/9155.jpg,Dog
processed_images/6266.jpg,Dog
processed_images/1509.jpg,Dog
processed_images/12350.jpg,Dog
processed_images/7178.jpg,Dog
processed_images/923.jpg,Dog
processed_images/12436.jpg,Dog
processed_images/9633.jpg,Dog
processed_images/6500.jpg,Dog
processed_images/5009.jpg,Dog
processed_images/10221.jpg,Dog
processed_images/2766.jpg,Dog
processed_images/3478.jpg,Dog
processed_images/4317.jpg,Dog
processed_images/10235.jpg,Dog
processed_images/2772.jpg,Dog
processed_images/4303.jpg,Dog
processed_images/8539.jpg,Dog
processed_images/937.jpg,Dog
processed_images/12422.jpg,Dog
processed_images/9627.jpg,Dog
processed_images/6514.jpg,Dog
processed_images/9141.jpg,Dog
processed_images/6272.jpg,Dog
processed_images/12344.jpg,Dog
processed_images/4465.jpg,Dog
processed_images/10553.jpg,Dog
processed_images/2014.jpg,Dog
processed_images/11895.jpg,Dog
processed_images/9169.jpg,Dog
processed_images/1535.jpg,Dog
processed_images/7144.jpg,Dog
processed_images/8277.jpg,Dog
processed_images/3322.jpg,Dog
processed_images/11665.jpg,Dog
processed_images/5753.jpg,Dog
processed_images/5035.jpg,Dog
processed_images/3444.jpg,Dog
processed_images/11103.jpg,Dog
processed_images/2982.jpg,Dog
processed_images/7622.jpg,Dog
processed_images/8511.jpg,Dog
processed_images/1253.jpg,Dog
processed_images/7636.jpg,Dog
processed_images/8505.jpg,Dog
processed_images/1247.jpg,Dog
processed_images/6528.jpg,Dog
processed_images/5021.jpg,Dog
processed_images/10209.jpg,Dog
processed_images/3450.jpg,Dog
processed_images/11117.jpg,Dog
processed_images/2996.jpg,Dog
processed_images/4459.jpg,Dog
processed_images/3336.jpg,Dog
processed_images/11671.jpg,Dog
processed_images/2028.jpg,Dog
processed_images/5747.jpg,Dog
processed_images/1521.jpg,Dog
processed_images/12378.jpg,Dog
processed_images/7150.jpg,Dog
processed_images/8263.jpg,Dog
processed_images/12393.jpg,Dog
processed_images/8288.jpg,Dog
processed_images/9196.jpg,Dog
processed_images/10584.jpg,Dog
processed_images/11842.jpg,Dog
processed_images/5974.jpg,Dog
processed_images/738.jpg,Dog
processed_images/7805.jpg,Dog
processed_images/9828.jpg,Dog
processed_images/7811.jpg,Dog
processed_images/2969.jpg,Dog
processed_images/10590.jpg,Dog
processed_images/11856.jpg,Dog
processed_images/5960.jpg,Dog
processed_images/12387.jpg,Dog
processed_images/9182.jpg,Dog
processed_images/5790.jpg,Dog
processed_images/5948.jpg,Dog
processed_images/7187.jpg,Dog
processed_images/6299.jpg,Dog
processed_images/7839.jpg,Dog
processed_images/704.jpg,Dog
processed_images/1290.jpg,Dog
processed_images/9814.jpg,Dog
processed_images/3487.jpg,Dog
processed_images/2941.jpg,Dog
processed_images/2799.jpg,Dog
processed_images/3493.jpg,Dog
processed_images/2955.jpg,Dog
processed_images/1284.jpg,Dog
processed_images/710.jpg,Dog
processed_images/9800.jpg,Dog
processed_images/7193.jpg,Dog
processed_images/5784.jpg,Dog
processed_images/9801.jpg,Dog
processed_images/711.jpg,Dog
processed_images/1285.jpg,Dog
processed_images/2954.jpg,Dog
processed_images/3492.jpg,Dog
processed_images/5785.jpg,Dog
processed_images/7192.jpg,Dog
processed_images/6298.jpg,Dog
processed_images/7186.jpg,Dog
processed_images/5949.jpg,Dog
processed_images/5791.jpg,Dog
processed_images/2798.jpg,Dog
processed_images/2940.jpg,Dog
processed_images/3486.jpg,Dog
processed_images/9815.jpg,Dog
processed_images/1291.jpg,Dog
processed_images/705.jpg,Dog
processed_images/7838.jpg,Dog
processed_images/2968.jpg,Dog
processed_images/7810.jpg,Dog
processed_images/9183.jpg,Dog
processed_images/12386.jpg,Dog
processed_images/5961.jpg,Dog
processed_images/11857.jpg,Dog
processed_images/10591.jpg,Dog
processed_images/5975.jpg,Dog
processed_images/11843.jpg,Dog
processed_images/10585.jpg,Dog
processed_images/9197.jpg,Dog
processed_images/8289.jpg,Dog
processed_images/12392.jpg,Dog
processed_images/9829.jpg,Dog
processed_images/7804.jpg,Dog
processed_images/739.jpg,Dog
processed_images/2997.jpg,Dog
processed_images/11116.jpg,Dog
processed_images/3451.jpg,Dog
processed_images/10208.jpg,Dog
processed_images/5020.jpg,Dog
processed_images/6529.jpg,Dog
processed_images/1246.jpg,Dog
processed_images/8504.jpg,Dog
processed_images/7637.jpg,Dog
processed_images/8262.jpg,Dog
processed_images/7151.jpg,Dog
processed_images/12379.jpg,Dog
processed_images/1520.jpg,Dog
processed_images/5746.jpg,Dog
processed_images/2029.jpg,Dog
processed_images/11670.jpg,Dog
processed_images/3337.jpg,Dog
processed_images/4458.jpg,Dog
processed_images/5752.jpg,Dog
processed_images/11664.jpg,Dog
processed_images/3323.jpg,Dog
processed_images/8276.jpg,Dog
processed_images/7145.jpg,Dog
processed_images/1534.jpg,Dog
processed_images/9168.jpg,Dog
processed_images/1252.jpg,Dog
processed_images/8510.jpg,Dog
processed_images/7623.jpg,Dog
processed_images/2983.jpg,Dog
processed_images/11102.jpg,Dog
processed_images/3445.jpg,Dog
processed_images/5034.jpg,Dog
processed_images/6515.jpg,Dog
processed_images/9626.jpg,Dog
processed_images/12423.jpg,Dog
processed_images/8538.jpg,Dog
processed_images/936.jpg,Dog
processed_images/4302.jpg,Dog
processed_images/2773.jpg,Dog
processed_images/10234.jpg,Dog
processed_images/11894.jpg,Dog
processed_images/2015.jpg,Dog
processed_images/10552.jpg,Dog
processed_images/4464.jpg,Dog
processed_images/12345.jpg,Dog
processed_images/6273.jpg,Dog
processed_images/9140.jpg,Dog
processed_images/7179.jpg,Dog
processed_images/12351.jpg,Dog
processed_images/1508.jpg,Dog
processed_images/6267.jpg,Dog
processed_images/9154.jpg,Dog
processed_images/11880.jpg,Dog
processed_images/2001.jpg,Dog
processed_images/10546.jpg,Dog
processed_images/11658.jpg,Dog
processed_images/4470.jpg,Dog
processed_images/4316.jpg,Dog
processed_images/3479.jpg,Dog
processed_images/2767.jpg,Dog
processed_images/10220.jpg,Dog
processed_images/5008.jpg,Dog
processed_images/6501.jpg,Dog
processed_images/9632.jpg,Dog
processed_images/12437.jpg,Dog
processed_images/922.jpg,Dog
processed_images/7390.jpg,Dog
processed_images/1939.jpg,Dog
processed_images/275.jpg,Dog
processed_images/4841.jpg,Dog
processed_images/5587.jpg,Dog
processed_images/4699.jpg,Dog
processed_images/10977.jpg,Dog
processed_images/3690.jpg,Dog
processed_images/3848.jpg,Dog
processed_images/1087.jpg,Dog
processed_images/513.jpg,Dog
processed_images/6930.jpg,Dog
processed_images/507.jpg,Dog
processed_images/1093.jpg,Dog
processed_images/8909.jpg,Dog
processed_images/6924.jpg,Dog
processed_images/3684.jpg,Dog
processed_images/4855.jpg,Dog
processed_images/5593.jpg,Dog
processed_images/10963.jpg,Dog
processed_images/7384.jpg,Dog
processed_images/261.jpg,Dog
processed_images/10793.jpg,Dog
processed_images/12184.jpg,Dog
processed_images/1905.jpg,Dog
processed_images/9381.jpg,Dog
processed_images/249.jpg,Dog
processed_images/8921.jpg,Dog
processed_images/3874.jpg,Dog
processed_images/3860.jpg,Dog
processed_images/8935.jpg,Dog
processed_images/6918.jpg,Dog
processed_images/12190.jpg,Dog
processed_images/1911.jpg,Dog
processed_images/9395.jpg,Dog
processed_images/10787.jpg,Dog
processed_images/4869.jpg,Dog
processed_images/11499.jpg,Dog
processed_images/3135.jpg,Dog
processed_images/11472.jpg,Dog
processed_images/4882.jpg,Dog
processed_images/5544.jpg,Dog
processed_images/1722.jpg,Dog
processed_images/7353.jpg,Dog
processed_images/8060.jpg,Dog
processed_images/7435.jpg,Dog
processed_images/8706.jpg,Dog
processed_images/1044.jpg,Dog
processed_images/9418.jpg,Dog
processed_images/5222.jpg,Dog
processed_images/3653.jpg,Dog
processed_images/11314.jpg,Dog
processed_images/5236.jpg,Dog
processed_images/2559.jpg,Dog
processed_images/3647.jpg,Dog
processed_images/11300.jpg,Dog
processed_images/4128.jpg,Dog
processed_images/7421.jpg,Dog
processed_images/8712.jpg,Dog
processed_images/1050.jpg,Dog
processed_images/6059.jpg,Dog
processed_images/1736.jpg,Dog
processed_images/7347.jpg,Dog
processed_images/8074.jpg,Dog
processed_images/3121.jpg,Dog
processed_images/11466.jpg,Dog
processed_images/4896.jpg,Dog
processed_images/10778.jpg,Dog
processed_images/5550.jpg,Dog
processed_images/9342.jpg,Dog
processed_images/6071.jpg,Dog
processed_images/12147.jpg,Dog
processed_images/10988.jpg,Dog
processed_images/4666.jpg,Dog
processed_images/3109.jpg,Dog
processed_images/10750.jpg,Dog
processed_images/2217.jpg,Dog
processed_images/5578.jpg,Dog
processed_images/10036.jpg,Dog
processed_images/2571.jpg,Dog
processed_images/11328.jpg,Dog
processed_images/4100.jpg,Dog
processed_images/7409.jpg,Dog
processed_images/1078.jpg,Dog
processed_images/9424.jpg,Dog
processed_images/6717.jpg,Dog
processed_images/9430.jpg,Dog
processed_images/6703.jpg,Dog
processed_images/10022.jpg,Dog
processed_images/2565.jpg,Dog
processed_images/4114.jpg,Dog
processed_images/4672.jpg,Dog
processed_images/10744.jpg,Dog
processed_images/2203.jpg,Dog
processed_images/9356.jpg,Dog
processed_images/6065.jpg,Dog
processed_images/12153.jpg,Dog
processed_images/8048.jpg,Dog
processed_images/1695.jpg,Dog
processed_images/301.jpg,Dog
processed_images/3082.jpg,Dog
processed_images/10803.jpg,Dog
processed_images/4935.jpg,Dog
processed_images/5395.jpg,Dog
processed_images/6844.jpg,Dog
processed_images/7582.jpg,Dog
processed_images/467.jpg,Dog
processed_images/8869.jpg,Dog
processed_images/6850.jpg,Dog
processed_images/7596.jpg,Dog
processed_images/6688.jpg,Dog
processed_images/473.jpg,Dog
processed_images/3928.jpg,Dog
processed_images/5381.jpg,Dog
processed_images/3096.jpg,Dog
processed_images/10817.jpg,Dog
processed_images/2388.jpg,Dog
processed_images/4921.jpg,Dog
processed_images/315.jpg,Dog
processed_images/1681.jpg,Dog
processed_images/1859.jpg,Dog
processed_images/4909.jpg,Dog
processed_images/1871.jpg,Dog
processed_images/6878.jpg,Dog
processed_images/9593.jpg,Dog
processed_images/8855.jpg,Dog
processed_images/10181.jpg,Dog
processed_images/3900.jpg,Dog
processed_images/10195.jpg,Dog
processed_images/3914.jpg,Dog
processed_images/8699.jpg,Dog
processed_images/9587.jpg,Dog
processed_images/8841.jpg,Dog
processed_images/329.jpg,Dog
processed_images/1865.jpg,Dog
processed_images/5430.jpg,Dog
processed_images/10618.jpg,Dog
processed_images/3041.jpg,Dog
processed_images/11506.jpg,Dog
processed_images/7227.jpg,Dog
processed_images/8114.jpg,Dog
processed_images/1656.jpg,Dog
processed_images/6139.jpg,Dog
processed_images/1130.jpg,Dog
processed_images/6887.jpg,Dog
processed_images/7541.jpg,Dog
processed_images/8672.jpg,Dog
processed_images/4048.jpg,Dog
processed_images/3727.jpg,Dog
processed_images/11260.jpg,Dog
processed_images/2439.jpg,Dog
processed_images/5356.jpg,Dog
processed_images/3733.jpg,Dog
processed_images/11274.jpg,Dog
processed_images/5342.jpg,Dog
processed_images/9578.jpg,Dog
processed_images/1124.jpg,Dog
processed_images/6893.jpg,Dog
processed_images/7555.jpg,Dog
processed_images/8666.jpg,Dog
processed_images/7233.jpg,Dog
processed_images/8100.jpg,Dog
processed_images/1642.jpg,Dog
processed_images/5424.jpg,Dog
processed_images/3055.jpg,Dog
processed_images/11512.jpg,Dog
processed_images/8128.jpg,Dog
processed_images/12033.jpg,Dog
processed_images/9236.jpg,Dog
processed_images/6105.jpg,Dog
processed_images/10624.jpg,Dog
processed_images/2363.jpg,Dog
processed_images/4712.jpg,Dog
processed_images/4074.jpg,Dog
processed_images/10142.jpg,Dog
processed_images/2405.jpg,Dog
processed_images/9550.jpg,Dog
processed_images/6663.jpg,Dog
processed_images/8896.jpg,Dog
processed_images/498.jpg,Dog
processed_images/9544.jpg,Dog
processed_images/6677.jpg,Dog
processed_images/1118.jpg,Dog
processed_images/8882.jpg,Dog
processed_images/7569.jpg,Dog
processed_images/4060.jpg,Dog
processed_images/11248.jpg,Dog
processed_images/10156.jpg,Dog
processed_images/2411.jpg,Dog
processed_images/5418.jpg,Dog
processed_images/10630.jpg,Dog
processed_images/2377.jpg,Dog
processed_images/3069.jpg,Dog
processed_images/4706.jpg,Dog
processed_images/12027.jpg,Dog
processed_images/9222.jpg,Dog
processed_images/6111.jpg,Dog
processed_images/665.jpg,Dog
processed_images/7958.jpg,Dog
processed_images/7780.jpg,Dog
processed_images/9975.jpg,Dog
processed_images/4289.jpg,Dog
processed_images/2820.jpg,Dog
processed_images/5197.jpg,Dog
processed_images/5829.jpg,Dog
processed_images/3280.jpg,Dog
processed_images/103.jpg,Dog
processed_images/1497.jpg,Dog
processed_images/1483.jpg,Dog
processed_images/117.jpg,Dog
processed_images/3294.jpg,Dog
processed_images/2834.jpg,Dog
processed_images/5183.jpg,Dog
processed_images/671.jpg,Dog
processed_images/7794.jpg,Dog
processed_images/9961.jpg,Dog
processed_images/10383.jpg,Dog
processed_images/7964.jpg,Dog
processed_images/659.jpg,Dog
processed_images/9791.jpg,Dog
processed_images/881.jpg,Dog
processed_images/9949.jpg,Dog
processed_images/11923.jpg,Dog
processed_images/5815.jpg,Dog
processed_images/11937.jpg,Dog
processed_images/5801.jpg,Dog
processed_images/7970.jpg,Dog
processed_images/9785.jpg,Dog
processed_images/895.jpg,Dog
processed_images/11089.jpg,Dog
processed_images/2808.jpg,Dog
processed_images/10397.jpg,Dog
processed_images/5154.jpg,Dog
processed_images/11062.jpg,Dog
processed_images/3525.jpg,Dog
processed_images/8470.jpg,Dog
processed_images/7743.jpg,Dog
processed_images/1332.jpg,Dog
processed_images/9008.jpg,Dog
processed_images/1454.jpg,Dog
processed_images/8316.jpg,Dog
processed_images/7025.jpg,Dog
processed_images/11704.jpg,Dog
processed_images/3243.jpg,Dog
processed_images/5632.jpg,Dog
processed_images/4538.jpg,Dog
processed_images/11710.jpg,Dog
processed_images/3257.jpg,Dog
processed_images/2149.jpg,Dog
processed_images/5626.jpg,Dog
processed_images/1440.jpg,Dog
processed_images/12219.jpg,Dog
processed_images/8302.jpg,Dog
processed_images/7031.jpg,Dog
processed_images/8464.jpg,Dog
processed_images/7757.jpg,Dog
processed_images/1326.jpg,Dog
processed_images/6449.jpg,Dog
processed_images/5140.jpg,Dog
processed_images/10368.jpg,Dog
processed_images/11076.jpg,Dog
processed_images/3531.jpg,Dog
processed_images/842.jpg,Dog
processed_images/6461.jpg,Dog
processed_images/9752.jpg,Dog
processed_images/5168.jpg,Dog
processed_images/2607.jpg,Dog
processed_images/10340.jpg,Dog
processed_images/3519.jpg,Dog
processed_images/4276.jpg,Dog
processed_images/4510.jpg,Dog
processed_images/11738.jpg,Dog
processed_images/2161.jpg,Dog
processed_images/10426.jpg,Dog
processed_images/6307.jpg,Dog
processed_images/9034.jpg,Dog
processed_images/1468.jpg,Dog
processed_images/12231.jpg,Dog
processed_images/7019.jpg,Dog
processed_images/6313.jpg,Dog
processed_images/9020.jpg,Dog
processed_images/12225.jpg,Dog
processed_images/4504.jpg,Dog
processed_images/2175.jpg,Dog
processed_images/10432.jpg,Dog
processed_images/2613.jpg,Dog
processed_images/10354.jpg,Dog
processed_images/4262.jpg,Dog
processed_images/8458.jpg,Dog
processed_images/856.jpg,Dog
processed_images/6475.jpg,Dog
processed_images/16.jpg,Dog
processed_images/9746.jpg,Dog
processed_images/3535.jpg,Dog
processed_images/11072.jpg,Dog
processed_images/5144.jpg,Dog
processed_images/1322.jpg,Dog
processed_images/7753.jpg,Dog
processed_images/8460.jpg,Dog
processed_images/7035.jpg,Dog
processed_images/8306.jpg,Dog
processed_images/9018.jpg,Dog
processed_images/1444.jpg,Dog
processed_images/5622.jpg,Dog
processed_images/3253.jpg,Dog
processed_images/11714.jpg,Dog
processed_images/2159.jpg,Dog
processed_images/5636.jpg,Dog
processed_images/4528.jpg,Dog
processed_images/3247.jpg,Dog
processed_images/11700.jpg,Dog
processed_images/12209.jpg,Dog
processed_images/7021.jpg,Dog
processed_images/8312.jpg,Dog
processed_images/1450.jpg,Dog
processed_images/1336.jpg,Dog
processed_images/6459.jpg,Dog
processed_images/7747.jpg,Dog
processed_images/8474.jpg,Dog
processed_images/3521.jpg,Dog
processed_images/11066.jpg,Dog
processed_images/5150.jpg,Dog
processed_images/10378.jpg,Dog
processed_images/9742.jpg,Dog
processed_images/12.jpg,Dog
processed_images/6471.jpg,Dog
processed_images/852.jpg,Dog
processed_images/3509.jpg,Dog
processed_images/4266.jpg,Dog
processed_images/5178.jpg,Dog
processed_images/10350.jpg,Dog
processed_images/2617.jpg,Dog
processed_images/10436.jpg,Dog
processed_images/2171.jpg,Dog
processed_images/4500.jpg,Dog
processed_images/11728.jpg,Dog
processed_images/12221.jpg,Dog
processed_images/7009.jpg,Dog
processed_images/9024.jpg,Dog
processed_images/6317.jpg,Dog
processed_images/1478.jpg,Dog
processed_images/12235.jpg,Dog
processed_images/9030.jpg,Dog
processed_images/6303.jpg,Dog
processed_images/10422.jpg,Dog
processed_images/2165.jpg,Dog
processed_images/4514.jpg,Dog
processed_images/4272.jpg,Dog
processed_images/10344.jpg,Dog
processed_images/2603.jpg,Dog
processed_images/9756.jpg,Dog
processed_images/6465.jpg,Dog
processed_images/8448.jpg,Dog
processed_images/846.jpg,Dog
processed_images/7790.jpg,Dog
processed_images/9965.jpg,Dog
processed_images/7948.jpg,Dog
processed_images/675.jpg,Dog
processed_images/5187.jpg,Dog
processed_images/2830.jpg,Dog
processed_images/4299.jpg,Dog
processed_images/3290.jpg,Dog
processed_images/5839.jpg,Dog
processed_images/113.jpg,Dog
processed_images/1487.jpg,Dog
processed_images/1493.jpg,Dog
processed_images/107.jpg,Dog
processed_images/3284.jpg,Dog
processed_images/5193.jpg,Dog
processed_images/2824.jpg,Dog
processed_images/7784.jpg,Dog
processed_images/9971.jpg,Dog
processed_images/661.jpg,Dog
processed_images/10393.jpg,Dog
processed_images/891.jpg,Dog
processed_images/9959.jpg,Dog
processed_images/649.jpg,Dog
processed_images/7974.jpg,Dog
processed_images/9781.jpg,Dog
processed_images/5805.jpg,Dog
processed_images/11933.jpg,Dog
processed_images/5811.jpg,Dog
processed_images/11927.jpg,Dog
processed_images/885.jpg,Dog
processed_images/7960.jpg,Dog
processed_images/9795.jpg,Dog
processed_images/10387.jpg,Dog
processed_images/11099.jpg,Dog
processed_images/2818.jpg,Dog
processed_images/11516.jpg,Dog
processed_images/3051.jpg,Dog
processed_images/5420.jpg,Dog
processed_images/10608.jpg,Dog
processed_images/1646.jpg,Dog
processed_images/6129.jpg,Dog
processed_images/8104.jpg,Dog
processed_images/7237.jpg,Dog
processed_images/6897.jpg,Dog
processed_images/8662.jpg,Dog
processed_images/7551.jpg,Dog
processed_images/1120.jpg,Dog
processed_images/2429.jpg,Dog
processed_images/5346.jpg,Dog
processed_images/4058.jpg,Dog
processed_images/11270.jpg,Dog
processed_images/3737.jpg,Dog
processed_images/5352.jpg,Dog
processed_images/11264.jpg,Dog
processed_images/3723.jpg,Dog
processed_images/6883.jpg,Dog
processed_images/8676.jpg,Dog
processed_images/7545.jpg,Dog
processed_images/9568.jpg,Dog
processed_images/1134.jpg,Dog
processed_images/1652.jpg,Dog
processed_images/8110.jpg,Dog
processed_images/7223.jpg,Dog
processed_images/11502.jpg,Dog
processed_images/3045.jpg,Dog
processed_images/5434.jpg,Dog
processed_images/6115.jpg,Dog
processed_images/9226.jpg,Dog
processed_images/8138.jpg,Dog
processed_images/12023.jpg,Dog
processed_images/4702.jpg,Dog
processed_images/2373.jpg,Dog
processed_images/10634.jpg,Dog
processed_images/2415.jpg,Dog
processed_images/10152.jpg,Dog
processed_images/4064.jpg,Dog
processed_images/6673.jpg,Dog
processed_images/9540.jpg,Dog
processed_images/8886.jpg,Dog
processed_images/488.jpg,Dog
processed_images/7579.jpg,Dog
processed_images/6667.jpg,Dog
processed_images/9554.jpg,Dog
processed_images/1108.jpg,Dog
processed_images/8892.jpg,Dog
processed_images/2401.jpg,Dog
processed_images/10146.jpg,Dog
processed_images/4070.jpg,Dog
processed_images/11258.jpg,Dog
processed_images/3079.jpg,Dog
processed_images/4716.jpg,Dog
processed_images/5408.jpg,Dog
processed_images/2367.jpg,Dog
processed_images/10620.jpg,Dog
processed_images/6101.jpg,Dog
processed_images/9232.jpg,Dog
processed_images/12037.jpg,Dog
processed_images/1685.jpg,Dog
processed_images/311.jpg,Dog
processed_images/4925.jpg,Dog
processed_images/3092.jpg,Dog
processed_images/10813.jpg,Dog
processed_images/5385.jpg,Dog
processed_images/477.jpg,Dog
processed_images/8879.jpg,Dog
processed_images/6854.jpg,Dog
processed_images/7592.jpg,Dog
processed_images/6698.jpg,Dog
processed_images/463.jpg,Dog
processed_images/6840.jpg,Dog
processed_images/7586.jpg,Dog
processed_images/5391.jpg,Dog
processed_images/3938.jpg,Dog
processed_images/4931.jpg,Dog
processed_images/2398.jpg,Dog
processed_images/3086.jpg,Dog
processed_images/10807.jpg,Dog
processed_images/1849.jpg,Dog
processed_images/305.jpg,Dog
processed_images/1691.jpg,Dog
processed_images/4919.jpg,Dog
processed_images/1861.jpg,Dog
processed_images/9583.jpg,Dog
processed_images/8845.jpg,Dog
processed_images/6868.jpg,Dog
processed_images/10191.jpg,Dog
processed_images/3910.jpg,Dog
processed_images/10185.jpg,Dog
processed_images/3904.jpg,Dog
processed_images/9597.jpg,Dog
processed_images/8851.jpg,Dog
processed_images/8689.jpg,Dog
processed_images/1875.jpg,Dog
processed_images/339.jpg,Dog
processed_images/4892.jpg,Dog
processed_images/5554.jpg,Dog
processed_images/11462.jpg,Dog
processed_images/3125.jpg,Dog
processed_images/8070.jpg,Dog
processed_images/7343.jpg,Dog
processed_images/1732.jpg,Dog
processed_images/1054.jpg,Dog
processed_images/9408.jpg,Dog
processed_images/8716.jpg,Dog
processed_images/7425.jpg,Dog
processed_images/11304.jpg,Dog
processed_images/3643.jpg,Dog
processed_images/5232.jpg,Dog
processed_images/11310.jpg,Dog
processed_images/3657.jpg,Dog
processed_images/4138.jpg,Dog
processed_images/5226.jpg,Dog
processed_images/2549.jpg,Dog
processed_images/1040.jpg,Dog
processed_images/8702.jpg,Dog
processed_images/7431.jpg,Dog
processed_images/8064.jpg,Dog
processed_images/7357.jpg,Dog
processed_images/6049.jpg,Dog
processed_images/1726.jpg,Dog
processed_images/4886.jpg,Dog
processed_images/10768.jpg,Dog
processed_images/5540.jpg,Dog
processed_images/11476.jpg,Dog
processed_images/3131.jpg,Dog
processed_images/12157.jpg,Dog
processed_images/6061.jpg,Dog
processed_images/9352.jpg,Dog
processed_images/2207.jpg,Dog
processed_images/10740.jpg,Dog
processed_images/5568.jpg,Dog
processed_images/10998.jpg,Dog
processed_images/4676.jpg,Dog
processed_images/3119.jpg,Dog
processed_images/11338.jpg,Dog
processed_images/4110.jpg,Dog
processed_images/2561.jpg,Dog
processed_images/10026.jpg,Dog
processed_images/1068.jpg,Dog
processed_images/6707.jpg,Dog
processed_images/9434.jpg,Dog
processed_images/7419.jpg,Dog
processed_images/6713.jpg,Dog
processed_images/9420.jpg,Dog
processed_images/4104.jpg,Dog
processed_images/2575.jpg,Dog
processed_images/10032.jpg,Dog
processed_images/2213.jpg,Dog
processed_images/10754.jpg,Dog
processed_images/4662.jpg,Dog
processed_images/12143.jpg,Dog
processed_images/8058.jpg,Dog
processed_images/6075.jpg,Dog
processed_images/9346.jpg,Dog
processed_images/265.jpg,Dog
processed_images/1929.jpg,Dog
processed_images/7380.jpg,Dog
processed_images/4689.jpg,Dog
processed_images/10967.jpg,Dog
processed_images/4851.jpg,Dog
processed_images/5597.jpg,Dog
processed_images/3858.jpg,Dog
processed_images/3680.jpg,Dog
processed_images/6920.jpg,Dog
processed_images/1097.jpg,Dog
processed_images/503.jpg,Dog
processed_images/6934.jpg,Dog
processed_images/517.jpg,Dog
processed_images/1083.jpg,Dog
processed_images/8919.jpg,Dog
processed_images/3694.jpg,Dog
processed_images/10973.jpg,Dog
processed_images/4845.jpg,Dog
processed_images/5583.jpg,Dog
processed_images/271.jpg,Dog
processed_images/7394.jpg,Dog
processed_images/10783.jpg,Dog
processed_images/9391.jpg,Dog
processed_images/259.jpg,Dog
processed_images/12194.jpg,Dog
processed_images/1915.jpg,Dog
processed_images/8931.jpg,Dog
processed_images/3864.jpg,Dog
processed_images/3870.jpg,Dog
processed_images/6908.jpg,Dog
processed_images/8925.jpg,Dog
processed_images/9385.jpg,Dog
processed_images/12180.jpg,Dog
processed_images/1901.jpg,Dog
processed_images/11489.jpg,Dog
processed_images/10797.jpg,Dog
processed_images/4879.jpg,Dog
processed_images/10218.jpg,Dog
processed_images/5030.jpg,Dog
processed_images/2987.jpg,Dog
processed_images/3441.jpg,Dog
processed_images/11106.jpg,Dog
processed_images/7627.jpg,Dog
processed_images/8514.jpg,Dog
processed_images/6539.jpg,Dog
processed_images/1256.jpg,Dog
processed_images/1530.jpg,Dog
processed_images/7141.jpg,Dog
processed_images/8272.jpg,Dog
processed_images/12369.jpg,Dog
processed_images/3327.jpg,Dog
processed_images/11660.jpg,Dog
processed_images/4448.jpg,Dog
processed_images/5756.jpg,Dog
processed_images/2039.jpg,Dog
processed_images/3333.jpg,Dog
processed_images/11674.jpg,Dog
processed_images/5742.jpg,Dog
processed_images/1524.jpg,Dog
processed_images/9178.jpg,Dog
processed_images/7155.jpg,Dog
processed_images/8266.jpg,Dog
processed_images/7633.jpg,Dog
processed_images/8500.jpg,Dog
processed_images/1242.jpg,Dog
processed_images/5024.jpg,Dog
processed_images/2993.jpg,Dog
processed_images/3455.jpg,Dog
processed_images/11112.jpg,Dog
processed_images/12433.jpg,Dog
processed_images/8528.jpg,Dog
processed_images/926.jpg,Dog
processed_images/9636.jpg,Dog
processed_images/6505.jpg,Dog
processed_images/10224.jpg,Dog
processed_images/2763.jpg,Dog
processed_images/4312.jpg,Dog
processed_images/4474.jpg,Dog
processed_images/11884.jpg,Dog
processed_images/10542.jpg,Dog
processed_images/2005.jpg,Dog
processed_images/9150.jpg,Dog
processed_images/6263.jpg,Dog
processed_images/12355.jpg,Dog
processed_images/1518.jpg,Dog
processed_images/9144.jpg,Dog
processed_images/6277.jpg,Dog
processed_images/7169.jpg,Dog
processed_images/12341.jpg,Dog
processed_images/11648.jpg,Dog
processed_images/4460.jpg,Dog
processed_images/11890.jpg,Dog
processed_images/10556.jpg,Dog
processed_images/2011.jpg,Dog
processed_images/10230.jpg,Dog
processed_images/2777.jpg,Dog
processed_images/5018.jpg,Dog
processed_images/4306.jpg,Dog
processed_images/3469.jpg,Dog
processed_images/12427.jpg,Dog
processed_images/932.jpg,Dog
processed_images/9622.jpg,Dog
processed_images/6511.jpg,Dog
processed_images/701.jpg,Dog
processed_images/1295.jpg,Dog
processed_images/9811.jpg,Dog
processed_images/2944.jpg,Dog
processed_images/3482.jpg,Dog
processed_images/5795.jpg,Dog
processed_images/7182.jpg,Dog
processed_images/7196.jpg,Dog
processed_images/6288.jpg,Dog
processed_images/5781.jpg,Dog
processed_images/5959.jpg,Dog
processed_images/2950.jpg,Dog
processed_images/3496.jpg,Dog
processed_images/2788.jpg,Dog
processed_images/7828.jpg,Dog
processed_images/1281.jpg,Dog
processed_images/715.jpg,Dog
processed_images/9805.jpg,Dog
processed_images/2978.jpg,Dog
processed_images/7800.jpg,Dog
processed_images/12396.jpg,Dog
processed_images/9193.jpg,Dog
processed_images/11847.jpg,Dog
processed_images/10581.jpg,Dog
processed_images/5971.jpg,Dog
processed_images/11853.jpg,Dog
processed_images/10595.jpg,Dog
processed_images/5965.jpg,Dog
processed_images/8299.jpg,Dog
processed_images/12382.jpg,Dog
processed_images/9187.jpg,Dog
processed_images/729.jpg,Dog
processed_images/7814.jpg,Dog
processed_images/9839.jpg,Dog
processed_images/9186.jpg,Dog
processed_images/12383.jpg,Dog
processed_images/8298.jpg,Dog
processed_images/5964.jpg,Dog
processed_images/10594.jpg,Dog
processed_images/11852.jpg,Dog
processed_images/9838.jpg,Dog
processed_images/7815.jpg,Dog
processed_images/728.jpg,Dog
processed_images/7801.jpg,Dog
processed_images/2979.jpg,Dog
processed_images/5970.jpg,Dog
processed_images/10580.jpg,Dog
processed_images/11846.jpg,Dog
processed_images/9192.jpg,Dog
processed_images/12397.jpg,Dog
processed_images/5958.jpg,Dog
processed_images/5780.jpg,Dog
processed_images/6289.jpg,Dog
processed_images/7197.jpg,Dog
processed_images/9804.jpg,Dog
processed_images/714.jpg,Dog
processed_images/1280.jpg,Dog
processed_images/7829.jpg,Dog
processed_images/2789.jpg,Dog
processed_images/3497.jpg,Dog
processed_images/2951.jpg,Dog
processed_images/3483.jpg,Dog
processed_images/2945.jpg,Dog
processed_images/9810.jpg,Dog
processed_images/1294.jpg,Dog
processed_images/700.jpg,Dog
processed_images/7183.jpg,Dog
processed_images/5794.jpg,Dog
processed_images/2010.jpg,Dog
processed_images/10557.jpg,Dog
processed_images/11891.jpg,Dog
processed_images/4461.jpg,Dog
processed_images/11649.jpg,Dog
processed_images/12340.jpg,Dog
processed_images/7168.jpg,Dog
processed_images/6276.jpg,Dog
processed_images/9145.jpg,Dog
processed_images/1519.jpg,Dog
processed_images/6510.jpg,Dog
processed_images/9623.jpg,Dog
processed_images/933.jpg,Dog
processed_images/12426.jpg,Dog
processed_images/3468.jpg,Dog
processed_images/4307.jpg,Dog
processed_images/5019.jpg,Dog
processed_images/2776.jpg,Dog
processed_images/10231.jpg,Dog
processed_images/4313.jpg,Dog
processed_images/2762.jpg,Dog
processed_images/10225.jpg,Dog
processed_images/6504.jpg,Dog
processed_images/9637.jpg,Dog
processed_images/8529.jpg,Dog
processed_images/927.jpg,Dog
processed_images/12432.jpg,Dog
processed_images/12354.jpg,Dog
processed_images/6262.jpg,Dog
processed_images/9151.jpg,Dog
processed_images/2004.jpg,Dog
processed_images/10543.jpg,Dog
processed_images/11885.jpg,Dog
processed_images/4475.jpg,Dog
processed_images/8267.jpg,Dog
processed_images/7154.jpg,Dog
processed_images/9179.jpg,Dog
processed_images/1525.jpg,Dog
processed_images/5743.jpg,Dog
processed_images/11675.jpg,Dog
processed_images/3332.jpg,Dog
processed_images/11113.jpg,Dog
processed_images/3454.jpg,Dog
processed_images/2992.jpg,Dog
processed_images/5025.jpg,Dog
processed_images/1243.jpg,Dog
processed_images/8501.jpg,Dog
processed_images/7632.jpg,Dog
processed_images/1257.jpg,Dog
processed_images/6538.jpg,Dog
processed_images/8515.jpg,Dog
processed_images/7626.jpg,Dog
processed_images/11107.jpg,Dog
processed_images/3440.jpg,Dog
processed_images/2986.jpg,Dog
processed_images/5031.jpg,Dog
processed_images/10219.jpg,Dog
processed_images/2038.jpg,Dog
processed_images/5757.jpg,Dog
processed_images/4449.jpg,Dog
processed_images/11661.jpg,Dog
processed_images/3326.jpg,Dog
processed_images/12368.jpg,Dog
processed_images/8273.jpg,Dog
processed_images/7140.jpg,Dog
processed_images/1531.jpg,Dog
processed_images/8924.jpg,Dog
processed_images/6909.jpg,Dog
processed_images/3871.jpg,Dog
processed_images/10796.jpg,Dog
processed_images/4878.jpg,Dog
processed_images/11488.jpg,Dog
processed_images/1900.jpg,Dog
processed_images/12181.jpg,Dog
processed_images/9384.jpg,Dog
processed_images/1914.jpg,Dog
processed_images/12195.jpg,Dog
processed_images/258.jpg,Dog
processed_images/9390.jpg,Dog
processed_images/10782.jpg,Dog
processed_images/3865.jpg,Dog
processed_images/8930.jpg,Dog
processed_images/3695.jpg,Dog
processed_images/1082.jpg,Dog
processed_images/516.jpg,Dog
processed_images/8918.jpg,Dog
processed_images/6935.jpg,Dog
processed_images/7395.jpg,Dog
processed_images/270.jpg,Dog
processed_images/5582.jpg,Dog
processed_images/4844.jpg,Dog
processed_images/10972.jpg,Dog
processed_images/5596.jpg,Dog
processed_images/4850.jpg,Dog
processed_images/4688.jpg,Dog
processed_images/10966.jpg,Dog
processed_images/7381.jpg,Dog
processed_images/1928.jpg,Dog
processed_images/264.jpg,Dog
processed_images/502.jpg,Dog
processed_images/1096.jpg,Dog
processed_images/6921.jpg,Dog
processed_images/3681.jpg,Dog
processed_images/3859.jpg,Dog
processed_images/10033.jpg,Dog
processed_images/2574.jpg,Dog
processed_images/4105.jpg,Dog
processed_images/9421.jpg,Dog
processed_images/6712.jpg,Dog
processed_images/9347.jpg,Dog
processed_images/6074.jpg,Dog
processed_images/8059.jpg,Dog
processed_images/12142.jpg,Dog
processed_images/4663.jpg,Dog
processed_images/10755.jpg,Dog
processed_images/2212.jpg,Dog
processed_images/3118.jpg,Dog
processed_images/10999.jpg,Dog
processed_images/4677.jpg,Dog
processed_images/5569.jpg,Dog
processed_images/10741.jpg,Dog
processed_images/2206.jpg,Dog
processed_images/9353.jpg,Dog
processed_images/6060.jpg,Dog
processed_images/12156.jpg,Dog
processed_images/7418.jpg,Dog
processed_images/9435.jpg,Dog
processed_images/6706.jpg,Dog
processed_images/1069.jpg,Dog
processed_images/10027.jpg,Dog
processed_images/2560.jpg,Dog
processed_images/4111.jpg,Dog
processed_images/11339.jpg,Dog
processed_images/7430.jpg,Dog
processed_images/8703.jpg,Dog
processed_images/1041.jpg,Dog
processed_images/2548.jpg,Dog
processed_images/5227.jpg,Dog
processed_images/4139.jpg,Dog
processed_images/3656.jpg,Dog
processed_images/11311.jpg,Dog
processed_images/3130.jpg,Dog
processed_images/11477.jpg,Dog
processed_images/5541.jpg,Dog
processed_images/4887.jpg,Dog
processed_images/10769.jpg,Dog
processed_images/1727.jpg,Dog
processed_images/6048.jpg,Dog
processed_images/7356.jpg,Dog
processed_images/8065.jpg,Dog
processed_images/1733.jpg,Dog
processed_images/7342.jpg,Dog
processed_images/8071.jpg,Dog
processed_images/3124.jpg,Dog
processed_images/11463.jpg,Dog
processed_images/5555.jpg,Dog
processed_images/4893.jpg,Dog
processed_images/5233.jpg,Dog
processed_images/3642.jpg,Dog
processed_images/11305.jpg,Dog
processed_images/7424.jpg,Dog
processed_images/8717.jpg,Dog
processed_images/9409.jpg,Dog
processed_images/1055.jpg,Dog
processed_images/8688.jpg,Dog
processed_images/8850.jpg,Dog
processed_images/9596.jpg,Dog
processed_images/3905.jpg,Dog
processed_images/10184.jpg,Dog
processed_images/338.jpg,Dog
processed_images/1874.jpg,Dog
processed_images/1860.jpg,Dog
processed_images/4918.jpg,Dog
processed_images/3911.jpg,Dog
processed_images/10190.jpg,Dog
processed_images/6869.jpg,Dog
processed_images/8844.jpg,Dog
processed_images/9582.jpg,Dog
processed_images/3939.jpg,Dog
processed_images/5390.jpg,Dog
processed_images/7587.jpg,Dog
processed_images/6841.jpg,Dog
processed_images/462.jpg,Dog
processed_images/6699.jpg,Dog
processed_images/1690.jpg,Dog
processed_images/304.jpg,Dog
processed_images/1848.jpg,Dog
processed_images/10806.jpg,Dog
processed_images/3087.jpg,Dog
processed_images/2399.jpg,Dog
processed_images/4930.jpg,Dog
processed_images/10812.jpg,Dog
processed_images/3093.jpg,Dog
processed_images/4924.jpg,Dog
processed_images/310.jpg,Dog
processed_images/1684.jpg,Dog
processed_images/7593.jpg,Dog
processed_images/6855.jpg,Dog
processed_images/476.jpg,Dog
processed_images/8878.jpg,Dog
processed_images/5384.jpg,Dog
processed_images/11259.jpg,Dog
processed_images/4071.jpg,Dog
processed_images/10147.jpg,Dog
processed_images/2400.jpg,Dog
processed_images/1109.jpg,Dog
processed_images/8893.jpg,Dog
processed_images/9555.jpg,Dog
processed_images/6666.jpg,Dog
processed_images/7578.jpg,Dog
processed_images/12036.jpg,Dog
processed_images/9233.jpg,Dog
processed_images/6100.jpg,Dog
processed_images/10621.jpg,Dog
processed_images/2366.jpg,Dog
processed_images/5409.jpg,Dog
processed_images/4717.jpg,Dog
processed_images/3078.jpg,Dog
processed_images/10635.jpg,Dog
processed_images/2372.jpg,Dog
processed_images/4703.jpg,Dog
processed_images/12022.jpg,Dog
processed_images/8139.jpg,Dog
processed_images/9227.jpg,Dog
processed_images/6114.jpg,Dog
processed_images/8887.jpg,Dog
processed_images/489.jpg,Dog
processed_images/9541.jpg,Dog
processed_images/6672.jpg,Dog
processed_images/4065.jpg,Dog
processed_images/10153.jpg,Dog
processed_images/2414.jpg,Dog
processed_images/1135.jpg,Dog
processed_images/9569.jpg,Dog
processed_images/7544.jpg,Dog
processed_images/8677.jpg,Dog
processed_images/6882.jpg,Dog
processed_images/3722.jpg,Dog
processed_images/11265.jpg,Dog
processed_images/5353.jpg,Dog
processed_images/5435.jpg,Dog
processed_images/3044.jpg,Dog
processed_images/11503.jpg,Dog
processed_images/7222.jpg,Dog
processed_images/8111.jpg,Dog
processed_images/1653.jpg,Dog
processed_images/7236.jpg,Dog
processed_images/8105.jpg,Dog
processed_images/6128.jpg,Dog
processed_images/1647.jpg,Dog
processed_images/10609.jpg,Dog
processed_images/5421.jpg,Dog
processed_images/3050.jpg,Dog
processed_images/11517.jpg,Dog
processed_images/3736.jpg,Dog
processed_images/11271.jpg,Dog
processed_images/4059.jpg,Dog
processed_images/5347.jpg,Dog
processed_images/2428.jpg,Dog
processed_images/1121.jpg,Dog
processed_images/7550.jpg,Dog
processed_images/8663.jpg,Dog
processed_images/6896.jpg,Dog
processed_images/11926.jpg,Dog
processed_images/5810.jpg,Dog
processed_images/2819.jpg,Dog
processed_images/11098.jpg,Dog
processed_images/10386.jpg,Dog
processed_images/9794.jpg,Dog
processed_images/7961.jpg,Dog
processed_images/884.jpg,Dog
processed_images/9780.jpg,Dog
processed_images/7975.jpg,Dog
processed_images/648.jpg,Dog
processed_images/9958.jpg,Dog
processed_images/890.jpg,Dog
processed_images/10392.jpg,Dog
processed_images/11932.jpg,Dog
processed_images/5804.jpg,Dog
processed_images/3285.jpg,Dog
processed_images/106.jpg,Dog
processed_images/1492.jpg,Dog
processed_images/660.jpg,Dog
processed_images/9970.jpg,Dog
processed_images/7785.jpg,Dog
processed_images/2825.jpg,Dog
processed_images/5192.jpg,Dog
processed_images/4298.jpg,Dog
processed_images/2831.jpg,Dog
processed_images/5186.jpg,Dog
processed_images/674.jpg,Dog
processed_images/7949.jpg,Dog
processed_images/9964.jpg,Dog
processed_images/7791.jpg,Dog
processed_images/1486.jpg,Dog
processed_images/112.jpg,Dog
processed_images/5838.jpg,Dog
processed_images/3291.jpg,Dog
processed_images/4515.jpg,Dog
processed_images/2164.jpg,Dog
processed_images/10423.jpg,Dog
processed_images/6302.jpg,Dog
processed_images/9031.jpg,Dog
processed_images/12234.jpg,Dog
processed_images/8449.jpg,Dog
processed_images/847.jpg,Dog
processed_images/6464.jpg,Dog
processed_images/9757.jpg,Dog
processed_images/2602.jpg,Dog
processed_images/10345.jpg,Dog
processed_images/4273.jpg,Dog
processed_images/2616.jpg,Dog
processed_images/10351.jpg,Dog
processed_images/5179.jpg,Dog
processed_images/4267.jpg,Dog
processed_images/3508.jpg,Dog
processed_images/853.jpg,Dog
processed_images/13.jpg,Dog
processed_images/6470.jpg,Dog
processed_images/9743.jpg,Dog
processed_images/1479.jpg,Dog
processed_images/6316.jpg,Dog
processed_images/9025.jpg,Dog
processed_images/7008.jpg,Dog
processed_images/12220.jpg,Dog
processed_images/11729.jpg,Dog
processed_images/4501.jpg,Dog
processed_images/2170.jpg,Dog
processed_images/10437.jpg,Dog
processed_images/1451.jpg,Dog
processed_images/8313.jpg,Dog
processed_images/7020.jpg,Dog
processed_images/12208.jpg,Dog
processed_images/11701.jpg,Dog
processed_images/3246.jpg,Dog
processed_images/4529.jpg,Dog
processed_images/5637.jpg,Dog
processed_images/2158.jpg,Dog
processed_images/10379.jpg,Dog
processed_images/5151.jpg,Dog
processed_images/11067.jpg,Dog
processed_images/3520.jpg,Dog
processed_images/8475.jpg,Dog
processed_images/7746.jpg,Dog
processed_images/6458.jpg,Dog
processed_images/1337.jpg,Dog
processed_images/8461.jpg,Dog
processed_images/7752.jpg,Dog
processed_images/1323.jpg,Dog
processed_images/5145.jpg,Dog
processed_images/11073.jpg,Dog
processed_images/3534.jpg,Dog
processed_images/11715.jpg,Dog
processed_images/3252.jpg,Dog
processed_images/5623.jpg,Dog
processed_images/1445.jpg,Dog
processed_images/9019.jpg,Dog
processed_images/8307.jpg,Dog
processed_images/7034.jpg,Dog
processed_images/1335.jpg,Dog
processed_images/9769.jpg,Dog
processed_images/39.jpg,Dog
processed_images/879.jpg,Dog
processed_images/8477.jpg,Dog
processed_images/7744.jpg,Dog
processed_images/11065.jpg,Dog
processed_images/3522.jpg,Dog
processed_images/5153.jpg,Dog
processed_images/5635.jpg,Dog
processed_images/11703.jpg,Dog
processed_images/3244.jpg,Dog
processed_images/8311.jpg,Dog
processed_images/7022.jpg,Dog
processed_images/1453.jpg,Dog
processed_images/8305.jpg,Dog
processed_images/7036.jpg,Dog
processed_images/6328.jpg,Dog
processed_images/1447.jpg,Dog
processed_images/10409.jpg,Dog
processed_images/5621.jpg,Dog
processed_images/11717.jpg,Dog
processed_images/3250.jpg,Dog
processed_images/11071.jpg,Dog
processed_images/3536.jpg,Dog
processed_images/4259.jpg,Dog
processed_images/5147.jpg,Dog
processed_images/2628.jpg,Dog
processed_images/1321.jpg,Dog
processed_images/7988.jpg,Dog
processed_images/8463.jpg,Dog
processed_images/7750.jpg,Dog
processed_images/11059.jpg,Dog
processed_images/4271.jpg,Dog
processed_images/2600.jpg,Dog
processed_images/10347.jpg,Dog
processed_images/1309.jpg,Dog
processed_images/6466.jpg,Dog
processed_images/9755.jpg,Dog
processed_images/7778.jpg,Dog
processed_images/845.jpg,Dog
processed_images/12236.jpg,Dog
processed_images/6300.jpg,Dog
processed_images/9033.jpg,Dog
processed_images/2166.jpg,Dog
processed_images/10421.jpg,Dog
processed_images/5609.jpg,Dog
processed_images/4517.jpg,Dog
processed_images/3278.jpg,Dog
processed_images/2172.jpg,Dog
processed_images/10435.jpg,Dog
processed_images/4503.jpg,Dog
processed_images/12222.jpg,Dog
processed_images/8339.jpg,Dog
processed_images/6314.jpg,Dog
processed_images/9027.jpg,Dog
processed_images/689.jpg,Dog
processed_images/6472.jpg,Dog
processed_images/11.jpg,Dog
processed_images/9741.jpg,Dog
processed_images/851.jpg,Dog
processed_images/9999.jpg,Dog
processed_images/4265.jpg,Dog
processed_images/2614.jpg,Dog
processed_images/10353.jpg,Dog
processed_images/5190.jpg,Dog
processed_images/2827.jpg,Dog
processed_images/7787.jpg,Dog
processed_images/9972.jpg,Dog
processed_images/662.jpg,Dog
processed_images/6499.jpg,Dog
processed_images/1490.jpg,Dog
processed_images/104.jpg,Dog
processed_images/3287.jpg,Dog
processed_images/2199.jpg,Dog
processed_images/11918.jpg,Dog
processed_images/3293.jpg,Dog
processed_images/110.jpg,Dog
processed_images/1484.jpg,Dog
processed_images/7793.jpg,Dog
processed_images/9966.jpg,Dog
processed_images/676.jpg,Dog
processed_images/5184.jpg,Dog
processed_images/2833.jpg,Dog
processed_images/8488.jpg,Dog
processed_images/886.jpg,Dog
processed_images/7963.jpg,Dog
processed_images/9796.jpg,Dog
processed_images/10384.jpg,Dog
processed_images/5812.jpg,Dog
processed_images/11924.jpg,Dog
processed_images/138.jpg,Dog
processed_images/5806.jpg,Dog
processed_images/11930.jpg,Dog
processed_images/10390.jpg,Dog
processed_images/892.jpg,Dog
processed_images/7977.jpg,Dog
processed_images/9782.jpg,Dog
processed_images/1651.jpg,Dog
processed_images/7220.jpg,Dog
processed_images/8113.jpg,Dog
processed_images/1889.jpg,Dog
processed_images/12008.jpg,Dog
processed_images/3046.jpg,Dog
processed_images/11501.jpg,Dog
processed_images/4729.jpg,Dog
processed_images/5437.jpg,Dog
processed_images/2358.jpg,Dog
processed_images/10179.jpg,Dog
processed_images/5351.jpg,Dog
processed_images/3720.jpg,Dog
processed_images/11267.jpg,Dog
processed_images/6880.jpg,Dog
processed_images/7546.jpg,Dog
processed_images/8675.jpg,Dog
processed_images/6658.jpg,Dog
processed_images/1137.jpg,Dog
processed_images/6894.jpg,Dog
processed_images/7552.jpg,Dog
processed_images/8661.jpg,Dog
processed_images/1123.jpg,Dog
processed_images/5345.jpg,Dog
processed_images/3734.jpg,Dog
processed_images/11273.jpg,Dog
processed_images/3052.jpg,Dog
processed_images/11515.jpg,Dog
processed_images/5423.jpg,Dog
processed_images/1645.jpg,Dog
processed_images/9219.jpg,Dog
processed_images/7234.jpg,Dog
processed_images/8107.jpg,Dog
processed_images/4715.jpg,Dog
processed_images/10623.jpg,Dog
processed_images/2364.jpg,Dog
processed_images/9231.jpg,Dog
processed_images/6102.jpg,Dog
processed_images/12034.jpg,Dog
processed_images/8649.jpg,Dog
processed_images/9557.jpg,Dog
processed_images/6664.jpg,Dog
processed_images/8891.jpg,Dog
processed_images/10145.jpg,Dog
processed_images/2402.jpg,Dog
processed_images/4073.jpg,Dog
processed_images/10151.jpg,Dog
processed_images/2416.jpg,Dog
processed_images/5379.jpg,Dog
processed_images/4067.jpg,Dog
processed_images/3708.jpg,Dog
processed_images/9543.jpg,Dog
processed_images/6670.jpg,Dog
processed_images/8885.jpg,Dog
processed_images/1679.jpg,Dog
processed_images/9225.jpg,Dog
processed_images/6116.jpg,Dog
processed_images/7208.jpg,Dog
processed_images/12020.jpg,Dog
processed_images/11529.jpg,Dog
processed_images/4701.jpg,Dog
processed_images/10637.jpg,Dog
processed_images/2370.jpg,Dog
processed_images/4932.jpg,Dog
processed_images/3085.jpg,Dog
processed_images/10804.jpg,Dog
processed_images/306.jpg,Dog
processed_images/1692.jpg,Dog
processed_images/460.jpg,Dog
processed_images/6843.jpg,Dog
processed_images/7585.jpg,Dog
processed_images/5392.jpg,Dog
processed_images/4098.jpg,Dog
processed_images/5386.jpg,Dog
processed_images/474.jpg,Dog
processed_images/6857.jpg,Dog
processed_images/7591.jpg,Dog
processed_images/1686.jpg,Dog
processed_images/312.jpg,Dog
processed_images/4926.jpg,Dog
processed_images/3091.jpg,Dog
processed_images/10810.jpg,Dog
processed_images/1876.jpg,Dog
processed_images/10838.jpg,Dog
processed_images/11298.jpg,Dog
processed_images/10186.jpg,Dog
processed_images/3907.jpg,Dog
processed_images/9594.jpg,Dog
processed_images/8852.jpg,Dog
processed_images/9580.jpg,Dog
processed_images/8846.jpg,Dog
processed_images/448.jpg,Dog
processed_images/10192.jpg,Dog
processed_images/3913.jpg,Dog
processed_images/1862.jpg,Dog
processed_images/7354.jpg,Dog
processed_images/8067.jpg,Dog
processed_images/9379.jpg,Dog
processed_images/1725.jpg,Dog
processed_images/4885.jpg,Dog
processed_images/5543.jpg,Dog
processed_images/3132.jpg,Dog
processed_images/11475.jpg,Dog
processed_images/3654.jpg,Dog
processed_images/11313.jpg,Dog
processed_images/5225.jpg,Dog
processed_images/1043.jpg,Dog
processed_images/7432.jpg,Dog
processed_images/8701.jpg,Dog
processed_images/1057.jpg,Dog
processed_images/6738.jpg,Dog
processed_images/7426.jpg,Dog
processed_images/8715.jpg,Dog
processed_images/3640.jpg,Dog
processed_images/11307.jpg,Dog
processed_images/3898.jpg,Dog
processed_images/5231.jpg,Dog
processed_images/10019.jpg,Dog
processed_images/2238.jpg,Dog
processed_images/4891.jpg,Dog
processed_images/5557.jpg,Dog
processed_images/4649.jpg,Dog
processed_images/3126.jpg,Dog
processed_images/11461.jpg,Dog
processed_images/12168.jpg,Dog
processed_images/7340.jpg,Dog
processed_images/8073.jpg,Dog
processed_images/1731.jpg,Dog
processed_images/10757.jpg,Dog
processed_images/2210.jpg,Dog
processed_images/4661.jpg,Dog
processed_images/11449.jpg,Dog
processed_images/12140.jpg,Dog
processed_images/7368.jpg,Dog
processed_images/9345.jpg,Dog
processed_images/6076.jpg,Dog
processed_images/1719.jpg,Dog
processed_images/9423.jpg,Dog
processed_images/6710.jpg,Dog
processed_images/3668.jpg,Dog
processed_images/4107.jpg,Dog
processed_images/5219.jpg,Dog
processed_images/10031.jpg,Dog
processed_images/2576.jpg,Dog
processed_images/4113.jpg,Dog
processed_images/10025.jpg,Dog
processed_images/2562.jpg,Dog
processed_images/9437.jpg,Dog
processed_images/6704.jpg,Dog
processed_images/8729.jpg,Dog
processed_images/12154.jpg,Dog
processed_images/9351.jpg,Dog
processed_images/6062.jpg,Dog
processed_images/299.jpg,Dog
processed_images/10743.jpg,Dog
processed_images/2204.jpg,Dog
processed_images/4675.jpg,Dog
processed_images/10970.jpg,Dog
processed_images/4846.jpg,Dog
processed_images/5580.jpg,Dog
processed_images/6089.jpg,Dog
processed_images/272.jpg,Dog
processed_images/7397.jpg,Dog
processed_images/6937.jpg,Dog
processed_images/514.jpg,Dog
processed_images/1080.jpg,Dog
processed_images/2589.jpg,Dog
processed_images/3697.jpg,Dog
processed_images/3683.jpg,Dog
processed_images/6923.jpg,Dog
processed_images/1094.jpg,Dog
processed_images/500.jpg,Dog
processed_images/266.jpg,Dog
processed_images/7383.jpg,Dog
processed_images/10964.jpg,Dog
processed_images/4852.jpg,Dog
processed_images/5594.jpg,Dog
processed_images/9386.jpg,Dog
processed_images/12183.jpg,Dog
processed_images/8098.jpg,Dog
processed_images/1902.jpg,Dog
processed_images/10794.jpg,Dog
processed_images/3873.jpg,Dog
processed_images/8926.jpg,Dog
processed_images/528.jpg,Dog
processed_images/8932.jpg,Dog
processed_images/3867.jpg,Dog
processed_images/10958.jpg,Dog
processed_images/10780.jpg,Dog
processed_images/9392.jpg,Dog
processed_images/12197.jpg,Dog
processed_images/1916.jpg,Dog
processed_images/12418.jpg,Dog
processed_images/8503.jpg,Dog
processed_images/7630.jpg,Dog
processed_images/1241.jpg,Dog
processed_images/2748.jpg,Dog
processed_images/5027.jpg,Dog
processed_images/4339.jpg,Dog
processed_images/2990.jpg,Dog
processed_images/11111.jpg,Dog
processed_images/3456.jpg,Dog
processed_images/11677.jpg,Dog
processed_images/5999.jpg,Dog
processed_images/3330.jpg,Dog
processed_images/5741.jpg,Dog
processed_images/10569.jpg,Dog
processed_images/1527.jpg,Dog
processed_images/6248.jpg,Dog
processed_images/8265.jpg,Dog
processed_images/7156.jpg,Dog
processed_images/1533.jpg,Dog
processed_images/8271.jpg,Dog
processed_images/7142.jpg,Dog
processed_images/11663.jpg,Dog
processed_images/3324.jpg,Dog
processed_images/5755.jpg,Dog
processed_images/5033.jpg,Dog
processed_images/2984.jpg,Dog
processed_images/11105.jpg,Dog
processed_images/3442.jpg,Dog
processed_images/919.jpg,Dog
processed_images/8517.jpg,Dog
processed_images/7624.jpg,Dog
processed_images/9609.jpg,Dog
processed_images/1255.jpg,Dog
processed_images/2774.jpg,Dog
processed_images/10233.jpg,Dog
processed_images/4305.jpg,Dog
processed_images/12424.jpg,Dog
processed_images/931.jpg,Dog
processed_images/6512.jpg,Dog
processed_images/9621.jpg,Dog
processed_images/6274.jpg,Dog
processed_images/9147.jpg,Dog
processed_images/8259.jpg,Dog
processed_images/12342.jpg,Dog
processed_images/4463.jpg,Dog
processed_images/11893.jpg,Dog
processed_images/2012.jpg,Dog
processed_images/10555.jpg,Dog
processed_images/3318.jpg,Dog
processed_images/4477.jpg,Dog
processed_images/5769.jpg,Dog
processed_images/11887.jpg,Dog
processed_images/2006.jpg,Dog
processed_images/10541.jpg,Dog
processed_images/6260.jpg,Dog
processed_images/9153.jpg,Dog
processed_images/12356.jpg,Dog
processed_images/12430.jpg,Dog
processed_images/7618.jpg,Dog
processed_images/925.jpg,Dog
processed_images/6506.jpg,Dog
processed_images/9635.jpg,Dog
processed_images/1269.jpg,Dog
processed_images/2760.jpg,Dog
processed_images/10227.jpg,Dog
processed_images/4311.jpg,Dog
processed_images/11139.jpg,Dog
processed_images/2953.jpg,Dog
processed_images/3495.jpg,Dog
processed_images/1282.jpg,Dog
processed_images/716.jpg,Dog
processed_images/9806.jpg,Dog
processed_images/7195.jpg,Dog
processed_images/5782.jpg,Dog
processed_images/11878.jpg,Dog
processed_images/5796.jpg,Dog
processed_images/4488.jpg,Dog
processed_images/7181.jpg,Dog
processed_images/702.jpg,Dog
processed_images/1296.jpg,Dog
processed_images/9812.jpg,Dog
processed_images/2947.jpg,Dog
processed_images/3481.jpg,Dog
processed_images/7817.jpg,Dog
processed_images/11850.jpg,Dog
processed_images/10596.jpg,Dog
processed_images/5966.jpg,Dog
processed_images/11688.jpg,Dog
processed_images/12381.jpg,Dog
processed_images/9184.jpg,Dog
processed_images/12395.jpg,Dog
processed_images/9190.jpg,Dog
processed_images/11844.jpg,Dog
processed_images/10582.jpg,Dog
processed_images/5972.jpg,Dog
processed_images/7803.jpg,Dog
processed_images/5973.jpg,Dog
processed_images/10583.jpg,Dog
processed_images/11845.jpg,Dog
processed_images/9191.jpg,Dog
processed_images/12394.jpg,Dog
processed_images/7802.jpg,Dog
processed_images/7816.jpg,Dog
processed_images/9185.jpg,Dog
processed_images/12380.jpg,Dog
processed_images/5967.jpg,Dog
processed_images/11689.jpg,Dog
processed_images/10597.jpg,Dog
processed_images/11851.jpg,Dog
processed_images/7180.jpg,Dog
processed_images/4489.jpg,Dog
processed_images/11879.jpg,Dog
processed_images/5797.jpg,Dog
processed_images/3480.jpg,Dog
processed_images/2946.jpg,Dog
processed_images/9813.jpg,Dog
processed_images/1297.jpg,Dog
processed_images/703.jpg,Dog
processed_images/9807.jpg,Dog
processed_images/717.jpg,Dog
processed_images/1283.jpg,Dog
processed_images/3494.jpg,Dog
processed_images/2952.jpg,Dog
processed_images/5783.jpg,Dog
processed_images/7194.jpg,Dog
processed_images/12357.jpg,Dog
processed_images/9152.jpg,Dog
processed_images/6261.jpg,Dog
processed_images/10540.jpg,Dog
processed_images/2007.jpg,Dog
processed_images/5768.jpg,Dog
processed_images/11886.jpg,Dog
processed_images/4476.jpg,Dog
processed_images/3319.jpg,Dog
processed_images/11138.jpg,Dog
processed_images/4310.jpg,Dog
processed_images/10226.jpg,Dog
processed_images/2761.jpg,Dog
processed_images/1268.jpg,Dog
processed_images/9634.jpg,Dog
processed_images/6507.jpg,Dog
processed_images/924.jpg,Dog
processed_images/7619.jpg,Dog
processed_images/12431.jpg,Dog
processed_images/9620.jpg,Dog
processed_images/6513.jpg,Dog
processed_images/930.jpg,Dog
processed_images/12425.jpg,Dog
processed_images/4304.jpg,Dog
processed_images/10232.jpg,Dog
processed_images/2775.jpg,Dog
processed_images/10554.jpg,Dog
processed_images/2013.jpg,Dog
processed_images/11892.jpg,Dog
processed_images/4462.jpg,Dog
processed_images/12343.jpg,Dog
processed_images/8258.jpg,Dog
processed_images/9146.jpg,Dog
processed_images/6275.jpg,Dog
processed_images/5754.jpg,Dog
processed_images/3325.jpg,Dog
processed_images/11662.jpg,Dog
processed_images/7143.jpg,Dog
processed_images/8270.jpg,Dog
processed_images/1532.jpg,Dog
processed_images/1254.jpg,Dog
processed_images/9608.jpg,Dog
processed_images/7625.jpg,Dog
processed_images/918.jpg,Dog
processed_images/8516.jpg,Dog
processed_images/3443.jpg,Dog
processed_images/11104.jpg,Dog
processed_images/2985.jpg,Dog
processed_images/5032.jpg,Dog
processed_images/3457.jpg,Dog
processed_images/11110.jpg,Dog
processed_images/2991.jpg,Dog
processed_images/4338.jpg,Dog
processed_images/5026.jpg,Dog
processed_images/2749.jpg,Dog
processed_images/1240.jpg,Dog
processed_images/7631.jpg,Dog
processed_images/8502.jpg,Dog
processed_images/12419.jpg,Dog
processed_images/7157.jpg,Dog
processed_images/8264.jpg,Dog
processed_images/6249.jpg,Dog
processed_images/1526.jpg,Dog
processed_images/10568.jpg,Dog
processed_images/5740.jpg,Dog
processed_images/3331.jpg,Dog
processed_images/11676.jpg,Dog
processed_images/5998.jpg,Dog
processed_images/3866.jpg,Dog
processed_images/8933.jpg,Dog
processed_images/1917.jpg,Dog
processed_images/12196.jpg,Dog
processed_images/9393.jpg,Dog
processed_images/10781.jpg,Dog
processed_images/10959.jpg,Dog
processed_images/10795.jpg,Dog
processed_images/8099.jpg,Dog
processed_images/1903.jpg,Dog
processed_images/12182.jpg,Dog
processed_images/9387.jpg,Dog
processed_images/8927.jpg,Dog
processed_images/529.jpg,Dog
processed_images/3872.jpg,Dog
processed_images/501.jpg,Dog
processed_images/1095.jpg,Dog
processed_images/6922.jpg,Dog
processed_images/3682.jpg,Dog
processed_images/5595.jpg,Dog
processed_images/4853.jpg,Dog
processed_images/10965.jpg,Dog
processed_images/7382.jpg,Dog
processed_images/267.jpg,Dog
processed_images/7396.jpg,Dog
processed_images/273.jpg,Dog
processed_images/6088.jpg,Dog
processed_images/5581.jpg,Dog
processed_images/4847.jpg,Dog
processed_images/10971.jpg,Dog
processed_images/3696.jpg,Dog
processed_images/2588.jpg,Dog
processed_images/1081.jpg,Dog
processed_images/515.jpg,Dog
processed_images/6936.jpg,Dog
processed_images/8728.jpg,Dog
processed_images/6705.jpg,Dog
processed_images/9436.jpg,Dog
processed_images/2563.jpg,Dog
processed_images/10024.jpg,Dog
processed_images/4112.jpg,Dog
processed_images/4674.jpg,Dog
processed_images/2205.jpg,Dog
processed_images/10742.jpg,Dog
processed_images/298.jpg,Dog
processed_images/6063.jpg,Dog
processed_images/9350.jpg,Dog
processed_images/12155.jpg,Dog
processed_images/1718.jpg,Dog
processed_images/6077.jpg,Dog
processed_images/9344.jpg,Dog
processed_images/7369.jpg,Dog
processed_images/12141.jpg,Dog
processed_images/11448.jpg,Dog
processed_images/4660.jpg,Dog
processed_images/2211.jpg,Dog
processed_images/10756.jpg,Dog
processed_images/2577.jpg,Dog
processed_images/10030.jpg,Dog
processed_images/5218.jpg,Dog
processed_images/4106.jpg,Dog
processed_images/3669.jpg,Dog
processed_images/6711.jpg,Dog
processed_images/9422.jpg,Dog
processed_images/10018.jpg,Dog
processed_images/5230.jpg,Dog
processed_images/3899.jpg,Dog
processed_images/11306.jpg,Dog
processed_images/3641.jpg,Dog
processed_images/8714.jpg,Dog
processed_images/7427.jpg,Dog
processed_images/6739.jpg,Dog
processed_images/1056.jpg,Dog
processed_images/1730.jpg,Dog
processed_images/8072.jpg,Dog
processed_images/7341.jpg,Dog
processed_images/12169.jpg,Dog
processed_images/11460.jpg,Dog
processed_images/3127.jpg,Dog
processed_images/4648.jpg,Dog
processed_images/5556.jpg,Dog
processed_images/4890.jpg,Dog
processed_images/2239.jpg,Dog
processed_images/11474.jpg,Dog
processed_images/3133.jpg,Dog
processed_images/5542.jpg,Dog
processed_images/4884.jpg,Dog
processed_images/1724.jpg,Dog
processed_images/9378.jpg,Dog
processed_images/8066.jpg,Dog
processed_images/7355.jpg,Dog
processed_images/8700.jpg,Dog
processed_images/7433.jpg,Dog
processed_images/1042.jpg,Dog
processed_images/5224.jpg,Dog
processed_images/11312.jpg,Dog
processed_images/3655.jpg,Dog
processed_images/3912.jpg,Dog
processed_images/10193.jpg,Dog
processed_images/8847.jpg,Dog
processed_images/449.jpg,Dog
processed_images/9581.jpg,Dog
processed_images/1863.jpg,Dog
processed_images/10839.jpg,Dog
processed_images/1877.jpg,Dog
processed_images/8853.jpg,Dog
processed_images/9595.jpg,Dog
processed_images/3906.jpg,Dog
processed_images/10187.jpg,Dog
processed_images/11299.jpg,Dog
processed_images/7590.jpg,Dog
processed_images/6856.jpg,Dog
processed_images/475.jpg,Dog
processed_images/5387.jpg,Dog
processed_images/4099.jpg,Dog
processed_images/10811.jpg,Dog
processed_images/3090.jpg,Dog
processed_images/4927.jpg,Dog
processed_images/313.jpg,Dog
processed_images/1687.jpg,Dog
processed_images/1693.jpg,Dog
processed_images/307.jpg,Dog
processed_images/10805.jpg,Dog
processed_images/3084.jpg,Dog
processed_images/4933.jpg,Dog
processed_images/5393.jpg,Dog
processed_images/7584.jpg,Dog
processed_images/6842.jpg,Dog
processed_images/461.jpg,Dog
processed_images/8884.jpg,Dog
processed_images/6671.jpg,Dog
processed_images/9542.jpg,Dog
processed_images/3709.jpg,Dog
processed_images/4066.jpg,Dog
processed_images/5378.jpg,Dog
processed_images/2417.jpg,Dog
processed_images/10150.jpg,Dog
processed_images/2371.jpg,Dog
processed_images/10636.jpg,Dog
processed_images/4700.jpg,Dog
processed_images/11528.jpg,Dog
processed_images/12021.jpg,Dog
processed_images/7209.jpg,Dog
processed_images/6117.jpg,Dog
processed_images/9224.jpg,Dog
processed_images/1678.jpg,Dog
processed_images/12035.jpg,Dog
processed_images/6103.jpg,Dog
processed_images/9230.jpg,Dog
processed_images/2365.jpg,Dog
processed_images/10622.jpg,Dog
processed_images/4714.jpg,Dog
processed_images/4072.jpg,Dog
processed_images/2403.jpg,Dog
processed_images/10144.jpg,Dog
processed_images/8890.jpg,Dog
processed_images/6665.jpg,Dog
processed_images/9556.jpg,Dog
processed_images/8648.jpg,Dog
processed_images/11272.jpg,Dog
processed_images/3735.jpg,Dog
processed_images/5344.jpg,Dog
processed_images/1122.jpg,Dog
processed_images/8660.jpg,Dog
processed_images/7553.jpg,Dog
processed_images/6895.jpg,Dog
processed_images/8106.jpg,Dog
processed_images/7235.jpg,Dog
processed_images/9218.jpg,Dog
processed_images/1644.jpg,Dog
processed_images/5422.jpg,Dog
processed_images/11514.jpg,Dog
processed_images/3053.jpg,Dog
processed_images/2359.jpg,Dog
processed_images/5436.jpg,Dog
processed_images/4728.jpg,Dog
processed_images/11500.jpg,Dog
processed_images/3047.jpg,Dog
processed_images/12009.jpg,Dog
processed_images/8112.jpg,Dog
processed_images/1888.jpg,Dog
processed_images/7221.jpg,Dog
processed_images/1650.jpg,Dog
processed_images/1136.jpg,Dog
processed_images/6659.jpg,Dog
processed_images/8674.jpg,Dog
processed_images/7547.jpg,Dog
processed_images/6881.jpg,Dog
processed_images/11266.jpg,Dog
processed_images/3721.jpg,Dog
processed_images/5350.jpg,Dog
processed_images/10178.jpg,Dog
processed_images/11931.jpg,Dog
processed_images/5807.jpg,Dog
processed_images/9783.jpg,Dog
processed_images/7976.jpg,Dog
processed_images/893.jpg,Dog
processed_images/10391.jpg,Dog
processed_images/10385.jpg,Dog
processed_images/9797.jpg,Dog
processed_images/7962.jpg,Dog
processed_images/8489.jpg,Dog
processed_images/887.jpg,Dog
processed_images/139.jpg,Dog
processed_images/11925.jpg,Dog
processed_images/5813.jpg,Dog
processed_images/1485.jpg,Dog
processed_images/111.jpg,Dog
processed_images/3292.jpg,Dog
processed_images/2832.jpg,Dog
processed_images/5185.jpg,Dog
processed_images/677.jpg,Dog
processed_images/9967.jpg,Dog
processed_images/7792.jpg,Dog
processed_images/6498.jpg,Dog
processed_images/663.jpg,Dog
processed_images/9973.jpg,Dog
processed_images/7786.jpg,Dog
processed_images/2826.jpg,Dog
processed_images/5191.jpg,Dog
processed_images/11919.jpg,Dog
processed_images/2198.jpg,Dog
processed_images/3286.jpg,Dog
processed_images/105.jpg,Dog
processed_images/1491.jpg,Dog
processed_images/9026.jpg,Dog
processed_images/6315.jpg,Dog
processed_images/8338.jpg,Dog
processed_images/12223.jpg,Dog
processed_images/4502.jpg,Dog
processed_images/10434.jpg,Dog
processed_images/2173.jpg,Dog
processed_images/10352.jpg,Dog
processed_images/2615.jpg,Dog
processed_images/4264.jpg,Dog
processed_images/9998.jpg,Dog
processed_images/850.jpg,Dog
processed_images/9740.jpg,Dog
processed_images/6473.jpg,Dog
processed_images/10.jpg,Dog
processed_images/688.jpg,Dog
processed_images/844.jpg,Dog
processed_images/7779.jpg,Dog
processed_images/9754.jpg,Dog
processed_images/6467.jpg,Dog
processed_images/1308.jpg,Dog
processed_images/10346.jpg,Dog
processed_images/2601.jpg,Dog
processed_images/4270.jpg,Dog
processed_images/11058.jpg,Dog
processed_images/3279.jpg,Dog
processed_images/4516.jpg,Dog
processed_images/5608.jpg,Dog
processed_images/10420.jpg,Dog
processed_images/2167.jpg,Dog
processed_images/9032.jpg,Dog
processed_images/6301.jpg,Dog
processed_images/12237.jpg,Dog
processed_images/3251.jpg,Dog
processed_images/11716.jpg,Dog
processed_images/5620.jpg,Dog
processed_images/10408.jpg,Dog
processed_images/1446.jpg,Dog
processed_images/6329.jpg,Dog
processed_images/7037.jpg,Dog
processed_images/8304.jpg,Dog
processed_images/7751.jpg,Dog
processed_images/8462.jpg,Dog
processed_images/7989.jpg,Dog
processed_images/1320.jpg,Dog
processed_images/2629.jpg,Dog
processed_images/5146.jpg,Dog
processed_images/4258.jpg,Dog
processed_images/3537.jpg,Dog
processed_images/11070.jpg,Dog
processed_images/5152.jpg,Dog
processed_images/3523.jpg,Dog
processed_images/11064.jpg,Dog
processed_images/7745.jpg,Dog
processed_images/878.jpg,Dog
processed_images/8476.jpg,Dog
processed_images/38.jpg,Dog
processed_images/9768.jpg,Dog
processed_images/1334.jpg,Dog
processed_images/1452.jpg,Dog
processed_images/7023.jpg,Dog
processed_images/8310.jpg,Dog
processed_images/3245.jpg,Dog
processed_images/5634.jpg,Dog
processed_images/2142.jpg,Dog
processed_images/10405.jpg,Dog
processed_images/4533.jpg,Dog
processed_images/8309.jpg,Dog
processed_images/12212.jpg,Dog
processed_images/6324.jpg,Dog
processed_images/9017.jpg,Dog
processed_images/21.jpg,Dog
processed_images/6442.jpg,Dog
processed_images/9771.jpg,Dog
processed_images/7984.jpg,Dog
processed_images/861.jpg,Dog
processed_images/4255.jpg,Dog
processed_images/2624.jpg,Dog
processed_images/10363.jpg,Dog
processed_images/4241.jpg,Dog
processed_images/11069.jpg,Dog
processed_images/2630.jpg,Dog
processed_images/10377.jpg,Dog
processed_images/6456.jpg,Dog
processed_images/35.jpg,Dog
processed_images/9765.jpg,Dog
processed_images/7990.jpg,Dog
processed_images/1339.jpg,Dog
processed_images/7748.jpg,Dog
processed_images/875.jpg,Dog
processed_images/12206.jpg,Dog
processed_images/6330.jpg,Dog
processed_images/9003.jpg,Dog
processed_images/5639.jpg,Dog
processed_images/2156.jpg,Dog
processed_images/10411.jpg,Dog
processed_images/3248.jpg,Dog
processed_images/4527.jpg,Dog
processed_images/8335.jpg,Dog
processed_images/7006.jpg,Dog
processed_images/1477.jpg,Dog
processed_images/6318.jpg,Dog
processed_images/5611.jpg,Dog
processed_images/10439.jpg,Dog
processed_images/11727.jpg,Dog
processed_images/3260.jpg,Dog
processed_images/4269.jpg,Dog
processed_images/11041.jpg,Dog
processed_images/3506.jpg,Dog
processed_images/2618.jpg,Dog
processed_images/5177.jpg,Dog
processed_images/685.jpg,Dog
processed_images/1311.jpg,Dog
processed_images/9995.jpg,Dog
processed_images/8453.jpg,Dog
processed_images/7760.jpg,Dog
processed_images/9759.jpg,Dog
processed_images/1305.jpg,Dog
processed_images/691.jpg,Dog
processed_images/9981.jpg,Dog
processed_images/8447.jpg,Dog
processed_images/849.jpg,Dog
processed_images/7774.jpg,Dog
processed_images/11055.jpg,Dog
processed_images/3512.jpg,Dog
processed_images/5163.jpg,Dog
processed_images/5605.jpg,Dog
processed_images/11733.jpg,Dog
processed_images/3274.jpg,Dog
processed_images/8321.jpg,Dog
processed_images/7012.jpg,Dog
processed_images/1463.jpg,Dog
processed_images/1488.jpg,Dog
processed_images/5836.jpg,Dog
processed_images/11900.jpg,Dog
processed_images/2181.jpg,Dog
processed_images/5188.jpg,Dog
processed_images/4296.jpg,Dog
processed_images/6481.jpg,Dog
processed_images/7947.jpg,Dog
processed_images/6495.jpg,Dog
processed_images/7953.jpg,Dog
processed_images/4282.jpg,Dog
processed_images/5822.jpg,Dog
processed_images/11914.jpg,Dog
processed_images/2195.jpg,Dog
processed_images/108.jpg,Dog
processed_images/120.jpg,Dog
processed_images/9956.jpg,Dog
processed_images/8490.jpg,Dog
processed_images/646.jpg,Dog
processed_images/2803.jpg,Dog
processed_images/11082.jpg,Dog
processed_images/10388.jpg,Dog
processed_images/2817.jpg,Dog
processed_images/11096.jpg,Dog
processed_images/9942.jpg,Dog
processed_images/8484.jpg,Dog
processed_images/652.jpg,Dog
processed_images/134.jpg,Dog
processed_images/11928.jpg,Dog
processed_images/5349.jpg,Dog
processed_images/10161.jpg,Dog
processed_images/2426.jpg,Dog
processed_images/3738.jpg,Dog
processed_images/4057.jpg,Dog
processed_images/6898.jpg,Dog
processed_images/9573.jpg,Dog
processed_images/6640.jpg,Dog
processed_images/9215.jpg,Dog
processed_images/6126.jpg,Dog
processed_images/1649.jpg,Dog
processed_images/12010.jpg,Dog
processed_images/1891.jpg,Dog
processed_images/7238.jpg,Dog
processed_images/4731.jpg,Dog
processed_images/11519.jpg,Dog
processed_images/10607.jpg,Dog
processed_images/2340.jpg,Dog
processed_images/4725.jpg,Dog
processed_images/10613.jpg,Dog
processed_images/2354.jpg,Dog
processed_images/9201.jpg,Dog
processed_images/6132.jpg,Dog
processed_images/12004.jpg,Dog
processed_images/1885.jpg,Dog
processed_images/8679.jpg,Dog
processed_images/9567.jpg,Dog
processed_images/6654.jpg,Dog
processed_images/10175.jpg,Dog
processed_images/2432.jpg,Dog
processed_images/4043.jpg,Dog
processed_images/7562.jpg,Dog
processed_images/8651.jpg,Dog
processed_images/8889.jpg,Dog
processed_images/1113.jpg,Dog
processed_images/487.jpg,Dog
processed_images/5375.jpg,Dog
processed_images/3704.jpg,Dog
processed_images/11243.jpg,Dog
processed_images/3062.jpg,Dog
processed_images/11525.jpg,Dog
processed_images/5413.jpg,Dog
processed_images/9229.jpg,Dog
processed_images/1675.jpg,Dog
processed_images/7204.jpg,Dog
processed_images/8137.jpg,Dog
processed_images/1661.jpg,Dog
processed_images/12038.jpg,Dog
processed_images/7210.jpg,Dog
processed_images/8123.jpg,Dog
processed_images/4719.jpg,Dog
processed_images/3076.jpg,Dog
processed_images/11531.jpg,Dog
processed_images/2368.jpg,Dog
processed_images/5407.jpg,Dog
processed_images/5361.jpg,Dog
processed_images/10149.jpg,Dog
processed_images/3710.jpg,Dog
processed_images/11257.jpg,Dog
processed_images/7576.jpg,Dog
processed_images/8645.jpg,Dog
processed_images/493.jpg,Dog
processed_images/1107.jpg,Dog
processed_images/6668.jpg,Dog
processed_images/478.jpg,Dog
processed_images/8876.jpg,Dog
processed_images/6683.jpg,Dog
processed_images/4094.jpg,Dog
processed_images/3923.jpg,Dog
processed_images/2383.jpg,Dog
processed_images/1852.jpg,Dog
processed_images/1846.jpg,Dog
processed_images/2397.jpg,Dog
processed_images/10808.jpg,Dog
processed_images/3089.jpg,Dog
processed_images/4080.jpg,Dog
processed_images/3937.jpg,Dog
processed_images/8862.jpg,Dog
processed_images/6697.jpg,Dog
processed_images/7589.jpg,Dog
processed_images/11280.jpg,Dog
processed_images/444.jpg,Dog
processed_images/8692.jpg,Dog
processed_images/6867.jpg,Dog
processed_images/322.jpg,Dog
processed_images/4916.jpg,Dog
processed_images/10820.jpg,Dog
processed_images/4902.jpg,Dog
processed_images/10834.jpg,Dog
processed_images/336.jpg,Dog
processed_images/450.jpg,Dog
processed_images/9598.jpg,Dog
processed_images/8686.jpg,Dog
processed_images/6873.jpg,Dog
processed_images/11294.jpg,Dog
processed_images/4123.jpg,Dog
processed_images/10015.jpg,Dog
processed_images/2552.jpg,Dog
processed_images/3894.jpg,Dog
processed_images/9407.jpg,Dog
processed_images/6734.jpg,Dog
processed_images/8719.jpg,Dog
processed_images/12164.jpg,Dog
processed_images/9361.jpg,Dog
processed_images/6052.jpg,Dog
processed_images/10773.jpg,Dog
processed_images/2234.jpg,Dog
processed_images/4645.jpg,Dog
processed_images/4889.jpg,Dog
processed_images/10767.jpg,Dog
processed_images/2220.jpg,Dog
processed_images/11479.jpg,Dog
processed_images/4651.jpg,Dog
processed_images/7358.jpg,Dog
processed_images/12170.jpg,Dog
processed_images/1729.jpg,Dog
processed_images/9375.jpg,Dog
processed_images/6046.jpg,Dog
processed_images/9413.jpg,Dog
processed_images/6720.jpg,Dog
processed_images/4137.jpg,Dog
processed_images/3658.jpg,Dog
processed_images/10001.jpg,Dog
processed_images/2546.jpg,Dog
processed_images/5229.jpg,Dog
processed_images/3880.jpg,Dog
processed_images/6708.jpg,Dog
processed_images/1067.jpg,Dog
processed_images/7416.jpg,Dog
processed_images/8725.jpg,Dog
processed_images/3670.jpg,Dog
processed_images/11337.jpg,Dog
processed_images/10029.jpg,Dog
processed_images/5201.jpg,Dog
processed_images/5567.jpg,Dog
processed_images/2208.jpg,Dog
processed_images/3116.jpg,Dog
processed_images/11451.jpg,Dog
processed_images/10997.jpg,Dog
processed_images/4679.jpg,Dog
processed_images/7370.jpg,Dog
processed_images/8043.jpg,Dog
processed_images/12158.jpg,Dog
processed_images/1701.jpg,Dog
processed_images/295.jpg,Dog
processed_images/7364.jpg,Dog
processed_images/8057.jpg,Dog
processed_images/281.jpg,Dog
processed_images/1715.jpg,Dog
processed_images/9349.jpg,Dog
processed_images/5573.jpg,Dog
processed_images/3102.jpg,Dog
processed_images/11445.jpg,Dog
processed_images/10983.jpg,Dog
processed_images/3664.jpg,Dog
processed_images/11323.jpg,Dog
processed_images/5215.jpg,Dog
processed_images/1073.jpg,Dog
processed_images/7402.jpg,Dog
processed_images/8731.jpg,Dog
processed_images/8902.jpg,Dog
processed_images/1098.jpg,Dog
processed_images/2591.jpg,Dog
processed_images/3857.jpg,Dog
processed_images/4686.jpg,Dog
processed_images/10968.jpg,Dog
processed_images/5598.jpg,Dog
processed_images/6091.jpg,Dog
processed_images/1926.jpg,Dog
processed_images/6085.jpg,Dog
processed_images/1932.jpg,Dog
processed_images/4692.jpg,Dog
processed_images/2585.jpg,Dog
processed_images/3843.jpg,Dog
processed_images/518.jpg,Dog
processed_images/8916.jpg,Dog
processed_images/6913.jpg,Dog
processed_images/530.jpg,Dog
processed_images/256.jpg,Dog
processed_images/8080.jpg,Dog
processed_images/11492.jpg,Dog
processed_images/10954.jpg,Dog
processed_images/4862.jpg,Dog
processed_images/11486.jpg,Dog
processed_images/10940.jpg,Dog
processed_images/10798.jpg,Dog
processed_images/4876.jpg,Dog
processed_images/242.jpg,Dog
processed_images/8094.jpg,Dog
processed_images/6907.jpg,Dog
processed_images/524.jpg,Dog
processed_images/4447.jpg,Dog
processed_images/3328.jpg,Dog
processed_images/5981.jpg,Dog
processed_images/2036.jpg,Dog
processed_images/10571.jpg,Dog
processed_images/5759.jpg,Dog
processed_images/6250.jpg,Dog
processed_images/9163.jpg,Dog
processed_images/12366.jpg,Dog
processed_images/7628.jpg,Dog
processed_images/915.jpg,Dog
processed_images/12400.jpg,Dog
processed_images/1259.jpg,Dog
processed_images/6536.jpg,Dog
processed_images/9605.jpg,Dog
processed_images/2750.jpg,Dog
processed_images/10217.jpg,Dog
processed_images/11109.jpg,Dog
processed_images/2988.jpg,Dog
processed_images/4321.jpg,Dog
processed_images/2744.jpg,Dog
processed_images/10203.jpg,Dog
processed_images/4335.jpg,Dog
processed_images/901.jpg,Dog
processed_images/12414.jpg,Dog
processed_images/6522.jpg,Dog
processed_images/9611.jpg,Dog
processed_images/6244.jpg,Dog
processed_images/9177.jpg,Dog
processed_images/12372.jpg,Dog
processed_images/8269.jpg,Dog
processed_images/4453.jpg,Dog
processed_images/5995.jpg,Dog
processed_images/2022.jpg,Dog
processed_images/10565.jpg,Dog
processed_images/1503.jpg,Dog
processed_images/8241.jpg,Dog
processed_images/7172.jpg,Dog
processed_images/11653.jpg,Dog
processed_images/3314.jpg,Dog
processed_images/5765.jpg,Dog
processed_images/5003.jpg,Dog
processed_images/11135.jpg,Dog
processed_images/3472.jpg,Dog
processed_images/8527.jpg,Dog
processed_images/929.jpg,Dog
processed_images/7614.jpg,Dog
processed_images/1265.jpg,Dog
processed_images/9639.jpg,Dog
processed_images/8533.jpg,Dog
processed_images/7600.jpg,Dog
processed_images/12428.jpg,Dog
processed_images/1271.jpg,Dog
processed_images/5017.jpg,Dog
processed_images/2778.jpg,Dog
processed_images/11121.jpg,Dog
processed_images/3466.jpg,Dog
processed_images/4309.jpg,Dog
processed_images/11647.jpg,Dog
processed_images/3300.jpg,Dog
processed_images/10559.jpg,Dog
processed_images/5771.jpg,Dog
processed_images/6278.jpg,Dog
processed_images/1517.jpg,Dog
processed_images/8255.jpg,Dog
processed_images/7166.jpg,Dog
processed_images/6293.jpg,Dog
processed_images/11874.jpg,Dog
processed_images/4484.jpg,Dog
processed_images/5942.jpg,Dog
processed_images/2793.jpg,Dog
processed_images/7833.jpg,Dog
processed_images/7827.jpg,Dog
processed_images/3499.jpg,Dog
processed_images/2787.jpg,Dog
processed_images/11860.jpg,Dog
processed_images/4490.jpg,Dog
processed_images/5956.jpg,Dog
processed_images/7199.jpg,Dog
processed_images/6287.jpg,Dog
processed_images/11848.jpg,Dog
processed_images/11690.jpg,Dog
processed_images/12399.jpg,Dog
processed_images/8282.jpg,Dog
processed_images/732.jpg,Dog
processed_images/9822.jpg,Dog
processed_images/2977.jpg,Dog
processed_images/2963.jpg,Dog
processed_images/726.jpg,Dog
processed_images/9836.jpg,Dog
processed_images/8296.jpg,Dog
processed_images/9188.jpg,Dog
processed_images/11684.jpg,Dog
processed_images/9837.jpg,Dog
processed_images/727.jpg,Dog
processed_images/2962.jpg,Dog
processed_images/11685.jpg,Dog
processed_images/9189.jpg,Dog
processed_images/8297.jpg,Dog
processed_images/8283.jpg,Dog
processed_images/12398.jpg,Dog
processed_images/11691.jpg,Dog
processed_images/11849.jpg,Dog
processed_images/2976.jpg,Dog
processed_images/9823.jpg,Dog
processed_images/733.jpg,Dog
processed_images/2786.jpg,Dog
processed_images/3498.jpg,Dog
processed_images/7826.jpg,Dog
processed_images/6286.jpg,Dog
processed_images/7198.jpg,Dog
processed_images/5957.jpg,Dog
processed_images/4491.jpg,Dog
processed_images/11861.jpg,Dog
processed_images/5943.jpg,Dog
processed_images/4485.jpg,Dog
processed_images/11875.jpg,Dog
processed_images/6292.jpg,Dog
processed_images/7832.jpg,Dog
processed_images/2792.jpg,Dog
processed_images/4308.jpg,Dog
processed_images/3467.jpg,Dog
processed_images/11120.jpg,Dog
processed_images/2779.jpg,Dog
processed_images/5016.jpg,Dog
processed_images/1270.jpg,Dog
processed_images/12429.jpg,Dog
processed_images/7601.jpg,Dog
processed_images/8532.jpg,Dog
processed_images/7167.jpg,Dog
processed_images/8254.jpg,Dog
processed_images/1516.jpg,Dog
processed_images/6279.jpg,Dog
processed_images/5770.jpg,Dog
processed_images/10558.jpg,Dog
processed_images/3301.jpg,Dog
processed_images/11646.jpg,Dog
processed_images/5764.jpg,Dog
processed_images/3315.jpg,Dog
processed_images/11652.jpg,Dog
processed_images/7173.jpg,Dog
processed_images/8240.jpg,Dog
processed_images/1502.jpg,Dog
processed_images/9638.jpg,Dog
processed_images/1264.jpg,Dog
processed_images/7615.jpg,Dog
processed_images/8526.jpg,Dog
processed_images/928.jpg,Dog
processed_images/3473.jpg,Dog
processed_images/11134.jpg,Dog
processed_images/5002.jpg,Dog
processed_images/9610.jpg,Dog
processed_images/6523.jpg,Dog
processed_images/12415.jpg,Dog
processed_images/900.jpg,Dog
processed_images/4334.jpg,Dog
processed_images/10202.jpg,Dog
processed_images/2745.jpg,Dog
processed_images/10564.jpg,Dog
processed_images/2023.jpg,Dog
processed_images/5994.jpg,Dog
processed_images/4452.jpg,Dog
processed_images/8268.jpg,Dog
processed_images/12373.jpg,Dog
processed_images/9176.jpg,Dog
processed_images/6245.jpg,Dog
processed_images/12367.jpg,Dog
processed_images/9162.jpg,Dog
processed_images/6251.jpg,Dog
processed_images/5758.jpg,Dog
processed_images/10570.jpg,Dog
processed_images/2037.jpg,Dog
processed_images/5980.jpg,Dog
processed_images/3329.jpg,Dog
processed_images/4446.jpg,Dog
processed_images/4320.jpg,Dog
processed_images/2989.jpg,Dog
processed_images/11108.jpg,Dog
processed_images/10216.jpg,Dog
processed_images/2751.jpg,Dog
processed_images/9604.jpg,Dog
processed_images/6537.jpg,Dog
processed_images/1258.jpg,Dog
processed_images/12401.jpg,Dog
processed_images/914.jpg,Dog
processed_images/7629.jpg,Dog
processed_images/8095.jpg,Dog
processed_images/243.jpg,Dog
processed_images/10799.jpg,Dog
processed_images/4877.jpg,Dog
processed_images/10941.jpg,Dog
processed_images/11487.jpg,Dog
processed_images/525.jpg,Dog
processed_images/6906.jpg,Dog
processed_images/531.jpg,Dog
processed_images/6912.jpg,Dog
processed_images/4863.jpg,Dog
processed_images/10955.jpg,Dog
processed_images/11493.jpg,Dog
processed_images/8081.jpg,Dog
processed_images/257.jpg,Dog
processed_images/4693.jpg,Dog
processed_images/1933.jpg,Dog
processed_images/6084.jpg,Dog
processed_images/519.jpg,Dog
processed_images/8917.jpg,Dog
processed_images/3842.jpg,Dog
processed_images/2584.jpg,Dog
processed_images/3856.jpg,Dog
processed_images/2590.jpg,Dog
processed_images/8903.jpg,Dog
processed_images/1099.jpg,Dog
processed_images/1927.jpg,Dog
processed_images/6090.jpg,Dog
processed_images/5599.jpg,Dog
processed_images/4687.jpg,Dog
processed_images/10969.jpg,Dog
processed_images/10982.jpg,Dog
processed_images/11444.jpg,Dog
processed_images/3103.jpg,Dog
processed_images/5572.jpg,Dog
processed_images/9348.jpg,Dog
processed_images/1714.jpg,Dog
processed_images/280.jpg,Dog
processed_images/8056.jpg,Dog
processed_images/7365.jpg,Dog
processed_images/8730.jpg,Dog
processed_images/7403.jpg,Dog
processed_images/1072.jpg,Dog
processed_images/5214.jpg,Dog
processed_images/11322.jpg,Dog
processed_images/3665.jpg,Dog
processed_images/5200.jpg,Dog
processed_images/10028.jpg,Dog
processed_images/11336.jpg,Dog
processed_images/3671.jpg,Dog
processed_images/8724.jpg,Dog
processed_images/7417.jpg,Dog
processed_images/1066.jpg,Dog
processed_images/6709.jpg,Dog
processed_images/294.jpg,Dog
processed_images/1700.jpg,Dog
processed_images/12159.jpg,Dog
processed_images/8042.jpg,Dog
processed_images/7371.jpg,Dog
processed_images/10996.jpg,Dog
processed_images/4678.jpg,Dog
processed_images/11450.jpg,Dog
processed_images/3117.jpg,Dog
processed_images/2209.jpg,Dog
processed_images/5566.jpg,Dog
processed_images/6047.jpg,Dog
processed_images/9374.jpg,Dog
processed_images/1728.jpg,Dog
processed_images/12171.jpg,Dog
processed_images/7359.jpg,Dog
processed_images/4650.jpg,Dog
processed_images/11478.jpg,Dog
processed_images/2221.jpg,Dog
processed_images/4888.jpg,Dog
processed_images/10766.jpg,Dog
processed_images/3881.jpg,Dog
processed_images/5228.jpg,Dog
processed_images/2547.jpg,Dog
processed_images/10000.jpg,Dog
processed_images/3659.jpg,Dog
processed_images/4136.jpg,Dog
processed_images/6721.jpg,Dog
processed_images/9412.jpg,Dog
processed_images/8718.jpg,Dog
processed_images/6735.jpg,Dog
processed_images/9406.jpg,Dog
processed_images/3895.jpg,Dog
processed_images/2553.jpg,Dog
processed_images/10014.jpg,Dog
processed_images/4122.jpg,Dog
processed_images/4644.jpg,Dog
processed_images/2235.jpg,Dog
processed_images/10772.jpg,Dog
processed_images/6053.jpg,Dog
processed_images/9360.jpg,Dog
processed_images/12165.jpg,Dog
processed_images/337.jpg,Dog
processed_images/10835.jpg,Dog
processed_images/4903.jpg,Dog
processed_images/11295.jpg,Dog
processed_images/6872.jpg,Dog
processed_images/8687.jpg,Dog
processed_images/9599.jpg,Dog
processed_images/451.jpg,Dog
processed_images/6866.jpg,Dog
processed_images/8693.jpg,Dog
processed_images/445.jpg,Dog
processed_images/11281.jpg,Dog
processed_images/10821.jpg,Dog
processed_images/4917.jpg,Dog
processed_images/323.jpg,Dog
processed_images/3088.jpg,Dog
processed_images/10809.jpg,Dog
processed_images/2396.jpg,Dog
processed_images/1847.jpg,Dog
processed_images/7588.jpg,Dog
processed_images/6696.jpg,Dog
processed_images/8863.jpg,Dog
processed_images/3936.jpg,Dog
processed_images/4081.jpg,Dog
processed_images/3922.jpg,Dog
processed_images/4095.jpg,Dog
processed_images/6682.jpg,Dog
processed_images/479.jpg,Dog
processed_images/8877.jpg,Dog
processed_images/1853.jpg,Dog
processed_images/2382.jpg,Dog
processed_images/5406.jpg,Dog
processed_images/2369.jpg,Dog
processed_images/11530.jpg,Dog
processed_images/3077.jpg,Dog
processed_images/4718.jpg,Dog
processed_images/8122.jpg,Dog
processed_images/7211.jpg,Dog
processed_images/12039.jpg,Dog
processed_images/1660.jpg,Dog
processed_images/6669.jpg,Dog
processed_images/1106.jpg,Dog
processed_images/492.jpg,Dog
processed_images/8644.jpg,Dog
processed_images/7577.jpg,Dog
processed_images/11256.jpg,Dog
processed_images/3711.jpg,Dog
processed_images/10148.jpg,Dog
processed_images/5360.jpg,Dog
processed_images/11242.jpg,Dog
processed_images/3705.jpg,Dog
processed_images/5374.jpg,Dog
processed_images/8888.jpg,Dog
processed_images/486.jpg,Dog
processed_images/1112.jpg,Dog
processed_images/8650.jpg,Dog
processed_images/7563.jpg,Dog
processed_images/8136.jpg,Dog
processed_images/7205.jpg,Dog
processed_images/1674.jpg,Dog
processed_images/9228.jpg,Dog
processed_images/5412.jpg,Dog
processed_images/11524.jpg,Dog
processed_images/3063.jpg,Dog
processed_images/1884.jpg,Dog
processed_images/12005.jpg,Dog
processed_images/6133.jpg,Dog
processed_images/9200.jpg,Dog
processed_images/2355.jpg,Dog
processed_images/10612.jpg,Dog
processed_images/4724.jpg,Dog
processed_images/4042.jpg,Dog
processed_images/2433.jpg,Dog
processed_images/10174.jpg,Dog
processed_images/6655.jpg,Dog
processed_images/9566.jpg,Dog
processed_images/8678.jpg,Dog
processed_images/6641.jpg,Dog
processed_images/9572.jpg,Dog
processed_images/6899.jpg,Dog
processed_images/4056.jpg,Dog
processed_images/3739.jpg,Dog
processed_images/2427.jpg,Dog
processed_images/10160.jpg,Dog
processed_images/5348.jpg,Dog
processed_images/2341.jpg,Dog
processed_images/10606.jpg,Dog
processed_images/11518.jpg,Dog
processed_images/4730.jpg,Dog
processed_images/7239.jpg,Dog
processed_images/1890.jpg,Dog
processed_images/12011.jpg,Dog
processed_images/1648.jpg,Dog
processed_images/6127.jpg,Dog
processed_images/9214.jpg,Dog
processed_images/653.jpg,Dog
processed_images/8485.jpg,Dog
processed_images/9943.jpg,Dog
processed_images/11097.jpg,Dog
processed_images/2816.jpg,Dog
processed_images/10389.jpg,Dog
processed_images/11929.jpg,Dog
processed_images/135.jpg,Dog
processed_images/121.jpg,Dog
processed_images/11083.jpg,Dog
processed_images/2802.jpg,Dog
processed_images/647.jpg,Dog
processed_images/8491.jpg,Dog
processed_images/9957.jpg,Dog
processed_images/4283.jpg,Dog
processed_images/7952.jpg,Dog
processed_images/6494.jpg,Dog
processed_images/109.jpg,Dog
processed_images/2194.jpg,Dog
processed_images/11915.jpg,Dog
processed_images/5823.jpg,Dog
processed_images/2180.jpg,Dog
processed_images/11901.jpg,Dog
processed_images/5837.jpg,Dog
processed_images/1489.jpg,Dog
processed_images/7946.jpg,Dog
processed_images/6480.jpg,Dog
processed_images/4297.jpg,Dog
processed_images/5189.jpg,Dog
processed_images/5162.jpg,Dog
processed_images/3513.jpg,Dog
processed_images/11054.jpg,Dog
processed_images/7775.jpg,Dog
processed_images/8446.jpg,Dog
processed_images/848.jpg,Dog
processed_images/9980.jpg,Dog
processed_images/690.jpg,Dog
processed_images/1304.jpg,Dog
processed_images/9758.jpg,Dog
processed_images/1462.jpg,Dog
processed_images/7013.jpg,Dog
processed_images/8320.jpg,Dog
processed_images/3275.jpg,Dog
processed_images/11732.jpg,Dog
processed_images/5604.jpg,Dog
processed_images/3261.jpg,Dog
processed_images/11726.jpg,Dog
processed_images/10438.jpg,Dog
processed_images/5610.jpg,Dog
processed_images/6319.jpg,Dog
processed_images/1476.jpg,Dog
processed_images/7007.jpg,Dog
processed_images/8334.jpg,Dog
processed_images/7761.jpg,Dog
processed_images/8452.jpg,Dog
processed_images/9994.jpg,Dog
processed_images/1310.jpg,Dog
processed_images/684.jpg,Dog
processed_images/5176.jpg,Dog
processed_images/2619.jpg,Dog
processed_images/3507.jpg,Dog
processed_images/11040.jpg,Dog
processed_images/4268.jpg,Dog
processed_images/874.jpg,Dog
processed_images/7749.jpg,Dog
processed_images/1338.jpg,Dog
processed_images/7991.jpg,Dog
processed_images/9764.jpg,Dog
processed_images/6457.jpg,Dog
processed_images/34.jpg,Dog
processed_images/10376.jpg,Dog
processed_images/2631.jpg,Dog
processed_images/11068.jpg,Dog
processed_images/4240.jpg,Dog
processed_images/4526.jpg,Dog
processed_images/3249.jpg,Dog
processed_images/10410.jpg,Dog
processed_images/2157.jpg,Dog
processed_images/5638.jpg,Dog
processed_images/9002.jpg,Dog
processed_images/6331.jpg,Dog
processed_images/12207.jpg,Dog
processed_images/9016.jpg,Dog
processed_images/6325.jpg,Dog
processed_images/12213.jpg,Dog
processed_images/8308.jpg,Dog
processed_images/4532.jpg,Dog
processed_images/10404.jpg,Dog
processed_images/2143.jpg,Dog
processed_images/10362.jpg,Dog
processed_images/2625.jpg,Dog
processed_images/4254.jpg,Dog
processed_images/860.jpg,Dog
processed_images/7985.jpg,Dog
processed_images/9770.jpg,Dog
processed_images/20.jpg,Dog
processed_images/6443.jpg,Dog
processed_images/12205.jpg,Dog
processed_images/9000.jpg,Dog
processed_images/6333.jpg,Dog
processed_images/10412.jpg,Dog
processed_images/2155.jpg,Dog
processed_images/4524.jpg,Dog
processed_images/4242.jpg,Dog
processed_images/10374.jpg,Dog
processed_images/2633.jpg,Dog
processed_images/9766.jpg,Dog
processed_images/36.jpg,Dog
processed_images/6455.jpg,Dog
processed_images/7993.jpg,Dog
processed_images/876.jpg,Dog
processed_images/8478.jpg,Dog
processed_images/9772.jpg,Dog
processed_images/6441.jpg,Dog
processed_images/22.jpg,Dog
processed_images/7987.jpg,Dog
processed_images/862.jpg,Dog
processed_images/4256.jpg,Dog
processed_images/3539.jpg,Dog
processed_images/10360.jpg,Dog
processed_images/2627.jpg,Dog
processed_images/5148.jpg,Dog
processed_images/10406.jpg,Dog
processed_images/2141.jpg,Dog
processed_images/11718.jpg,Dog
processed_images/4530.jpg,Dog
processed_images/7039.jpg,Dog
processed_images/12211.jpg,Dog
processed_images/1448.jpg,Dog
processed_images/9014.jpg,Dog
processed_images/6327.jpg,Dog
processed_images/5606.jpg,Dog
processed_images/2169.jpg,Dog
processed_images/3277.jpg,Dog
processed_images/11730.jpg,Dog
processed_images/4518.jpg,Dog
processed_images/7011.jpg,Dog
processed_images/8322.jpg,Dog
processed_images/12239.jpg,Dog
processed_images/1460.jpg,Dog
processed_images/6469.jpg,Dog
processed_images/1306.jpg,Dog
processed_images/692.jpg,Dog
processed_images/9982.jpg,Dog
processed_images/7777.jpg,Dog
processed_images/8444.jpg,Dog
processed_images/3511.jpg,Dog
processed_images/11056.jpg,Dog
processed_images/10348.jpg,Dog
processed_images/5160.jpg,Dog
processed_images/3505.jpg,Dog
processed_images/11042.jpg,Dog
processed_images/5174.jpg,Dog
processed_images/686.jpg,Dog
processed_images/1312.jpg,Dog
processed_images/9996.jpg,Dog
processed_images/7763.jpg,Dog
processed_images/8450.jpg,Dog
processed_images/7005.jpg,Dog
processed_images/8336.jpg,Dog
processed_images/1474.jpg,Dog
processed_images/9028.jpg,Dog
processed_images/5612.jpg,Dog
processed_images/3263.jpg,Dog
processed_images/11724.jpg,Dog
processed_images/5821.jpg,Dog
processed_images/3288.jpg,Dog
processed_images/11917.jpg,Dog
processed_images/2196.jpg,Dog
processed_images/7788.jpg,Dog
processed_images/6496.jpg,Dog
processed_images/7950.jpg,Dog
processed_images/4281.jpg,Dog
processed_images/2828.jpg,Dog
processed_images/4295.jpg,Dog
processed_images/9969.jpg,Dog
processed_images/6482.jpg,Dog
processed_images/679.jpg,Dog
processed_images/7944.jpg,Dog
processed_images/5835.jpg,Dog
processed_images/11903.jpg,Dog
processed_images/2182.jpg,Dog
processed_images/137.jpg,Dog
processed_images/2814.jpg,Dog
processed_images/11095.jpg,Dog
processed_images/9941.jpg,Dog
processed_images/8487.jpg,Dog
processed_images/889.jpg,Dog
processed_images/9799.jpg,Dog
processed_images/651.jpg,Dog
processed_images/9955.jpg,Dog
processed_images/8493.jpg,Dog
processed_images/7978.jpg,Dog
processed_images/645.jpg,Dog
processed_images/2800.jpg,Dog
processed_images/11081.jpg,Dog
processed_images/5809.jpg,Dog
processed_images/123.jpg,Dog
processed_images/7549.jpg,Dog
processed_images/1138.jpg,Dog
processed_images/6657.jpg,Dog
processed_images/9564.jpg,Dog
processed_images/2431.jpg,Dog
processed_images/10176.jpg,Dog
processed_images/11268.jpg,Dog
processed_images/4040.jpg,Dog
processed_images/4726.jpg,Dog
processed_images/3049.jpg,Dog
processed_images/2357.jpg,Dog
processed_images/10610.jpg,Dog
processed_images/5438.jpg,Dog
processed_images/6131.jpg,Dog
processed_images/9202.jpg,Dog
processed_images/12007.jpg,Dog
processed_images/1886.jpg,Dog
processed_images/6125.jpg,Dog
processed_images/9216.jpg,Dog
processed_images/12013.jpg,Dog
processed_images/1892.jpg,Dog
processed_images/8108.jpg,Dog
processed_images/4732.jpg,Dog
processed_images/2343.jpg,Dog
processed_images/10604.jpg,Dog
processed_images/2425.jpg,Dog
processed_images/10162.jpg,Dog
processed_images/4054.jpg,Dog
processed_images/6643.jpg,Dog
processed_images/9570.jpg,Dog
processed_images/5362.jpg,Dog
processed_images/11254.jpg,Dog
processed_images/3713.jpg,Dog
processed_images/8646.jpg,Dog
processed_images/7575.jpg,Dog
processed_images/490.jpg,Dog
processed_images/1104.jpg,Dog
processed_images/9558.jpg,Dog
processed_images/1662.jpg,Dog
processed_images/8120.jpg,Dog
processed_images/7213.jpg,Dog
processed_images/11532.jpg,Dog
processed_images/3075.jpg,Dog
processed_images/5404.jpg,Dog
processed_images/11526.jpg,Dog
processed_images/3061.jpg,Dog
processed_images/10638.jpg,Dog
processed_images/5410.jpg,Dog
processed_images/6119.jpg,Dog
processed_images/1676.jpg,Dog
processed_images/8134.jpg,Dog
processed_images/7207.jpg,Dog
processed_images/8652.jpg,Dog
processed_images/7561.jpg,Dog
processed_images/1110.jpg,Dog
processed_images/484.jpg,Dog
processed_images/5376.jpg,Dog
processed_images/2419.jpg,Dog
processed_images/11240.jpg,Dog
processed_images/3707.jpg,Dog
processed_images/4068.jpg,Dog
processed_images/4083.jpg,Dog
processed_images/3934.jpg,Dog
processed_images/8861.jpg,Dog
processed_images/6694.jpg,Dog
processed_images/1845.jpg,Dog
processed_images/309.jpg,Dog
processed_images/2394.jpg,Dog
processed_images/2380.jpg,Dog
processed_images/4929.jpg,Dog
processed_images/1851.jpg,Dog
processed_images/1689.jpg,Dog
processed_images/8875.jpg,Dog
processed_images/6680.jpg,Dog
processed_images/6858.jpg,Dog
processed_images/4097.jpg,Dog
processed_images/3920.jpg,Dog
processed_images/5389.jpg,Dog
processed_images/453.jpg,Dog
processed_images/8685.jpg,Dog
processed_images/6870.jpg,Dog
processed_images/11297.jpg,Dog
processed_images/3908.jpg,Dog
processed_images/10189.jpg,Dog
processed_images/4901.jpg,Dog
processed_images/10837.jpg,Dog
processed_images/1879.jpg,Dog
processed_images/335.jpg,Dog
processed_images/321.jpg,Dog
processed_images/4915.jpg,Dog
processed_images/10823.jpg,Dog
processed_images/11283.jpg,Dog
processed_images/8849.jpg,Dog
processed_images/447.jpg,Dog
processed_images/8691.jpg,Dog
processed_images/6864.jpg,Dog
processed_images/6723.jpg,Dog
processed_images/9410.jpg,Dog
processed_images/4134.jpg,Dog
processed_images/2545.jpg,Dog
processed_images/10002.jpg,Dog
processed_images/3883.jpg,Dog
processed_images/2223.jpg,Dog
processed_images/10764.jpg,Dog
processed_images/4652.jpg,Dog
processed_images/8068.jpg,Dog
processed_images/12173.jpg,Dog
processed_images/6045.jpg,Dog
processed_images/9376.jpg,Dog
processed_images/12167.jpg,Dog
processed_images/6051.jpg,Dog
processed_images/9362.jpg,Dog
processed_images/5558.jpg,Dog
processed_images/2237.jpg,Dog
processed_images/10770.jpg,Dog
processed_images/3129.jpg,Dog
processed_images/4646.jpg,Dog
processed_images/4120.jpg,Dog
processed_images/11308.jpg,Dog
processed_images/2551.jpg,Dog
processed_images/10016.jpg,Dog
processed_images/3897.jpg,Dog
processed_images/6737.jpg,Dog
processed_images/9404.jpg,Dog
processed_images/1058.jpg,Dog
processed_images/7429.jpg,Dog
processed_images/4108.jpg,Dog
processed_images/11320.jpg,Dog
processed_images/3667.jpg,Dog
processed_images/2579.jpg,Dog
processed_images/5216.jpg,Dog
processed_images/1070.jpg,Dog
processed_images/8732.jpg,Dog
processed_images/7401.jpg,Dog
processed_images/8054.jpg,Dog
processed_images/7367.jpg,Dog
processed_images/282.jpg,Dog
processed_images/1716.jpg,Dog
processed_images/6079.jpg,Dog
processed_images/5570.jpg,Dog
processed_images/10758.jpg,Dog
processed_images/11446.jpg,Dog
processed_images/3101.jpg,Dog
processed_images/10980.jpg,Dog
processed_images/5564.jpg,Dog
processed_images/11452.jpg,Dog
processed_images/3115.jpg,Dog
processed_images/10994.jpg,Dog
processed_images/8040.jpg,Dog
processed_images/7373.jpg,Dog
processed_images/1702.jpg,Dog
processed_images/296.jpg,Dog
processed_images/9438.jpg,Dog
processed_images/1064.jpg,Dog
processed_images/8726.jpg,Dog
processed_images/7415.jpg,Dog
processed_images/11334.jpg,Dog
processed_images/3673.jpg,Dog
processed_images/5202.jpg,Dog
processed_images/2586.jpg,Dog
processed_images/3840.jpg,Dog
processed_images/3698.jpg,Dog
processed_images/6938.jpg,Dog
processed_images/8915.jpg,Dog
processed_images/6086.jpg,Dog
processed_images/7398.jpg,Dog
processed_images/1931.jpg,Dog
processed_images/4691.jpg,Dog
processed_images/4849.jpg,Dog
processed_images/4685.jpg,Dog
processed_images/269.jpg,Dog
processed_images/6092.jpg,Dog
processed_images/1925.jpg,Dog
processed_images/8901.jpg,Dog
processed_images/2592.jpg,Dog
processed_images/3854.jpg,Dog
processed_images/6904.jpg,Dog
processed_images/8929.jpg,Dog
processed_images/527.jpg,Dog
processed_images/11485.jpg,Dog
processed_images/10943.jpg,Dog
processed_images/4875.jpg,Dog
processed_images/241.jpg,Dog
processed_images/9389.jpg,Dog
processed_images/8097.jpg,Dog
processed_images/255.jpg,Dog
processed_images/1919.jpg,Dog
processed_images/8083.jpg,Dog
processed_images/12198.jpg,Dog
processed_images/11491.jpg,Dog
processed_images/10957.jpg,Dog
processed_images/4861.jpg,Dog
processed_images/3868.jpg,Dog
processed_images/6910.jpg,Dog
processed_images/533.jpg,Dog
processed_images/9174.jpg,Dog
processed_images/6247.jpg,Dog
processed_images/1528.jpg,Dog
processed_images/12371.jpg,Dog
processed_images/7159.jpg,Dog
processed_images/4450.jpg,Dog
processed_images/11678.jpg,Dog
processed_images/5996.jpg,Dog
processed_images/10566.jpg,Dog
processed_images/2021.jpg,Dog
processed_images/5028.jpg,Dog
processed_images/10200.jpg,Dog
processed_images/2747.jpg,Dog
processed_images/3459.jpg,Dog
processed_images/4336.jpg,Dog
processed_images/902.jpg,Dog
processed_images/12417.jpg,Dog
processed_images/9612.jpg,Dog
processed_images/6521.jpg,Dog
processed_images/916.jpg,Dog
processed_images/8518.jpg,Dog
processed_images/12403.jpg,Dog
processed_images/9606.jpg,Dog
processed_images/6535.jpg,Dog
processed_images/10214.jpg,Dog
processed_images/2753.jpg,Dog
processed_images/4322.jpg,Dog
processed_images/4444.jpg,Dog
processed_images/5982.jpg,Dog
processed_images/10572.jpg,Dog
processed_images/2035.jpg,Dog
processed_images/9160.jpg,Dog
processed_images/6253.jpg,Dog
processed_images/12365.jpg,Dog
processed_images/3303.jpg,Dog
processed_images/11644.jpg,Dog
processed_images/5772.jpg,Dog
processed_images/9148.jpg,Dog
processed_images/1514.jpg,Dog
processed_images/7165.jpg,Dog
processed_images/8256.jpg,Dog
processed_images/7603.jpg,Dog
processed_images/8530.jpg,Dog
processed_images/1272.jpg,Dog
processed_images/5014.jpg,Dog
processed_images/3465.jpg,Dog
processed_images/11122.jpg,Dog
processed_images/5000.jpg,Dog
processed_images/10228.jpg,Dog
processed_images/3471.jpg,Dog
processed_images/11136.jpg,Dog
processed_images/7617.jpg,Dog
processed_images/8524.jpg,Dog
processed_images/1266.jpg,Dog
processed_images/6509.jpg,Dog
processed_images/1500.jpg,Dog
processed_images/12359.jpg,Dog
processed_images/7171.jpg,Dog
processed_images/8242.jpg,Dog
processed_images/4478.jpg,Dog
processed_images/3317.jpg,Dog
processed_images/11650.jpg,Dog
processed_images/2009.jpg,Dog
processed_images/5766.jpg,Dog
processed_images/11888.jpg,Dog
processed_images/11863.jpg,Dog
processed_images/4493.jpg,Dog
processed_images/5955.jpg,Dog
processed_images/6284.jpg,Dog
processed_images/719.jpg,Dog
processed_images/7824.jpg,Dog
processed_images/9809.jpg,Dog
processed_images/2784.jpg,Dog
processed_images/2948.jpg,Dog
processed_images/2790.jpg,Dog
processed_images/1299.jpg,Dog
processed_images/7830.jpg,Dog
processed_images/6290.jpg,Dog
processed_images/11877.jpg,Dog
processed_images/5799.jpg,Dog
processed_images/4487.jpg,Dog
processed_images/5941.jpg,Dog
processed_images/8295.jpg,Dog
processed_images/10599.jpg,Dog
processed_images/5969.jpg,Dog
processed_images/11687.jpg,Dog
processed_images/2960.jpg,Dog
processed_images/7818.jpg,Dog
processed_images/725.jpg,Dog
processed_images/9835.jpg,Dog
processed_images/731.jpg,Dog
processed_images/9821.jpg,Dog
processed_images/2974.jpg,Dog
processed_images/11693.jpg,Dog
processed_images/8281.jpg,Dog
processed_images/2975.jpg,Dog
processed_images/9820.jpg,Dog
processed_images/730.jpg,Dog
processed_images/8280.jpg,Dog
processed_images/11692.jpg,Dog
processed_images/5968.jpg,Dog
processed_images/11686.jpg,Dog
processed_images/10598.jpg,Dog
processed_images/8294.jpg,Dog
processed_images/9834.jpg,Dog
processed_images/724.jpg,Dog
processed_images/7819.jpg,Dog
processed_images/2961.jpg,Dog
processed_images/7831.jpg,Dog
processed_images/1298.jpg,Dog
processed_images/2791.jpg,Dog
processed_images/2949.jpg,Dog
processed_images/5940.jpg,Dog
processed_images/4486.jpg,Dog
processed_images/11876.jpg,Dog
processed_images/5798.jpg,Dog
processed_images/6291.jpg,Dog
processed_images/6285.jpg,Dog
processed_images/5954.jpg,Dog
processed_images/4492.jpg,Dog
processed_images/11862.jpg,Dog
processed_images/2785.jpg,Dog
processed_images/9808.jpg,Dog
processed_images/7825.jpg,Dog
processed_images/718.jpg,Dog
processed_images/6508.jpg,Dog
processed_images/1267.jpg,Dog
processed_images/8525.jpg,Dog
processed_images/7616.jpg,Dog
processed_images/11137.jpg,Dog
processed_images/3470.jpg,Dog
processed_images/10229.jpg,Dog
processed_images/5001.jpg,Dog
processed_images/5767.jpg,Dog
processed_images/11889.jpg,Dog
processed_images/2008.jpg,Dog
processed_images/11651.jpg,Dog
processed_images/3316.jpg,Dog
processed_images/4479.jpg,Dog
processed_images/8243.jpg,Dog
processed_images/7170.jpg,Dog
processed_images/12358.jpg,Dog
processed_images/1501.jpg,Dog
processed_images/8257.jpg,Dog
processed_images/7164.jpg,Dog
processed_images/1515.jpg,Dog
processed_images/9149.jpg,Dog
processed_images/5773.jpg,Dog
processed_images/11645.jpg,Dog
processed_images/3302.jpg,Dog
processed_images/11123.jpg,Dog
processed_images/3464.jpg,Dog
processed_images/5015.jpg,Dog
processed_images/1273.jpg,Dog
processed_images/8531.jpg,Dog
processed_images/7602.jpg,Dog
processed_images/4323.jpg,Dog
processed_images/2752.jpg,Dog
processed_images/10215.jpg,Dog
processed_images/6534.jpg,Dog
processed_images/9607.jpg,Dog
processed_images/12402.jpg,Dog
processed_images/917.jpg,Dog
processed_images/8519.jpg,Dog
processed_images/12364.jpg,Dog
processed_images/6252.jpg,Dog
processed_images/9161.jpg,Dog
processed_images/2034.jpg,Dog
processed_images/10573.jpg,Dog
processed_images/5983.jpg,Dog
processed_images/4445.jpg,Dog
processed_images/2020.jpg,Dog
processed_images/10567.jpg,Dog
processed_images/11679.jpg,Dog
processed_images/5997.jpg,Dog
processed_images/4451.jpg,Dog
processed_images/7158.jpg,Dog
processed_images/12370.jpg,Dog
processed_images/1529.jpg,Dog
processed_images/6246.jpg,Dog
processed_images/9175.jpg,Dog
processed_images/6520.jpg,Dog
processed_images/9613.jpg,Dog
processed_images/12416.jpg,Dog
processed_images/903.jpg,Dog
processed_images/4337.jpg,Dog
processed_images/3458.jpg,Dog
processed_images/2746.jpg,Dog
processed_images/10201.jpg,Dog
processed_images/5029.jpg,Dog
processed_images/4860.jpg,Dog
processed_images/10956.jpg,Dog
processed_images/11490.jpg,Dog
processed_images/12199.jpg,Dog
processed_images/1918.jpg,Dog
processed_images/8082.jpg,Dog
processed_images/254.jpg,Dog
processed_images/532.jpg,Dog
processed_images/6911.jpg,Dog
processed_images/3869.jpg,Dog
processed_images/8928.jpg,Dog
processed_images/526.jpg,Dog
processed_images/6905.jpg,Dog
processed_images/8096.jpg,Dog
processed_images/9388.jpg,Dog
processed_images/240.jpg,Dog
processed_images/4874.jpg,Dog
processed_images/10942.jpg,Dog
processed_images/11484.jpg,Dog
processed_images/1924.jpg,Dog
processed_images/6093.jpg,Dog
processed_images/268.jpg,Dog
processed_images/4684.jpg,Dog
processed_images/3855.jpg,Dog
processed_images/2593.jpg,Dog
processed_images/8900.jpg,Dog
processed_images/8914.jpg,Dog
processed_images/6939.jpg,Dog
processed_images/3699.jpg,Dog
processed_images/3841.jpg,Dog
processed_images/2587.jpg,Dog
processed_images/4848.jpg,Dog
processed_images/4690.jpg,Dog
processed_images/1930.jpg,Dog
processed_images/7399.jpg,Dog
processed_images/6087.jpg,Dog
processed_images/297.jpg,Dog
processed_images/1703.jpg,Dog
processed_images/7372.jpg,Dog
processed_images/8041.jpg,Dog
processed_images/10995.jpg,Dog
processed_images/3114.jpg,Dog
processed_images/11453.jpg,Dog
processed_images/5565.jpg,Dog
processed_images/5203.jpg,Dog
processed_images/3672.jpg,Dog
processed_images/11335.jpg,Dog
processed_images/7414.jpg,Dog
processed_images/8727.jpg,Dog
processed_images/1065.jpg,Dog
processed_images/9439.jpg,Dog
processed_images/7400.jpg,Dog
processed_images/8733.jpg,Dog
processed_images/1071.jpg,Dog
processed_images/5217.jpg,Dog
processed_images/2578.jpg,Dog
processed_images/3666.jpg,Dog
processed_images/11321.jpg,Dog
processed_images/4109.jpg,Dog
processed_images/10981.jpg,Dog
processed_images/3100.jpg,Dog
processed_images/11447.jpg,Dog
processed_images/10759.jpg,Dog
processed_images/5571.jpg,Dog
processed_images/6078.jpg,Dog
processed_images/1717.jpg,Dog
processed_images/283.jpg,Dog
processed_images/7366.jpg,Dog
processed_images/8055.jpg,Dog
processed_images/4647.jpg,Dog
processed_images/3128.jpg,Dog
processed_images/10771.jpg,Dog
processed_images/2236.jpg,Dog
processed_images/5559.jpg,Dog
processed_images/9363.jpg,Dog
processed_images/6050.jpg,Dog
processed_images/12166.jpg,Dog
processed_images/7428.jpg,Dog
processed_images/1059.jpg,Dog
processed_images/9405.jpg,Dog
processed_images/6736.jpg,Dog
processed_images/3896.jpg,Dog
processed_images/10017.jpg,Dog
processed_images/2550.jpg,Dog
processed_images/11309.jpg,Dog
processed_images/4121.jpg,Dog
processed_images/3882.jpg,Dog
processed_images/10003.jpg,Dog
processed_images/2544.jpg,Dog
processed_images/4135.jpg,Dog
processed_images/9411.jpg,Dog
processed_images/6722.jpg,Dog
processed_images/9377.jpg,Dog
processed_images/6044.jpg,Dog
processed_images/12172.jpg,Dog
processed_images/8069.jpg,Dog
processed_images/4653.jpg,Dog
processed_images/10765.jpg,Dog
processed_images/2222.jpg,Dog
processed_images/10822.jpg,Dog
processed_images/4914.jpg,Dog
processed_images/320.jpg,Dog
processed_images/6865.jpg,Dog
processed_images/8690.jpg,Dog
processed_images/8848.jpg,Dog
processed_images/446.jpg,Dog
processed_images/11282.jpg,Dog
processed_images/10188.jpg,Dog
processed_images/3909.jpg,Dog
processed_images/11296.jpg,Dog
processed_images/6871.jpg,Dog
processed_images/8684.jpg,Dog
processed_images/452.jpg,Dog
processed_images/334.jpg,Dog
processed_images/1878.jpg,Dog
processed_images/10836.jpg,Dog
processed_images/4900.jpg,Dog
processed_images/1688.jpg,Dog
processed_images/1850.jpg,Dog
processed_images/4928.jpg,Dog
processed_images/2381.jpg,Dog
processed_images/5388.jpg,Dog
processed_images/3921.jpg,Dog
processed_images/4096.jpg,Dog
processed_images/6859.jpg,Dog
processed_images/6681.jpg,Dog
processed_images/8874.jpg,Dog
processed_images/6695.jpg,Dog
processed_images/8860.jpg,Dog
processed_images/3935.jpg,Dog
processed_images/4082.jpg,Dog
processed_images/2395.jpg,Dog
processed_images/308.jpg,Dog
processed_images/1844.jpg,Dog
processed_images/7206.jpg,Dog
processed_images/8135.jpg,Dog
processed_images/1677.jpg,Dog
processed_images/6118.jpg,Dog
processed_images/5411.jpg,Dog
processed_images/10639.jpg,Dog
processed_images/3060.jpg,Dog
processed_images/11527.jpg,Dog
processed_images/4069.jpg,Dog
processed_images/3706.jpg,Dog
processed_images/11241.jpg,Dog
processed_images/2418.jpg,Dog
processed_images/5377.jpg,Dog
processed_images/485.jpg,Dog
processed_images/1111.jpg,Dog
processed_images/7560.jpg,Dog
processed_images/8653.jpg,Dog
processed_images/9559.jpg,Dog
processed_images/1105.jpg,Dog
processed_images/491.jpg,Dog
processed_images/7574.jpg,Dog
processed_images/8647.jpg,Dog
processed_images/3712.jpg,Dog
processed_images/11255.jpg,Dog
processed_images/5363.jpg,Dog
processed_images/5405.jpg,Dog
processed_images/3074.jpg,Dog
processed_images/11533.jpg,Dog
processed_images/7212.jpg,Dog
processed_images/8121.jpg,Dog
processed_images/1663.jpg,Dog
processed_images/10605.jpg,Dog
processed_images/2342.jpg,Dog
processed_images/4733.jpg,Dog
processed_images/1893.jpg,Dog
processed_images/8109.jpg,Dog
processed_images/12012.jpg,Dog
processed_images/9217.jpg,Dog
processed_images/6124.jpg,Dog
processed_images/9571.jpg,Dog
processed_images/6642.jpg,Dog
processed_images/4055.jpg,Dog
processed_images/10163.jpg,Dog
processed_images/2424.jpg,Dog
processed_images/4041.jpg,Dog
processed_images/11269.jpg,Dog
processed_images/10177.jpg,Dog
processed_images/2430.jpg,Dog
processed_images/9565.jpg,Dog
processed_images/6656.jpg,Dog
processed_images/1139.jpg,Dog
processed_images/7548.jpg,Dog
processed_images/1887.jpg,Dog
processed_images/12006.jpg,Dog
processed_images/9203.jpg,Dog
processed_images/6130.jpg,Dog
processed_images/5439.jpg,Dog
processed_images/10611.jpg,Dog
processed_images/2356.jpg,Dog
processed_images/3048.jpg,Dog
processed_images/4727.jpg,Dog
processed_images/11080.jpg,Dog
processed_images/2801.jpg,Dog
processed_images/644.jpg,Dog
processed_images/7979.jpg,Dog
processed_images/8492.jpg,Dog
processed_images/9954.jpg,Dog
processed_images/122.jpg,Dog
processed_images/5808.jpg,Dog
processed_images/136.jpg,Dog
processed_images/650.jpg,Dog
processed_images/9798.jpg,Dog
processed_images/8486.jpg,Dog
processed_images/888.jpg,Dog
processed_images/9940.jpg,Dog
processed_images/11094.jpg,Dog
processed_images/2815.jpg,Dog
processed_images/7945.jpg,Dog
processed_images/678.jpg,Dog
processed_images/6483.jpg,Dog
processed_images/9968.jpg,Dog
processed_images/4294.jpg,Dog
processed_images/2183.jpg,Dog
processed_images/11902.jpg,Dog
processed_images/5834.jpg,Dog
processed_images/2197.jpg,Dog
processed_images/11916.jpg,Dog
processed_images/3289.jpg,Dog
processed_images/5820.jpg,Dog
processed_images/2829.jpg,Dog
processed_images/4280.jpg,Dog
processed_images/7951.jpg,Dog
processed_images/6497.jpg,Dog
processed_images/7789.jpg,Dog
processed_images/8451.jpg,Dog
processed_images/7762.jpg,Dog
processed_images/9997.jpg,Dog
processed_images/1313.jpg,Dog
processed_images/687.jpg,Dog
processed_images/5175.jpg,Dog
processed_images/11043.jpg,Dog
processed_images/3504.jpg,Dog
processed_images/11725.jpg,Dog
processed_images/3262.jpg,Dog
processed_images/5613.jpg,Dog
processed_images/9029.jpg,Dog
processed_images/1475.jpg,Dog
processed_images/8337.jpg,Dog
processed_images/7004.jpg,Dog
processed_images/1461.jpg,Dog
processed_images/12238.jpg,Dog
processed_images/8323.jpg,Dog
processed_images/7010.jpg,Dog
processed_images/4519.jpg,Dog
processed_images/11731.jpg,Dog
processed_images/3276.jpg,Dog
processed_images/2168.jpg,Dog
processed_images/5607.jpg,Dog
processed_images/5161.jpg,Dog
processed_images/10349.jpg,Dog
processed_images/11057.jpg,Dog
processed_images/3510.jpg,Dog
processed_images/8445.jpg,Dog
processed_images/7776.jpg,Dog
processed_images/9983.jpg,Dog
processed_images/693.jpg,Dog
processed_images/1307.jpg,Dog
processed_images/6468.jpg,Dog
processed_images/5149.jpg,Dog
processed_images/2626.jpg,Dog
processed_images/10361.jpg,Dog
processed_images/3538.jpg,Dog
processed_images/4257.jpg,Dog
processed_images/863.jpg,Dog
processed_images/7986.jpg,Dog
processed_images/6440.jpg,Dog
processed_images/23.jpg,Dog
processed_images/9773.jpg,Dog
processed_images/6326.jpg,Dog
processed_images/9015.jpg,Dog
processed_images/1449.jpg,Dog
processed_images/12210.jpg,Dog
processed_images/7038.jpg,Dog
processed_images/4531.jpg,Dog
processed_images/11719.jpg,Dog
processed_images/2140.jpg,Dog
processed_images/10407.jpg,Dog
processed_images/4525.jpg,Dog
processed_images/2154.jpg,Dog
processed_images/10413.jpg,Dog
processed_images/6332.jpg,Dog
processed_images/9001.jpg,Dog
processed_images/12204.jpg,Dog
processed_images/877.jpg,Dog
processed_images/8479.jpg,Dog
processed_images/7992.jpg,Dog
processed_images/37.jpg,Dog
processed_images/6454.jpg,Dog
processed_images/9767.jpg,Dog
processed_images/2632.jpg,Dog
processed_images/10375.jpg,Dog
processed_images/4243.jpg,Dog
processed_images/1303.jpg,Dog
processed_images/697.jpg,Dog
processed_images/7772.jpg,Dog
processed_images/8441.jpg,Dog
processed_images/9987.jpg,Dog
processed_images/3514.jpg,Dog
processed_images/11053.jpg,Dog
processed_images/5165.jpg,Dog
processed_images/5603.jpg,Dog
processed_images/3272.jpg,Dog
processed_images/11735.jpg,Dog
processed_images/7014.jpg,Dog
processed_images/8327.jpg,Dog
processed_images/9039.jpg,Dog
processed_images/1465.jpg,Dog
processed_images/12228.jpg,Dog
processed_images/7000.jpg,Dog
processed_images/8333.jpg,Dog
processed_images/1471.jpg,Dog
processed_images/2178.jpg,Dog
processed_images/5617.jpg,Dog
processed_images/4509.jpg,Dog
processed_images/3266.jpg,Dog
processed_images/11721.jpg,Dog
processed_images/3500.jpg,Dog
processed_images/11047.jpg,Dog
processed_images/5171.jpg,Dog
processed_images/10359.jpg,Dog
processed_images/683.jpg,Dog
processed_images/1317.jpg,Dog
processed_images/6478.jpg,Dog
processed_images/7766.jpg,Dog
processed_images/8455.jpg,Dog
processed_images/9993.jpg,Dog
processed_images/3528.jpg,Dog
processed_images/4247.jpg,Dog
processed_images/5159.jpg,Dog
processed_images/10371.jpg,Dog
processed_images/2636.jpg,Dog
processed_images/7996.jpg,Dog
processed_images/9763.jpg,Dog
processed_images/6450.jpg,Dog
processed_images/33.jpg,Dog
processed_images/873.jpg,Dog
processed_images/12200.jpg,Dog
processed_images/7028.jpg,Dog
processed_images/9005.jpg,Dog
processed_images/6336.jpg,Dog
processed_images/1459.jpg,Dog
processed_images/10417.jpg,Dog
processed_images/2150.jpg,Dog
processed_images/4521.jpg,Dog
processed_images/11709.jpg,Dog
processed_images/10403.jpg,Dog
processed_images/2144.jpg,Dog
processed_images/4535.jpg,Dog
processed_images/12214.jpg,Dog
processed_images/9011.jpg,Dog
processed_images/6322.jpg,Dog
processed_images/7982.jpg,Dog
processed_images/9777.jpg,Dog
processed_images/27.jpg,Dog
processed_images/6444.jpg,Dog
processed_images/867.jpg,Dog
processed_images/8469.jpg,Dog
processed_images/4253.jpg,Dog
processed_images/10365.jpg,Dog
processed_images/2622.jpg,Dog
processed_images/11090.jpg,Dog
processed_images/2811.jpg,Dog
processed_images/8482.jpg,Dog
processed_images/9944.jpg,Dog
processed_images/7969.jpg,Dog
processed_images/654.jpg,Dog
processed_images/132.jpg,Dog
processed_images/5818.jpg,Dog
processed_images/126.jpg,Dog
processed_images/8496.jpg,Dog
processed_images/898.jpg,Dog
processed_images/9950.jpg,Dog
processed_images/640.jpg,Dog
processed_images/9788.jpg,Dog
processed_images/11084.jpg,Dog
processed_images/2805.jpg,Dog
processed_images/9978.jpg,Dog
processed_images/668.jpg,Dog
processed_images/7955.jpg,Dog
processed_images/6493.jpg,Dog
processed_images/4284.jpg,Dog
processed_images/5824.jpg,Dog
processed_images/2193.jpg,Dog
processed_images/11912.jpg,Dog
processed_images/5830.jpg,Dog
processed_images/3299.jpg,Dog
processed_images/2187.jpg,Dog
processed_images/11906.jpg,Dog
processed_images/4290.jpg,Dog
processed_images/2839.jpg,Dog
processed_images/7799.jpg,Dog
processed_images/7941.jpg,Dog
processed_images/6487.jpg,Dog
processed_images/1667.jpg,Dog
processed_images/6108.jpg,Dog
processed_images/8125.jpg,Dog
processed_images/7216.jpg,Dog
processed_images/11537.jpg,Dog
processed_images/3070.jpg,Dog
processed_images/5401.jpg,Dog
processed_images/10629.jpg,Dog
processed_images/2408.jpg,Dog
processed_images/5367.jpg,Dog
processed_images/4079.jpg,Dog
processed_images/11251.jpg,Dog
processed_images/3716.jpg,Dog
processed_images/8643.jpg,Dog
processed_images/7570.jpg,Dog
processed_images/495.jpg,Dog
processed_images/1101.jpg,Dog
processed_images/8657.jpg,Dog
processed_images/7564.jpg,Dog
processed_images/9549.jpg,Dog
processed_images/1115.jpg,Dog
processed_images/481.jpg,Dog
processed_images/5373.jpg,Dog
processed_images/11245.jpg,Dog
processed_images/3702.jpg,Dog
processed_images/11523.jpg,Dog
processed_images/3064.jpg,Dog
processed_images/5415.jpg,Dog
processed_images/1673.jpg,Dog
processed_images/8131.jpg,Dog
processed_images/7202.jpg,Dog
processed_images/4723.jpg,Dog
processed_images/2352.jpg,Dog
processed_images/10615.jpg,Dog
processed_images/6134.jpg,Dog
processed_images/9207.jpg,Dog
processed_images/1883.jpg,Dog
processed_images/8119.jpg,Dog
processed_images/12002.jpg,Dog
processed_images/6652.jpg,Dog
processed_images/9561.jpg,Dog
processed_images/2434.jpg,Dog
processed_images/10173.jpg,Dog
processed_images/4045.jpg,Dog
processed_images/2420.jpg,Dog
processed_images/10167.jpg,Dog
processed_images/4051.jpg,Dog
processed_images/11279.jpg,Dog
processed_images/7558.jpg,Dog
processed_images/6646.jpg,Dog
processed_images/9575.jpg,Dog
processed_images/1129.jpg,Dog
processed_images/6120.jpg,Dog
processed_images/9213.jpg,Dog
processed_images/1897.jpg,Dog
processed_images/12016.jpg,Dog
processed_images/3058.jpg,Dog
processed_images/4737.jpg,Dog
processed_images/5429.jpg,Dog
processed_images/2346.jpg,Dog
processed_images/10601.jpg,Dog
processed_images/4904.jpg,Dog
processed_images/10832.jpg,Dog
processed_images/330.jpg,Dog
processed_images/8858.jpg,Dog
processed_images/456.jpg,Dog
processed_images/6875.jpg,Dog
processed_images/8680.jpg,Dog
processed_images/11292.jpg,Dog
processed_images/11286.jpg,Dog
processed_images/10198.jpg,Dog
processed_images/3919.jpg,Dog
processed_images/442.jpg,Dog
processed_images/6861.jpg,Dog
processed_images/8694.jpg,Dog
processed_images/1868.jpg,Dog
processed_images/324.jpg,Dog
processed_images/4910.jpg,Dog
processed_images/10826.jpg,Dog
processed_images/1840.jpg,Dog
processed_images/1698.jpg,Dog
processed_images/2391.jpg,Dog
processed_images/4938.jpg,Dog
processed_images/4086.jpg,Dog
processed_images/3931.jpg,Dog
processed_images/5398.jpg,Dog
processed_images/6691.jpg,Dog
processed_images/8864.jpg,Dog
processed_images/6849.jpg,Dog
processed_images/6685.jpg,Dog
processed_images/8870.jpg,Dog
processed_images/4092.jpg,Dog
processed_images/3925.jpg,Dog
processed_images/2385.jpg,Dog
processed_images/1854.jpg,Dog
processed_images/318.jpg,Dog
processed_images/8051.jpg,Dog
processed_images/7362.jpg,Dog
processed_images/287.jpg,Dog
processed_images/1713.jpg,Dog
processed_images/5575.jpg,Dog
processed_images/10985.jpg,Dog
processed_images/11443.jpg,Dog
processed_images/3104.jpg,Dog
processed_images/11325.jpg,Dog
processed_images/3662.jpg,Dog
processed_images/5213.jpg,Dog
processed_images/1075.jpg,Dog
processed_images/9429.jpg,Dog
processed_images/8737.jpg,Dog
processed_images/7404.jpg,Dog
processed_images/1061.jpg,Dog
processed_images/8723.jpg,Dog
processed_images/7410.jpg,Dog
processed_images/11331.jpg,Dog
processed_images/3676.jpg,Dog
processed_images/4119.jpg,Dog
processed_images/5207.jpg,Dog
processed_images/2568.jpg,Dog
processed_images/10749.jpg,Dog
processed_images/5561.jpg,Dog
processed_images/10991.jpg,Dog
processed_images/11457.jpg,Dog
processed_images/3110.jpg,Dog
processed_images/8045.jpg,Dog
processed_images/7376.jpg,Dog
processed_images/6068.jpg,Dog
processed_images/1707.jpg,Dog
processed_images/293.jpg,Dog
processed_images/2226.jpg,Dog
processed_images/10761.jpg,Dog
processed_images/5549.jpg,Dog
processed_images/4657.jpg,Dog
processed_images/3138.jpg,Dog
processed_images/12176.jpg,Dog
processed_images/6040.jpg,Dog
processed_images/9373.jpg,Dog
processed_images/1049.jpg,Dog
processed_images/6726.jpg,Dog
processed_images/9415.jpg,Dog
processed_images/7438.jpg,Dog
processed_images/11319.jpg,Dog
processed_images/4131.jpg,Dog
processed_images/3886.jpg,Dog
processed_images/2540.jpg,Dog
processed_images/10007.jpg,Dog
processed_images/4125.jpg,Dog
processed_images/3892.jpg,Dog
processed_images/2554.jpg,Dog
processed_images/10013.jpg,Dog
processed_images/6732.jpg,Dog
processed_images/9401.jpg,Dog
processed_images/12162.jpg,Dog
processed_images/8079.jpg,Dog
processed_images/6054.jpg,Dog
processed_images/9367.jpg,Dog
processed_images/2232.jpg,Dog
processed_images/10775.jpg,Dog
processed_images/4643.jpg,Dog
processed_images/10946.jpg,Dog
processed_images/11480.jpg,Dog
processed_images/4870.jpg,Dog
processed_images/244.jpg,Dog
processed_images/12189.jpg,Dog
processed_images/1908.jpg,Dog
processed_images/8092.jpg,Dog
processed_images/6901.jpg,Dog
processed_images/522.jpg,Dog
processed_images/3879.jpg,Dog
processed_images/6915.jpg,Dog
processed_images/8938.jpg,Dog
processed_images/536.jpg,Dog
processed_images/9398.jpg,Dog
processed_images/250.jpg,Dog
processed_images/8086.jpg,Dog
processed_images/10952.jpg,Dog
processed_images/11494.jpg,Dog
processed_images/4864.jpg,Dog
processed_images/6083.jpg,Dog
processed_images/278.jpg,Dog
processed_images/1934.jpg,Dog
processed_images/4694.jpg,Dog
processed_images/3845.jpg,Dog
processed_images/2583.jpg,Dog
processed_images/8910.jpg,Dog
processed_images/6929.jpg,Dog
processed_images/8904.jpg,Dog
processed_images/3851.jpg,Dog
processed_images/2597.jpg,Dog
processed_images/3689.jpg,Dog
processed_images/4680.jpg,Dog
processed_images/4858.jpg,Dog
processed_images/6097.jpg,Dog
processed_images/7389.jpg,Dog
processed_images/1920.jpg,Dog
processed_images/7606.jpg,Dog
processed_images/8535.jpg,Dog
processed_images/6518.jpg,Dog
processed_images/1277.jpg,Dog
processed_images/10239.jpg,Dog
processed_images/5011.jpg,Dog
processed_images/3460.jpg,Dog
processed_images/11127.jpg,Dog
processed_images/3306.jpg,Dog
processed_images/11641.jpg,Dog
processed_images/4469.jpg,Dog
processed_images/5777.jpg,Dog
processed_images/11899.jpg,Dog
processed_images/2018.jpg,Dog
processed_images/1511.jpg,Dog
processed_images/7160.jpg,Dog
processed_images/8253.jpg,Dog
processed_images/12348.jpg,Dog
processed_images/1505.jpg,Dog
processed_images/9159.jpg,Dog
processed_images/7174.jpg,Dog
processed_images/8247.jpg,Dog
processed_images/3312.jpg,Dog
processed_images/11655.jpg,Dog
processed_images/5763.jpg,Dog
processed_images/5005.jpg,Dog
processed_images/3474.jpg,Dog
processed_images/11133.jpg,Dog
processed_images/7612.jpg,Dog
processed_images/8521.jpg,Dog
processed_images/1263.jpg,Dog
processed_images/10205.jpg,Dog
processed_images/2742.jpg,Dog
processed_images/4333.jpg,Dog
processed_images/12412.jpg,Dog
processed_images/907.jpg,Dog
processed_images/8509.jpg,Dog
processed_images/9617.jpg,Dog
processed_images/6524.jpg,Dog
processed_images/9171.jpg,Dog
processed_images/6242.jpg,Dog
processed_images/12374.jpg,Dog
processed_images/5993.jpg,Dog
processed_images/4455.jpg,Dog
processed_images/10563.jpg,Dog
processed_images/2024.jpg,Dog
processed_images/11669.jpg,Dog
processed_images/5987.jpg,Dog
processed_images/4441.jpg,Dog
processed_images/10577.jpg,Dog
processed_images/2030.jpg,Dog
processed_images/1539.jpg,Dog
processed_images/9165.jpg,Dog
processed_images/6256.jpg,Dog
processed_images/7148.jpg,Dog
processed_images/12360.jpg,Dog
processed_images/12406.jpg,Dog
processed_images/913.jpg,Dog
processed_images/9603.jpg,Dog
processed_images/6530.jpg,Dog
processed_images/10211.jpg,Dog
processed_images/2756.jpg,Dog
processed_images/5039.jpg,Dog
processed_images/4327.jpg,Dog
processed_images/3448.jpg,Dog
processed_images/2965.jpg,Dog
processed_images/720.jpg,Dog
processed_images/9830.jpg,Dog
processed_images/8290.jpg,Dog
processed_images/11682.jpg,Dog
processed_images/10588.jpg,Dog
processed_images/5978.jpg,Dog
processed_images/11696.jpg,Dog
processed_images/8284.jpg,Dog
processed_images/7809.jpg,Dog
processed_images/734.jpg,Dog
processed_images/9824.jpg,Dog
processed_images/2971.jpg,Dog
processed_images/1288.jpg,Dog
processed_images/7821.jpg,Dog
processed_images/2959.jpg,Dog
processed_images/2781.jpg,Dog
processed_images/11866.jpg,Dog
processed_images/5788.jpg,Dog
processed_images/5950.jpg,Dog
processed_images/4496.jpg,Dog
processed_images/6281.jpg,Dog
processed_images/6295.jpg,Dog
processed_images/11872.jpg,Dog
processed_images/5944.jpg,Dog
processed_images/4482.jpg,Dog
processed_images/2795.jpg,Dog
processed_images/708.jpg,Dog
processed_images/7835.jpg,Dog
processed_images/9818.jpg,Dog
processed_images/4483.jpg,Dog
processed_images/5945.jpg,Dog
processed_images/11873.jpg,Dog
processed_images/6294.jpg,Dog
processed_images/9819.jpg,Dog
processed_images/7834.jpg,Dog
processed_images/709.jpg,Dog
processed_images/2794.jpg,Dog
processed_images/2780.jpg,Dog
processed_images/2958.jpg,Dog
processed_images/7820.jpg,Dog
processed_images/1289.jpg,Dog
processed_images/6280.jpg,Dog
processed_images/4497.jpg,Dog
processed_images/5951.jpg,Dog
processed_images/11867.jpg,Dog
processed_images/5789.jpg,Dog
processed_images/8285.jpg,Dog
processed_images/5979.jpg,Dog
processed_images/11697.jpg,Dog
processed_images/10589.jpg,Dog
processed_images/2970.jpg,Dog
processed_images/9825.jpg,Dog
processed_images/735.jpg,Dog
processed_images/7808.jpg,Dog
processed_images/9831.jpg,Dog
processed_images/721.jpg,Dog
processed_images/2964.jpg,Dog
processed_images/11683.jpg,Dog
processed_images/8291.jpg,Dog
processed_images/12361.jpg,Dog
processed_images/7149.jpg,Dog
processed_images/6257.jpg,Dog
processed_images/9164.jpg,Dog
processed_images/1538.jpg,Dog
processed_images/2031.jpg,Dog
processed_images/10576.jpg,Dog
processed_images/4440.jpg,Dog
processed_images/11668.jpg,Dog
processed_images/5986.jpg,Dog
processed_images/3449.jpg,Dog
processed_images/4326.jpg,Dog
processed_images/5038.jpg,Dog
processed_images/2757.jpg,Dog
processed_images/10210.jpg,Dog
processed_images/6531.jpg,Dog
processed_images/9602.jpg,Dog
processed_images/912.jpg,Dog
processed_images/12407.jpg,Dog
processed_images/6525.jpg,Dog
processed_images/9616.jpg,Dog
processed_images/906.jpg,Dog
processed_images/8508.jpg,Dog
processed_images/12413.jpg,Dog
processed_images/4332.jpg,Dog
processed_images/2743.jpg,Dog
processed_images/10204.jpg,Dog
processed_images/2025.jpg,Dog
processed_images/10562.jpg,Dog
processed_images/4454.jpg,Dog
processed_images/5992.jpg,Dog
processed_images/12375.jpg,Dog
processed_images/6243.jpg,Dog
processed_images/9170.jpg,Dog
processed_images/5762.jpg,Dog
processed_images/11654.jpg,Dog
processed_images/3313.jpg,Dog
processed_images/8246.jpg,Dog
processed_images/7175.jpg,Dog
processed_images/9158.jpg,Dog
processed_images/1504.jpg,Dog
processed_images/1262.jpg,Dog
processed_images/8520.jpg,Dog
processed_images/7613.jpg,Dog
processed_images/11132.jpg,Dog
processed_images/3475.jpg,Dog
processed_images/5004.jpg,Dog
processed_images/11126.jpg,Dog
processed_images/3461.jpg,Dog
processed_images/5010.jpg,Dog
processed_images/10238.jpg,Dog
processed_images/1276.jpg,Dog
processed_images/6519.jpg,Dog
processed_images/8534.jpg,Dog
processed_images/7607.jpg,Dog
processed_images/12349.jpg,Dog
processed_images/8252.jpg,Dog
processed_images/7161.jpg,Dog
processed_images/1510.jpg,Dog
processed_images/2019.jpg,Dog
processed_images/5776.jpg,Dog
processed_images/11898.jpg,Dog
processed_images/4468.jpg,Dog
processed_images/11640.jpg,Dog
processed_images/3307.jpg,Dog
processed_images/3688.jpg,Dog
processed_images/2596.jpg,Dog
processed_images/3850.jpg,Dog
processed_images/8905.jpg,Dog
processed_images/6928.jpg,Dog
processed_images/1921.jpg,Dog
processed_images/7388.jpg,Dog
processed_images/6096.jpg,Dog
processed_images/4859.jpg,Dog
processed_images/4681.jpg,Dog
processed_images/4695.jpg,Dog
processed_images/1935.jpg,Dog
processed_images/279.jpg,Dog
processed_images/6082.jpg,Dog
processed_images/8911.jpg,Dog
processed_images/2582.jpg,Dog
processed_images/3844.jpg,Dog
processed_images/8939.jpg,Dog
processed_images/537.jpg,Dog
processed_images/6914.jpg,Dog
processed_images/4865.jpg,Dog
processed_images/11495.jpg,Dog
processed_images/10953.jpg,Dog
processed_images/8087.jpg,Dog
processed_images/251.jpg,Dog
processed_images/9399.jpg,Dog
processed_images/1909.jpg,Dog
processed_images/8093.jpg,Dog
processed_images/12188.jpg,Dog
processed_images/245.jpg,Dog
processed_images/4871.jpg,Dog
processed_images/11481.jpg,Dog
processed_images/10947.jpg,Dog
processed_images/3878.jpg,Dog
processed_images/523.jpg,Dog
processed_images/6900.jpg,Dog
processed_images/9400.jpg,Dog
processed_images/6733.jpg,Dog
processed_images/10012.jpg,Dog
processed_images/2555.jpg,Dog
processed_images/3893.jpg,Dog
processed_images/4124.jpg,Dog
processed_images/4642.jpg,Dog
processed_images/10774.jpg,Dog
processed_images/2233.jpg,Dog
processed_images/9366.jpg,Dog
processed_images/6055.jpg,Dog
processed_images/8078.jpg,Dog
processed_images/12163.jpg,Dog
processed_images/9372.jpg,Dog
processed_images/6041.jpg,Dog
processed_images/12177.jpg,Dog
processed_images/3139.jpg,Dog
processed_images/4656.jpg,Dog
processed_images/5548.jpg,Dog
processed_images/10760.jpg,Dog
processed_images/2227.jpg,Dog
processed_images/10006.jpg,Dog
processed_images/2541.jpg,Dog
processed_images/3887.jpg,Dog
processed_images/4130.jpg,Dog
processed_images/11318.jpg,Dog
processed_images/7439.jpg,Dog
processed_images/9414.jpg,Dog
processed_images/6727.jpg,Dog
processed_images/1048.jpg,Dog
processed_images/2569.jpg,Dog
processed_images/5206.jpg,Dog
processed_images/4118.jpg,Dog
processed_images/3677.jpg,Dog
processed_images/11330.jpg,Dog
processed_images/7411.jpg,Dog
processed_images/8722.jpg,Dog
processed_images/1060.jpg,Dog
processed_images/292.jpg,Dog
processed_images/1706.jpg,Dog
processed_images/6069.jpg,Dog
processed_images/7377.jpg,Dog
processed_images/8044.jpg,Dog
processed_images/3111.jpg,Dog
processed_images/11456.jpg,Dog
processed_images/10990.jpg,Dog
processed_images/5560.jpg,Dog
processed_images/10748.jpg,Dog
processed_images/3105.jpg,Dog
processed_images/11442.jpg,Dog
processed_images/10984.jpg,Dog
processed_images/5574.jpg,Dog
processed_images/1712.jpg,Dog
processed_images/286.jpg,Dog
processed_images/7363.jpg,Dog
processed_images/8050.jpg,Dog
processed_images/7405.jpg,Dog
processed_images/8736.jpg,Dog
processed_images/9428.jpg,Dog
processed_images/1074.jpg,Dog
processed_images/5212.jpg,Dog
processed_images/3663.jpg,Dog
processed_images/11324.jpg,Dog
processed_images/3924.jpg,Dog
processed_images/4093.jpg,Dog
processed_images/8871.jpg,Dog
processed_images/6684.jpg,Dog
processed_images/319.jpg,Dog
processed_images/1855.jpg,Dog
processed_images/2384.jpg,Dog
processed_images/4939.jpg,Dog
processed_images/2390.jpg,Dog
processed_images/1699.jpg,Dog
processed_images/1841.jpg,Dog
processed_images/6848.jpg,Dog
processed_images/8865.jpg,Dog
processed_images/6690.jpg,Dog
processed_images/5399.jpg,Dog
processed_images/3930.jpg,Dog
processed_images/4087.jpg,Dog
processed_images/8695.jpg,Dog
processed_images/6860.jpg,Dog
processed_images/443.jpg,Dog
processed_images/3918.jpg,Dog
processed_images/10199.jpg,Dog
processed_images/11287.jpg,Dog
processed_images/10827.jpg,Dog
processed_images/4911.jpg,Dog
processed_images/325.jpg,Dog
processed_images/1869.jpg,Dog
processed_images/331.jpg,Dog
processed_images/10833.jpg,Dog
processed_images/4905.jpg,Dog
processed_images/11293.jpg,Dog
processed_images/8681.jpg,Dog
processed_images/6874.jpg,Dog
processed_images/8859.jpg,Dog
processed_images/457.jpg,Dog
processed_images/1128.jpg,Dog
processed_images/9574.jpg,Dog
processed_images/6647.jpg,Dog
processed_images/7559.jpg,Dog
processed_images/11278.jpg,Dog
processed_images/4050.jpg,Dog
processed_images/10166.jpg,Dog
processed_images/2421.jpg,Dog
processed_images/10600.jpg,Dog
processed_images/2347.jpg,Dog
processed_images/5428.jpg,Dog
processed_images/4736.jpg,Dog
processed_images/3059.jpg,Dog
processed_images/12017.jpg,Dog
processed_images/1896.jpg,Dog
processed_images/9212.jpg,Dog
processed_images/6121.jpg,Dog
processed_images/12003.jpg,Dog
processed_images/1882.jpg,Dog
processed_images/8118.jpg,Dog
processed_images/9206.jpg,Dog
processed_images/6135.jpg,Dog
processed_images/10614.jpg,Dog
processed_images/2353.jpg,Dog
processed_images/4722.jpg,Dog
processed_images/4044.jpg,Dog
processed_images/10172.jpg,Dog
processed_images/2435.jpg,Dog
processed_images/9560.jpg,Dog
processed_images/6653.jpg,Dog
processed_images/3703.jpg,Dog
processed_images/11244.jpg,Dog
processed_images/5372.jpg,Dog
processed_images/480.jpg,Dog
processed_images/1114.jpg,Dog
processed_images/9548.jpg,Dog
processed_images/7565.jpg,Dog
processed_images/8656.jpg,Dog
processed_images/7203.jpg,Dog
processed_images/8130.jpg,Dog
processed_images/1672.jpg,Dog
processed_images/5414.jpg,Dog
processed_images/3065.jpg,Dog
processed_images/11522.jpg,Dog
processed_images/10628.jpg,Dog
processed_images/5400.jpg,Dog
processed_images/3071.jpg,Dog
processed_images/11536.jpg,Dog
processed_images/7217.jpg,Dog
processed_images/8124.jpg,Dog
processed_images/6109.jpg,Dog
processed_images/1666.jpg,Dog
processed_images/1100.jpg,Dog
processed_images/494.jpg,Dog
processed_images/7571.jpg,Dog
processed_images/8642.jpg,Dog
processed_images/3717.jpg,Dog
processed_images/11250.jpg,Dog
processed_images/4078.jpg,Dog
processed_images/5366.jpg,Dog
processed_images/2409.jpg,Dog
processed_images/11907.jpg,Dog
processed_images/2186.jpg,Dog
processed_images/3298.jpg,Dog
processed_images/5831.jpg,Dog
processed_images/6486.jpg,Dog
processed_images/7940.jpg,Dog
processed_images/7798.jpg,Dog
processed_images/2838.jpg,Dog
processed_images/4291.jpg,Dog
processed_images/4285.jpg,Dog
processed_images/6492.jpg,Dog
processed_images/7954.jpg,Dog
processed_images/669.jpg,Dog
processed_images/9979.jpg,Dog
processed_images/11913.jpg,Dog
processed_images/2192.jpg,Dog
processed_images/5825.jpg,Dog
processed_images/127.jpg,Dog
processed_images/2804.jpg,Dog
processed_images/11085.jpg,Dog
processed_images/9789.jpg,Dog
processed_images/641.jpg,Dog
processed_images/9951.jpg,Dog
processed_images/8497.jpg,Dog
processed_images/899.jpg,Dog
processed_images/655.jpg,Dog
processed_images/7968.jpg,Dog
processed_images/9945.jpg,Dog
processed_images/8483.jpg,Dog
processed_images/2810.jpg,Dog
processed_images/11091.jpg,Dog
processed_images/5819.jpg,Dog
processed_images/133.jpg,Dog
processed_images/6323.jpg,Dog
processed_images/9010.jpg,Dog
processed_images/12215.jpg,Dog
processed_images/4534.jpg,Dog
processed_images/2145.jpg,Dog
processed_images/10402.jpg,Dog
processed_images/2623.jpg,Dog
processed_images/10364.jpg,Dog
processed_images/4252.jpg,Dog
processed_images/866.jpg,Dog
processed_images/8468.jpg,Dog
processed_images/26.jpg,Dog
processed_images/6445.jpg,Dog
processed_images/9776.jpg,Dog
processed_images/7983.jpg,Dog
processed_images/872.jpg,Dog
processed_images/6451.jpg,Dog
processed_images/32.jpg,Dog
processed_images/9762.jpg,Dog
processed_images/7997.jpg,Dog
processed_images/2637.jpg,Dog
processed_images/10370.jpg,Dog
processed_images/5158.jpg,Dog
processed_images/4246.jpg,Dog
processed_images/3529.jpg,Dog
processed_images/11708.jpg,Dog
processed_images/4520.jpg,Dog
processed_images/2151.jpg,Dog
processed_images/10416.jpg,Dog
processed_images/1458.jpg,Dog
processed_images/6337.jpg,Dog
processed_images/9004.jpg,Dog
processed_images/7029.jpg,Dog
processed_images/12201.jpg,Dog
processed_images/11720.jpg,Dog
processed_images/3267.jpg,Dog
processed_images/4508.jpg,Dog
processed_images/5616.jpg,Dog
processed_images/2179.jpg,Dog
processed_images/1470.jpg,Dog
processed_images/8332.jpg,Dog
processed_images/7001.jpg,Dog
processed_images/12229.jpg,Dog
processed_images/9992.jpg,Dog
processed_images/8454.jpg,Dog
processed_images/7767.jpg,Dog
processed_images/6479.jpg,Dog
processed_images/1316.jpg,Dog
processed_images/682.jpg,Dog
processed_images/10358.jpg,Dog
processed_images/5170.jpg,Dog
processed_images/11046.jpg,Dog
processed_images/3501.jpg,Dog
processed_images/5164.jpg,Dog
processed_images/11052.jpg,Dog
processed_images/3515.jpg,Dog
processed_images/9986.jpg,Dog
processed_images/8440.jpg,Dog
processed_images/7773.jpg,Dog
processed_images/696.jpg,Dog
processed_images/1302.jpg,Dog
processed_images/1464.jpg,Dog
processed_images/9038.jpg,Dog
processed_images/8326.jpg,Dog
processed_images/7015.jpg,Dog
processed_images/11734.jpg,Dog
processed_images/3273.jpg,Dog
processed_images/5602.jpg,Dog
processed_images/11044.jpg,Dog
processed_images/3503.jpg,Dog
processed_images/5172.jpg,Dog
processed_images/680.jpg,Dog
processed_images/1314.jpg,Dog
processed_images/9748.jpg,Dog
processed_images/18.jpg,Dog
processed_images/8456.jpg,Dog
processed_images/858.jpg,Dog
processed_images/7765.jpg,Dog
processed_images/9990.jpg,Dog
processed_images/8330.jpg,Dog
processed_images/7003.jpg,Dog
processed_images/1472.jpg,Dog
processed_images/5614.jpg,Dog
processed_images/11722.jpg,Dog
processed_images/3265.jpg,Dog
processed_images/10428.jpg,Dog
processed_images/5600.jpg,Dog
processed_images/11736.jpg,Dog
processed_images/3271.jpg,Dog
processed_images/8324.jpg,Dog
processed_images/7017.jpg,Dog
processed_images/6309.jpg,Dog
processed_images/1466.jpg,Dog
processed_images/1300.jpg,Dog
processed_images/694.jpg,Dog
processed_images/8442.jpg,Dog
processed_images/7771.jpg,Dog
processed_images/9984.jpg,Dog
processed_images/11050.jpg,Dog
processed_images/3517.jpg,Dog
processed_images/4278.jpg,Dog
processed_images/5166.jpg,Dog
processed_images/2609.jpg,Dog
processed_images/7981.jpg,Dog
processed_images/1328.jpg,Dog
processed_images/6447.jpg,Dog
processed_images/24.jpg,Dog
processed_images/9774.jpg,Dog
processed_images/7759.jpg,Dog
processed_images/864.jpg,Dog
processed_images/11078.jpg,Dog
processed_images/4250.jpg,Dog
processed_images/2621.jpg,Dog
processed_images/10366.jpg,Dog
processed_images/2147.jpg,Dog
processed_images/10400.jpg,Dog
processed_images/5628.jpg,Dog
processed_images/4536.jpg,Dog
processed_images/3259.jpg,Dog
processed_images/12217.jpg,Dog
processed_images/6321.jpg,Dog
processed_images/9012.jpg,Dog
processed_images/12203.jpg,Dog
processed_images/8318.jpg,Dog
processed_images/6335.jpg,Dog
processed_images/9006.jpg,Dog
processed_images/2153.jpg,Dog
processed_images/10414.jpg,Dog
processed_images/4522.jpg,Dog
processed_images/4244.jpg,Dog
processed_images/2635.jpg,Dog
processed_images/10372.jpg,Dog
processed_images/7995.jpg,Dog
processed_images/30.jpg,Dog
processed_images/6453.jpg,Dog
processed_images/9760.jpg,Dog
processed_images/870.jpg,Dog
processed_images/8495.jpg,Dog
processed_images/9953.jpg,Dog
processed_images/643.jpg,Dog
processed_images/10399.jpg,Dog
processed_images/11087.jpg,Dog
processed_images/2806.jpg,Dog
processed_images/11939.jpg,Dog
processed_images/125.jpg,Dog
processed_images/131.jpg,Dog
processed_images/11093.jpg,Dog
processed_images/2812.jpg,Dog
processed_images/8481.jpg,Dog
processed_images/9947.jpg,Dog
processed_images/657.jpg,Dog
processed_images/4293.jpg,Dog
processed_images/7942.jpg,Dog
processed_images/6484.jpg,Dog
processed_images/119.jpg,Dog
processed_images/5833.jpg,Dog
processed_images/2184.jpg,Dog
processed_images/11905.jpg,Dog
processed_images/5827.jpg,Dog
processed_images/2190.jpg,Dog
processed_images/11911.jpg,Dog
processed_images/1499.jpg,Dog
processed_images/7956.jpg,Dog
processed_images/6490.jpg,Dog
processed_images/5199.jpg,Dog
processed_images/4287.jpg,Dog
processed_images/3067.jpg,Dog
processed_images/11520.jpg,Dog
processed_images/4708.jpg,Dog
processed_images/5416.jpg,Dog
processed_images/2379.jpg,Dog
processed_images/1670.jpg,Dog
processed_images/7201.jpg,Dog
processed_images/8132.jpg,Dog
processed_images/12029.jpg,Dog
processed_images/7567.jpg,Dog
processed_images/8654.jpg,Dog
processed_images/6679.jpg,Dog
processed_images/1116.jpg,Dog
processed_images/482.jpg,Dog
processed_images/10158.jpg,Dog
processed_images/5370.jpg,Dog
processed_images/3701.jpg,Dog
processed_images/11246.jpg,Dog
processed_images/5364.jpg,Dog
processed_images/3715.jpg,Dog
processed_images/11252.jpg,Dog
processed_images/7573.jpg,Dog
processed_images/8640.jpg,Dog
processed_images/8898.jpg,Dog
processed_images/496.jpg,Dog
processed_images/1102.jpg,Dog
processed_images/1664.jpg,Dog
processed_images/9238.jpg,Dog
processed_images/7215.jpg,Dog
processed_images/8126.jpg,Dog
processed_images/3073.jpg,Dog
processed_images/11534.jpg,Dog
processed_images/5402.jpg,Dog
processed_images/9210.jpg,Dog
processed_images/6123.jpg,Dog
processed_images/1894.jpg,Dog
processed_images/12015.jpg,Dog
processed_images/4734.jpg,Dog
processed_images/10602.jpg,Dog
processed_images/2345.jpg,Dog
processed_images/10164.jpg,Dog
processed_images/2423.jpg,Dog
processed_images/4052.jpg,Dog
processed_images/8668.jpg,Dog
processed_images/9576.jpg,Dog
processed_images/6645.jpg,Dog
processed_images/6889.jpg,Dog
processed_images/9562.jpg,Dog
processed_images/6651.jpg,Dog
processed_images/10170.jpg,Dog
processed_images/2437.jpg,Dog
processed_images/5358.jpg,Dog
processed_images/4046.jpg,Dog
processed_images/3729.jpg,Dog
processed_images/11508.jpg,Dog
processed_images/4720.jpg,Dog
processed_images/10616.jpg,Dog
processed_images/2351.jpg,Dog
processed_images/1658.jpg,Dog
processed_images/9204.jpg,Dog
processed_images/6137.jpg,Dog
processed_images/1880.jpg,Dog
processed_images/7229.jpg,Dog
processed_images/12001.jpg,Dog
processed_images/327.jpg,Dog
processed_images/4913.jpg,Dog
processed_images/10825.jpg,Dog
processed_images/11285.jpg,Dog
processed_images/9589.jpg,Dog
processed_images/441.jpg,Dog
processed_images/6862.jpg,Dog
processed_images/8697.jpg,Dog
processed_images/455.jpg,Dog
processed_images/6876.jpg,Dog
processed_images/8683.jpg,Dog
processed_images/11291.jpg,Dog
processed_images/4907.jpg,Dog
processed_images/10831.jpg,Dog
processed_images/333.jpg,Dog
processed_images/2386.jpg,Dog
processed_images/3098.jpg,Dog
processed_images/10819.jpg,Dog
processed_images/1857.jpg,Dog
processed_images/6686.jpg,Dog
processed_images/8873.jpg,Dog
processed_images/7598.jpg,Dog
processed_images/4091.jpg,Dog
processed_images/3926.jpg,Dog
processed_images/4085.jpg,Dog
processed_images/3932.jpg,Dog
processed_images/6692.jpg,Dog
processed_images/469.jpg,Dog
processed_images/8867.jpg,Dog
processed_images/1843.jpg,Dog
processed_images/2392.jpg,Dog
processed_images/5562.jpg,Dog
processed_images/10992.jpg,Dog
processed_images/3113.jpg,Dog
processed_images/11454.jpg,Dog
processed_images/7375.jpg,Dog
processed_images/8046.jpg,Dog
processed_images/9358.jpg,Dog
processed_images/1704.jpg,Dog
processed_images/290.jpg,Dog
processed_images/1062.jpg,Dog
processed_images/7413.jpg,Dog
processed_images/8720.jpg,Dog
processed_images/3675.jpg,Dog
processed_images/11332.jpg,Dog
processed_images/5204.jpg,Dog
processed_images/3661.jpg,Dog
processed_images/11326.jpg,Dog
processed_images/5210.jpg,Dog
processed_images/10038.jpg,Dog
processed_images/1076.jpg,Dog
processed_images/6719.jpg,Dog
processed_images/7407.jpg,Dog
processed_images/8734.jpg,Dog
processed_images/12149.jpg,Dog
processed_images/7361.jpg,Dog
processed_images/8052.jpg,Dog
processed_images/284.jpg,Dog
processed_images/1710.jpg,Dog
processed_images/2219.jpg,Dog
processed_images/5576.jpg,Dog
processed_images/10986.jpg,Dog
processed_images/4668.jpg,Dog
processed_images/3107.jpg,Dog
processed_images/11440.jpg,Dog
processed_images/12161.jpg,Dog
processed_images/7349.jpg,Dog
processed_images/9364.jpg,Dog
processed_images/6057.jpg,Dog
processed_images/1738.jpg,Dog
processed_images/4898.jpg,Dog
processed_images/10776.jpg,Dog
processed_images/2231.jpg,Dog
processed_images/4640.jpg,Dog
processed_images/11468.jpg,Dog
processed_images/3649.jpg,Dog
processed_images/4126.jpg,Dog
processed_images/5238.jpg,Dog
processed_images/3891.jpg,Dog
processed_images/10010.jpg,Dog
processed_images/2557.jpg,Dog
processed_images/9402.jpg,Dog
processed_images/6731.jpg,Dog
processed_images/9416.jpg,Dog
processed_images/6725.jpg,Dog
processed_images/8708.jpg,Dog
processed_images/4132.jpg,Dog
processed_images/3885.jpg,Dog
processed_images/10004.jpg,Dog
processed_images/2543.jpg,Dog
processed_images/10762.jpg,Dog
processed_images/2225.jpg,Dog
processed_images/4654.jpg,Dog
processed_images/12175.jpg,Dog
processed_images/9370.jpg,Dog
processed_images/6043.jpg,Dog
processed_images/253.jpg,Dog
processed_images/8085.jpg,Dog
processed_images/10951.jpg,Dog
processed_images/11497.jpg,Dog
processed_images/10789.jpg,Dog
processed_images/4867.jpg,Dog
processed_images/6916.jpg,Dog
processed_images/535.jpg,Dog
processed_images/6902.jpg,Dog
processed_images/521.jpg,Dog
processed_images/10945.jpg,Dog
processed_images/11483.jpg,Dog
processed_images/4873.jpg,Dog
processed_images/247.jpg,Dog
processed_images/8091.jpg,Dog
processed_images/4683.jpg,Dog
processed_images/6094.jpg,Dog
processed_images/1923.jpg,Dog
processed_images/509.jpg,Dog
processed_images/8907.jpg,Dog
processed_images/3852.jpg,Dog
processed_images/2594.jpg,Dog
processed_images/3846.jpg,Dog
processed_images/2580.jpg,Dog
processed_images/8913.jpg,Dog
processed_images/1089.jpg,Dog
processed_images/6080.jpg,Dog
processed_images/1937.jpg,Dog
processed_images/4697.jpg,Dog
processed_images/10979.jpg,Dog
processed_images/5589.jpg,Dog
processed_images/2769.jpg,Dog
processed_images/5006.jpg,Dog
processed_images/4318.jpg,Dog
processed_images/11130.jpg,Dog
processed_images/3477.jpg,Dog
processed_images/12439.jpg,Dog
processed_images/8522.jpg,Dog
processed_images/7611.jpg,Dog
processed_images/1260.jpg,Dog
processed_images/1506.jpg,Dog
processed_images/6269.jpg,Dog
processed_images/8244.jpg,Dog
processed_images/7177.jpg,Dog
processed_images/11656.jpg,Dog
processed_images/3311.jpg,Dog
processed_images/5760.jpg,Dog
processed_images/10548.jpg,Dog
processed_images/11642.jpg,Dog
processed_images/3305.jpg,Dog
processed_images/5774.jpg,Dog
processed_images/1512.jpg,Dog
processed_images/8250.jpg,Dog
processed_images/7163.jpg,Dog
processed_images/8536.jpg,Dog
processed_images/938.jpg,Dog
processed_images/7605.jpg,Dog
processed_images/9628.jpg,Dog
processed_images/1274.jpg,Dog
processed_images/5012.jpg,Dog
processed_images/11124.jpg,Dog
processed_images/3463.jpg,Dog
processed_images/12405.jpg,Dog
processed_images/910.jpg,Dog
processed_images/6533.jpg,Dog
processed_images/9600.jpg,Dog
processed_images/2755.jpg,Dog
processed_images/10212.jpg,Dog
processed_images/4324.jpg,Dog
processed_images/5984.jpg,Dog
processed_images/4442.jpg,Dog
processed_images/2033.jpg,Dog
processed_images/10574.jpg,Dog
processed_images/6255.jpg,Dog
processed_images/9166.jpg,Dog
processed_images/8278.jpg,Dog
processed_images/12363.jpg,Dog
processed_images/6241.jpg,Dog
processed_images/9172.jpg,Dog
processed_images/12377.jpg,Dog
processed_images/3339.jpg,Dog
processed_images/5990.jpg,Dog
processed_images/4456.jpg,Dog
processed_images/5748.jpg,Dog
processed_images/2027.jpg,Dog
processed_images/10560.jpg,Dog
processed_images/2741.jpg,Dog
processed_images/10206.jpg,Dog
processed_images/2999.jpg,Dog
processed_images/4330.jpg,Dog
processed_images/11118.jpg,Dog
processed_images/12411.jpg,Dog
processed_images/7639.jpg,Dog
processed_images/904.jpg,Dog
processed_images/6527.jpg,Dog
processed_images/9614.jpg,Dog
processed_images/1248.jpg,Dog
processed_images/737.jpg,Dog
processed_images/9827.jpg,Dog
processed_images/2972.jpg,Dog
processed_images/11695.jpg,Dog
processed_images/8287.jpg,Dog
processed_images/9199.jpg,Dog
processed_images/8293.jpg,Dog
processed_images/12388.jpg,Dog
processed_images/11859.jpg,Dog
processed_images/11681.jpg,Dog
processed_images/2966.jpg,Dog
processed_images/723.jpg,Dog
processed_images/9833.jpg,Dog
processed_images/3488.jpg,Dog
processed_images/2796.jpg,Dog
processed_images/7836.jpg,Dog
processed_images/7188.jpg,Dog
processed_images/6296.jpg,Dog
processed_images/11871.jpg,Dog
processed_images/5947.jpg,Dog
processed_images/4481.jpg,Dog
processed_images/11865.jpg,Dog
processed_images/5953.jpg,Dog
processed_images/4495.jpg,Dog
processed_images/6282.jpg,Dog
processed_images/7822.jpg,Dog
processed_images/2782.jpg,Dog
processed_images/6283.jpg,Dog
processed_images/4494.jpg,Dog
processed_images/5952.jpg,Dog
processed_images/11864.jpg,Dog
processed_images/2783.jpg,Dog
processed_images/7823.jpg,Dog
processed_images/7837.jpg,Dog
processed_images/2797.jpg,Dog
processed_images/3489.jpg,Dog
processed_images/4480.jpg,Dog
processed_images/5946.jpg,Dog
processed_images/11870.jpg,Dog
processed_images/6297.jpg,Dog
processed_images/7189.jpg,Dog
processed_images/11680.jpg,Dog
processed_images/11858.jpg,Dog
processed_images/12389.jpg,Dog
processed_images/8292.jpg,Dog
processed_images/9832.jpg,Dog
processed_images/722.jpg,Dog
processed_images/2967.jpg,Dog
processed_images/2973.jpg,Dog
processed_images/9826.jpg,Dog
processed_images/736.jpg,Dog
processed_images/9198.jpg,Dog
processed_images/8286.jpg,Dog
processed_images/11694.jpg,Dog
processed_images/10561.jpg,Dog
processed_images/2026.jpg,Dog
processed_images/5749.jpg,Dog
processed_images/4457.jpg,Dog
processed_images/5991.jpg,Dog
processed_images/3338.jpg,Dog
processed_images/12376.jpg,Dog
processed_images/9173.jpg,Dog
processed_images/6240.jpg,Dog
processed_images/1249.jpg,Dog
processed_images/9615.jpg,Dog
processed_images/6526.jpg,Dog
processed_images/905.jpg,Dog
processed_images/7638.jpg,Dog
processed_images/12410.jpg,Dog
processed_images/11119.jpg,Dog
processed_images/4331.jpg,Dog
processed_images/2998.jpg,Dog
processed_images/10207.jpg,Dog
processed_images/2740.jpg,Dog
processed_images/4325.jpg,Dog
processed_images/10213.jpg,Dog
processed_images/2754.jpg,Dog
processed_images/9601.jpg,Dog
processed_images/6532.jpg,Dog
processed_images/911.jpg,Dog
processed_images/12404.jpg,Dog
processed_images/12362.jpg,Dog
processed_images/8279.jpg,Dog
processed_images/9167.jpg,Dog
processed_images/6254.jpg,Dog
processed_images/10575.jpg,Dog
processed_images/2032.jpg,Dog
processed_images/4443.jpg,Dog
processed_images/5985.jpg,Dog
processed_images/7162.jpg,Dog
processed_images/8251.jpg,Dog
processed_images/1513.jpg,Dog
processed_images/5775.jpg,Dog
processed_images/3304.jpg,Dog
processed_images/11643.jpg,Dog
processed_images/3462.jpg,Dog
processed_images/11125.jpg,Dog
processed_images/5013.jpg,Dog
processed_images/1275.jpg,Dog
processed_images/9629.jpg,Dog
processed_images/7604.jpg,Dog
processed_images/8537.jpg,Dog
processed_images/939.jpg,Dog
processed_images/1261.jpg,Dog
processed_images/7610.jpg,Dog
processed_images/8523.jpg,Dog
processed_images/12438.jpg,Dog
processed_images/3476.jpg,Dog
processed_images/11131.jpg,Dog
processed_images/4319.jpg,Dog
processed_images/5007.jpg,Dog
processed_images/2768.jpg,Dog
processed_images/10549.jpg,Dog
processed_images/5761.jpg,Dog
processed_images/3310.jpg,Dog
processed_images/11657.jpg,Dog
processed_images/7176.jpg,Dog
processed_images/8245.jpg,Dog
processed_images/6268.jpg,Dog
processed_images/1507.jpg,Dog
processed_images/8912.jpg,Dog
processed_images/1088.jpg,Dog
processed_images/2581.jpg,Dog
processed_images/3847.jpg,Dog
processed_images/5588.jpg,Dog
processed_images/4696.jpg,Dog
processed_images/10978.jpg,Dog
processed_images/1936.jpg,Dog
processed_images/6081.jpg,Dog
processed_images/1922.jpg,Dog
processed_images/6095.jpg,Dog
processed_images/4682.jpg,Dog
processed_images/2595.jpg,Dog
processed_images/3853.jpg,Dog
processed_images/508.jpg,Dog
processed_images/8906.jpg,Dog
processed_images/520.jpg,Dog
processed_images/6903.jpg,Dog
processed_images/8090.jpg,Dog
processed_images/246.jpg,Dog
processed_images/4872.jpg,Dog
processed_images/11482.jpg,Dog
processed_images/10944.jpg,Dog
processed_images/10788.jpg,Dog
processed_images/4866.jpg,Dog
processed_images/11496.jpg,Dog
processed_images/10950.jpg,Dog
processed_images/8084.jpg,Dog
processed_images/252.jpg,Dog
processed_images/534.jpg,Dog
processed_images/6917.jpg,Dog
processed_images/2542.jpg,Dog
processed_images/10005.jpg,Dog
processed_images/3884.jpg,Dog
processed_images/4133.jpg,Dog
processed_images/8709.jpg,Dog
processed_images/6724.jpg,Dog
processed_images/9417.jpg,Dog
processed_images/6042.jpg,Dog
processed_images/9371.jpg,Dog
processed_images/12174.jpg,Dog
processed_images/4655.jpg,Dog
processed_images/2224.jpg,Dog
processed_images/10763.jpg,Dog
processed_images/11469.jpg,Dog
processed_images/4641.jpg,Dog
processed_images/2230.jpg,Dog
processed_images/4899.jpg,Dog
processed_images/10777.jpg,Dog
processed_images/1739.jpg,Dog
processed_images/6056.jpg,Dog
processed_images/9365.jpg,Dog
processed_images/7348.jpg,Dog
processed_images/12160.jpg,Dog
processed_images/6730.jpg,Dog
processed_images/9403.jpg,Dog
processed_images/2556.jpg,Dog
processed_images/10011.jpg,Dog
processed_images/3890.jpg,Dog
processed_images/5239.jpg,Dog
processed_images/4127.jpg,Dog
processed_images/3648.jpg,Dog
processed_images/8735.jpg,Dog
processed_images/7406.jpg,Dog
processed_images/6718.jpg,Dog
processed_images/1077.jpg,Dog
processed_images/10039.jpg,Dog
processed_images/5211.jpg,Dog
processed_images/11327.jpg,Dog
processed_images/3660.jpg,Dog
processed_images/11441.jpg,Dog
processed_images/3106.jpg,Dog
processed_images/10987.jpg,Dog
processed_images/4669.jpg,Dog
processed_images/5577.jpg,Dog
processed_images/2218.jpg,Dog
processed_images/1711.jpg,Dog
processed_images/285.jpg,Dog
processed_images/8053.jpg,Dog
processed_images/7360.jpg,Dog
processed_images/12148.jpg,Dog
processed_images/291.jpg,Dog
processed_images/1705.jpg,Dog
processed_images/9359.jpg,Dog
processed_images/8047.jpg,Dog
processed_images/7374.jpg,Dog
processed_images/11455.jpg,Dog
processed_images/3112.jpg,Dog
processed_images/10993.jpg,Dog
processed_images/5563.jpg,Dog
processed_images/5205.jpg,Dog
processed_images/11333.jpg,Dog
processed_images/3674.jpg,Dog
processed_images/8721.jpg,Dog
processed_images/7412.jpg,Dog
processed_images/1063.jpg,Dog
processed_images/468.jpg,Dog
processed_images/8866.jpg,Dog
processed_images/6693.jpg,Dog
processed_images/3933.jpg,Dog
processed_images/4084.jpg,Dog
processed_images/2393.jpg,Dog
processed_images/1842.jpg,Dog
processed_images/1856.jpg,Dog
processed_images/10818.jpg,Dog
processed_images/3099.jpg,Dog
processed_images/2387.jpg,Dog
processed_images/3927.jpg,Dog
processed_images/4090.jpg,Dog
processed_images/7599.jpg,Dog
processed_images/8872.jpg,Dog
processed_images/6687.jpg,Dog
processed_images/11290.jpg,Dog
processed_images/8682.jpg,Dog
processed_images/6877.jpg,Dog
processed_images/454.jpg,Dog
processed_images/332.jpg,Dog
processed_images/10830.jpg,Dog
processed_images/4906.jpg,Dog
processed_images/10824.jpg,Dog
processed_images/4912.jpg,Dog
processed_images/326.jpg,Dog
processed_images/8696.jpg,Dog
processed_images/6863.jpg,Dog
processed_images/440.jpg,Dog
processed_images/9588.jpg,Dog
processed_images/11284.jpg,Dog
processed_images/3728.jpg,Dog
processed_images/4047.jpg,Dog
processed_images/5359.jpg,Dog
processed_images/2436.jpg,Dog
processed_images/10171.jpg,Dog
processed_images/6650.jpg,Dog
processed_images/9563.jpg,Dog
processed_images/6888.jpg,Dog
processed_images/12000.jpg,Dog
processed_images/7228.jpg,Dog
processed_images/1881.jpg,Dog
processed_images/6136.jpg,Dog
processed_images/9205.jpg,Dog
processed_images/1659.jpg,Dog
processed_images/2350.jpg,Dog
processed_images/10617.jpg,Dog
processed_images/4721.jpg,Dog
processed_images/11509.jpg,Dog
processed_images/2344.jpg,Dog
processed_images/10603.jpg,Dog
processed_images/4735.jpg,Dog
processed_images/12014.jpg,Dog
processed_images/1895.jpg,Dog
processed_images/6122.jpg,Dog
processed_images/9211.jpg,Dog
processed_images/6644.jpg,Dog
processed_images/9577.jpg,Dog
processed_images/8669.jpg,Dog
processed_images/4053.jpg,Dog
processed_images/2422.jpg,Dog
processed_images/10165.jpg,Dog
processed_images/8899.jpg,Dog
processed_images/1103.jpg,Dog
processed_images/497.jpg,Dog
processed_images/8641.jpg,Dog
processed_images/7572.jpg,Dog
processed_images/11253.jpg,Dog
processed_images/3714.jpg,Dog
processed_images/5365.jpg,Dog
processed_images/5403.jpg,Dog
processed_images/11535.jpg,Dog
processed_images/3072.jpg,Dog
processed_images/8127.jpg,Dog
processed_images/7214.jpg,Dog
processed_images/9239.jpg,Dog
processed_images/1665.jpg,Dog
processed_images/12028.jpg,Dog
processed_images/8133.jpg,Dog
processed_images/7200.jpg,Dog
processed_images/1671.jpg,Dog
processed_images/2378.jpg,Dog
processed_images/5417.jpg,Dog
processed_images/4709.jpg,Dog
processed_images/11521.jpg,Dog
processed_images/3066.jpg,Dog
processed_images/11247.jpg,Dog
processed_images/3700.jpg,Dog
processed_images/5371.jpg,Dog
processed_images/10159.jpg,Dog
processed_images/483.jpg,Dog
processed_images/1117.jpg,Dog
processed_images/6678.jpg,Dog
processed_images/8655.jpg,Dog
processed_images/7566.jpg,Dog
processed_images/1498.jpg,Dog
processed_images/11910.jpg,Dog
processed_images/2191.jpg,Dog
processed_images/5826.jpg,Dog
processed_images/4286.jpg,Dog
processed_images/5198.jpg,Dog
processed_images/6491.jpg,Dog
processed_images/7957.jpg,Dog
processed_images/6485.jpg,Dog
processed_images/7943.jpg,Dog
processed_images/4292.jpg,Dog
processed_images/11904.jpg,Dog
processed_images/2185.jpg,Dog
processed_images/5832.jpg,Dog
processed_images/118.jpg,Dog
processed_images/130.jpg,Dog
processed_images/656.jpg,Dog
processed_images/9946.jpg,Dog
processed_images/8480.jpg,Dog
processed_images/2813.jpg,Dog
processed_images/11092.jpg,Dog
processed_images/2807.jpg,Dog
processed_images/11086.jpg,Dog
processed_images/10398.jpg,Dog
processed_images/642.jpg,Dog
processed_images/9952.jpg,Dog
processed_images/8494.jpg,Dog
processed_images/124.jpg,Dog
processed_images/11938.jpg,Dog
processed_images/4523.jpg,Dog
processed_images/10415.jpg,Dog
processed_images/2152.jpg,Dog
processed_images/9007.jpg,Dog
processed_images/6334.jpg,Dog
processed_images/8319.jpg,Dog
processed_images/12202.jpg,Dog
processed_images/871.jpg,Dog
processed_images/9761.jpg,Dog
processed_images/31.jpg,Dog
processed_images/6452.jpg,Dog
processed_images/7994.jpg,Dog
processed_images/10373.jpg,Dog
processed_images/2634.jpg,Dog
processed_images/4245.jpg,Dog
processed_images/10367.jpg,Dog
processed_images/2620.jpg,Dog
processed_images/4251.jpg,Dog
processed_images/11079.jpg,Dog
processed_images/865.jpg,Dog
processed_images/7758.jpg,Dog
processed_images/9775.jpg,Dog
processed_images/6446.jpg,Dog
processed_images/25.jpg,Dog
processed_images/1329.jpg,Dog
processed_images/7980.jpg,Dog
processed_images/9013.jpg,Dog
processed_images/6320.jpg,Dog
processed_images/12216.jpg,Dog
processed_images/3258.jpg,Dog
processed_images/4537.jpg,Dog
processed_images/5629.jpg,Dog
processed_images/10401.jpg,Dog
processed_images/2146.jpg,Dog
processed_images/1467.jpg,Dog
processed_images/6308.jpg,Dog
processed_images/7016.jpg,Dog
processed_images/8325.jpg,Dog
processed_images/3270.jpg,Dog
processed_images/11737.jpg,Dog
processed_images/5601.jpg,Dog
processed_images/10429.jpg,Dog
processed_images/2608.jpg,Dog
processed_images/5167.jpg,Dog
processed_images/4279.jpg,Dog
processed_images/3516.jpg,Dog
processed_images/11051.jpg,Dog
processed_images/9985.jpg,Dog
processed_images/7770.jpg,Dog
processed_images/8443.jpg,Dog
processed_images/695.jpg,Dog
processed_images/1301.jpg,Dog
processed_images/9991.jpg,Dog
processed_images/7764.jpg,Dog
processed_images/8457.jpg,Dog
processed_images/859.jpg,Dog
processed_images/19.jpg,Dog
processed_images/9749.jpg,Dog
processed_images/1315.jpg,Dog
processed_images/681.jpg,Dog
processed_images/5173.jpg,Dog
processed_images/3502.jpg,Dog
processed_images/11045.jpg,Dog
processed_images/3264.jpg,Dog
processed_images/11723.jpg,Dog
processed_images/5615.jpg,Dog
processed_images/1473.jpg,Dog
processed_images/7002.jpg,Dog
processed_images/8331.jpg,Dog
processed_images/4236.jpg,Dog
processed_images/3559.jpg,Dog
processed_images/10300.jpg,Dog
processed_images/2647.jpg,Dog
processed_images/5128.jpg,Dog
processed_images/9712.jpg,Dog
processed_images/6421.jpg,Dog
processed_images/42.jpg,Dog
processed_images/802.jpg,Dog
processed_images/7059.jpg,Dog
processed_images/12271.jpg,Dog
processed_images/1428.jpg,Dog
processed_images/9074.jpg,Dog
processed_images/6347.jpg,Dog
processed_images/10466.jpg,Dog
processed_images/2121.jpg,Dog
processed_images/11778.jpg,Dog
processed_images/5896.jpg,Dog
processed_images/4550.jpg,Dog
processed_images/10472.jpg,Dog
processed_images/2135.jpg,Dog
processed_images/4.jpg,Dog
processed_images/5882.jpg,Dog
processed_images/4544.jpg,Dog
processed_images/12265.jpg,Dog
processed_images/9060.jpg,Dog
processed_images/6353.jpg,Dog
processed_images/9706.jpg,Dog
processed_images/56.jpg,Dog
processed_images/6435.jpg,Dog
processed_images/816.jpg,Dog
processed_images/8418.jpg,Dog
processed_images/4222.jpg,Dog
processed_images/10314.jpg,Dog
processed_images/2653.jpg,Dog
processed_images/1372.jpg,Dog
processed_images/7703.jpg,Dog
processed_images/8430.jpg,Dog
processed_images/3565.jpg,Dog
processed_images/11022.jpg,Dog
processed_images/5114.jpg,Dog
processed_images/5672.jpg,Dog
processed_images/3203.jpg,Dog
processed_images/11744.jpg,Dog
processed_images/7065.jpg,Dog
processed_images/8356.jpg,Dog
processed_images/180.jpg,Dog
processed_images/1414.jpg,Dog
processed_images/9048.jpg,Dog
processed_images/7071.jpg,Dog
processed_images/8342.jpg,Dog
processed_images/12259.jpg,Dog
processed_images/1400.jpg,Dog
processed_images/194.jpg,Dog
processed_images/5666.jpg,Dog
processed_images/11988.jpg,Dog
processed_images/2109.jpg,Dog
processed_images/3217.jpg,Dog
processed_images/11750.jpg,Dog
processed_images/4578.jpg,Dog
processed_images/3571.jpg,Dog
processed_images/11036.jpg,Dog
processed_images/10328.jpg,Dog
processed_images/5100.jpg,Dog
processed_images/6409.jpg,Dog
processed_images/1366.jpg,Dog
processed_images/7717.jpg,Dog
processed_images/8424.jpg,Dog
processed_images/9909.jpg,Dog
processed_images/81.jpg,Dog
processed_images/619.jpg,Dog
processed_images/7924.jpg,Dog
processed_images/2684.jpg,Dog
processed_images/5855.jpg,Dog
processed_images/4593.jpg,Dog
processed_images/11963.jpg,Dog
processed_images/6384.jpg,Dog
processed_images/6390.jpg,Dog
processed_images/5841.jpg,Dog
processed_images/4587.jpg,Dog
processed_images/11977.jpg,Dog
processed_images/5699.jpg,Dog
processed_images/2690.jpg,Dog
processed_images/2848.jpg,Dog
processed_images/95.jpg,Dog
processed_images/1399.jpg,Dog
processed_images/7930.jpg,Dog
processed_images/2860.jpg,Dog
processed_images/9935.jpg,Dog
processed_images/7918.jpg,Dog
processed_images/625.jpg,Dog
processed_images/143.jpg,Dog
processed_images/8395.jpg,Dog
processed_images/5869.jpg,Dog
processed_images/11787.jpg,Dog
processed_images/10499.jpg,Dog
processed_images/11793.jpg,Dog
processed_images/157.jpg,Dog
processed_images/8381.jpg,Dog
processed_images/9921.jpg,Dog
processed_images/631.jpg,Dog
processed_images/2874.jpg,Dog
processed_images/4752.jpg,Dog
processed_images/2323.jpg,Dog
processed_images/10664.jpg,Dog
processed_images/6145.jpg,Dog
processed_images/9276.jpg,Dog
processed_images/12073.jpg,Dog
processed_images/8168.jpg,Dog
processed_images/6623.jpg,Dog
processed_images/9510.jpg,Dog
processed_images/3983.jpg,Dog
processed_images/2445.jpg,Dog
processed_images/10102.jpg,Dog
processed_images/4034.jpg,Dog
processed_images/3997.jpg,Dog
processed_images/2451.jpg,Dog
processed_images/10116.jpg,Dog
processed_images/11208.jpg,Dog
processed_images/4020.jpg,Dog
processed_images/7529.jpg,Dog
processed_images/1158.jpg,Dog
processed_images/6637.jpg,Dog
processed_images/9504.jpg,Dog
processed_images/6151.jpg,Dog
processed_images/9262.jpg,Dog
processed_images/12067.jpg,Dog
processed_images/4746.jpg,Dog
processed_images/3029.jpg,Dog
processed_images/2337.jpg,Dog
processed_images/10670.jpg,Dog
processed_images/5458.jpg,Dog
processed_images/6179.jpg,Dog
processed_images/1616.jpg,Dog
processed_images/382.jpg,Dog
processed_images/8154.jpg,Dog
processed_images/7267.jpg,Dog
processed_images/10880.jpg,Dog
processed_images/11546.jpg,Dog
processed_images/3001.jpg,Dog
processed_images/10658.jpg,Dog
processed_images/5470.jpg,Dog
processed_images/5316.jpg,Dog
processed_images/2479.jpg,Dog
processed_images/11220.jpg,Dog
processed_images/3767.jpg,Dog
processed_images/4008.jpg,Dog
processed_images/8632.jpg,Dog
processed_images/7501.jpg,Dog
processed_images/1170.jpg,Dog
processed_images/8626.jpg,Dog
processed_images/7515.jpg,Dog
processed_images/1164.jpg,Dog
processed_images/9538.jpg,Dog
processed_images/5302.jpg,Dog
processed_images/11234.jpg,Dog
processed_images/3773.jpg,Dog
processed_images/10894.jpg,Dog
processed_images/11552.jpg,Dog
processed_images/3015.jpg,Dog
processed_images/5464.jpg,Dog
processed_images/396.jpg,Dog
processed_images/1602.jpg,Dog
processed_images/8140.jpg,Dog
processed_images/7273.jpg,Dog
processed_images/7298.jpg,Dog
processed_images/1831.jpg,Dog
processed_images/6186.jpg,Dog
processed_images/4949.jpg,Dog
processed_images/4791.jpg,Dog
processed_images/3798.jpg,Dog
processed_images/3940.jpg,Dog
processed_images/2486.jpg,Dog
processed_images/8815.jpg,Dog
processed_images/6838.jpg,Dog
processed_images/8801.jpg,Dog
processed_images/3954.jpg,Dog
processed_images/2492.jpg,Dog
processed_images/4785.jpg,Dog
processed_images/1825.jpg,Dog
processed_images/6192.jpg,Dog
processed_images/369.jpg,Dog
processed_images/4975.jpg,Dog
processed_images/10843.jpg,Dog
processed_images/11585.jpg,Dog
processed_images/8197.jpg,Dog
processed_images/9289.jpg,Dog
processed_images/341.jpg,Dog
processed_images/8829.jpg,Dog
processed_images/427.jpg,Dog
processed_images/6804.jpg,Dog
processed_images/3968.jpg,Dog
processed_images/433.jpg,Dog
processed_images/6810.jpg,Dog
processed_images/12098.jpg,Dog
processed_images/1819.jpg,Dog
processed_images/8183.jpg,Dog
processed_images/355.jpg,Dog
processed_images/4961.jpg,Dog
processed_images/10857.jpg,Dog
processed_images/11591.jpg,Dog
processed_images/5538.jpg,Dog
processed_images/2257.jpg,Dog
processed_images/10710.jpg,Dog
processed_images/3149.jpg,Dog
processed_images/4626.jpg,Dog
processed_images/1986.jpg,Dog
processed_images/12107.jpg,Dog
processed_images/6031.jpg,Dog
processed_images/9302.jpg,Dog
processed_images/6757.jpg,Dog
processed_images/9464.jpg,Dog
processed_images/1038.jpg,Dog
processed_images/7449.jpg,Dog
processed_images/4140.jpg,Dog
processed_images/11368.jpg,Dog
processed_images/2531.jpg,Dog
processed_images/10076.jpg,Dog
processed_images/4154.jpg,Dog
processed_images/2525.jpg,Dog
processed_images/10062.jpg,Dog
processed_images/6743.jpg,Dog
processed_images/9470.jpg,Dog
processed_images/1992.jpg,Dog
processed_images/8008.jpg,Dog
processed_images/12113.jpg,Dog
processed_images/6025.jpg,Dog
processed_images/9316.jpg,Dog
processed_images/2243.jpg,Dog
processed_images/10704.jpg,Dog
processed_images/4632.jpg,Dog
processed_images/8020.jpg,Dog
processed_images/7313.jpg,Dog
processed_images/1762.jpg,Dog
processed_images/5504.jpg,Dog
processed_images/11432.jpg,Dog
processed_images/3175.jpg,Dog
processed_images/11354.jpg,Dog
processed_images/3613.jpg,Dog
processed_images/5262.jpg,Dog
processed_images/9458.jpg,Dog
processed_images/1004.jpg,Dog
processed_images/590.jpg,Dog
processed_images/8746.jpg,Dog
processed_images/7475.jpg,Dog
processed_images/584.jpg,Dog
processed_images/1010.jpg,Dog
processed_images/8752.jpg,Dog
processed_images/7461.jpg,Dog
processed_images/4168.jpg,Dog
processed_images/11340.jpg,Dog
processed_images/3607.jpg,Dog
processed_images/2519.jpg,Dog
processed_images/5276.jpg,Dog
processed_images/5510.jpg,Dog
processed_images/10738.jpg,Dog
processed_images/11426.jpg,Dog
processed_images/3161.jpg,Dog
processed_images/8034.jpg,Dog
processed_images/7307.jpg,Dog
processed_images/1776.jpg,Dog
processed_images/6019.jpg,Dog
processed_images/209.jpg,Dog
processed_images/1945.jpg,Dog
processed_images/2294.jpg,Dog
processed_images/3834.jpg,Dog
processed_images/4183.jpg,Dog
processed_images/6794.jpg,Dog
processed_images/8961.jpg,Dog
processed_images/6958.jpg,Dog
processed_images/6780.jpg,Dog
processed_images/8975.jpg,Dog
processed_images/3820.jpg,Dog
processed_images/5289.jpg,Dog
processed_images/4197.jpg,Dog
processed_images/2280.jpg,Dog
processed_images/4829.jpg,Dog
processed_images/1789.jpg,Dog
processed_images/1951.jpg,Dog
processed_images/10937.jpg,Dog
processed_images/4801.jpg,Dog
processed_images/235.jpg,Dog
processed_images/1979.jpg,Dog
processed_images/6970.jpg,Dog
processed_images/8785.jpg,Dog
processed_images/553.jpg,Dog
processed_images/10089.jpg,Dog
processed_images/3808.jpg,Dog
processed_images/11397.jpg,Dog
processed_images/11383.jpg,Dog
processed_images/6964.jpg,Dog
processed_images/8791.jpg,Dog
processed_images/8949.jpg,Dog
processed_images/547.jpg,Dog
processed_images/221.jpg,Dog
processed_images/10923.jpg,Dog
processed_images/4815.jpg,Dog
processed_images/10274.jpg,Dog
processed_images/2733.jpg,Dog
processed_images/4342.jpg,Dog
processed_images/976.jpg,Dog
processed_images/8578.jpg,Dog
processed_images/12463.jpg,Dog
processed_images/7893.jpg,Dog
processed_images/9666.jpg,Dog
processed_images/6555.jpg,Dog
processed_images/9100.jpg,Dog
processed_images/6233.jpg,Dog
processed_images/12305.jpg,Dog
processed_images/4424.jpg,Dog
processed_images/10512.jpg,Dog
processed_images/2055.jpg,Dog
processed_images/4430.jpg,Dog
processed_images/11618.jpg,Dog
processed_images/10506.jpg,Dog
processed_images/2041.jpg,Dog
processed_images/9114.jpg,Dog
processed_images/6227.jpg,Dog
processed_images/1548.jpg,Dog
processed_images/12311.jpg,Dog
processed_images/7139.jpg,Dog
processed_images/962.jpg,Dog
processed_images/12477.jpg,Dog
processed_images/7887.jpg,Dog
processed_images/9672.jpg,Dog
processed_images/6541.jpg,Dog
processed_images/5048.jpg,Dog
processed_images/10260.jpg,Dog
processed_images/2727.jpg,Dog
processed_images/3439.jpg,Dog
processed_images/4356.jpg,Dog
processed_images/7677.jpg,Dog
processed_images/8544.jpg,Dog
processed_images/9882.jpg,Dog
processed_images/792.jpg,Dog
processed_images/1206.jpg,Dog
processed_images/6569.jpg,Dog
processed_images/5060.jpg,Dog
processed_images/10248.jpg,Dog
processed_images/3411.jpg,Dog
processed_images/11156.jpg,Dog
processed_images/4418.jpg,Dog
processed_images/3377.jpg,Dog
processed_images/11630.jpg,Dog
processed_images/2069.jpg,Dog
processed_images/5706.jpg,Dog
processed_images/1560.jpg,Dog
processed_images/12339.jpg,Dog
processed_images/7111.jpg,Dog
processed_images/8222.jpg,Dog
processed_images/9128.jpg,Dog
processed_images/1574.jpg,Dog
processed_images/7105.jpg,Dog
processed_images/8236.jpg,Dog
processed_images/3363.jpg,Dog
processed_images/11624.jpg,Dog
processed_images/5712.jpg,Dog
processed_images/5074.jpg,Dog
processed_images/3405.jpg,Dog
processed_images/11142.jpg,Dog
processed_images/7663.jpg,Dog
processed_images/8550.jpg,Dog
processed_images/9896.jpg,Dog
processed_images/1212.jpg,Dog
processed_images/786.jpg,Dog
processed_images/7850.jpg,Dog
processed_images/6596.jpg,Dog
processed_images/7688.jpg,Dog
processed_images/4381.jpg,Dog
processed_images/2928.jpg,Dog
processed_images/2096.jpg,Dog
processed_images/11817.jpg,Dog
processed_images/5921.jpg,Dog
processed_images/3388.jpg,Dog
processed_images/2082.jpg,Dog
processed_images/11803.jpg,Dog
processed_images/5935.jpg,Dog
processed_images/4395.jpg,Dog
processed_images/779.jpg,Dog
processed_images/7844.jpg,Dog
processed_images/6582.jpg,Dog
processed_images/9869.jpg,Dog
processed_images/11195.jpg,Dog
processed_images/2914.jpg,Dog
processed_images/751.jpg,Dog
processed_images/9699.jpg,Dog
processed_images/8587.jpg,Dog
processed_images/989.jpg,Dog
processed_images/9841.jpg,Dog
processed_images/5909.jpg,Dog
processed_images/7878.jpg,Dog
processed_images/745.jpg,Dog
processed_images/8593.jpg,Dog
processed_images/12488.jpg,Dog
processed_images/9855.jpg,Dog
processed_images/11181.jpg,Dog
processed_images/2900.jpg,Dog
processed_images/5908.jpg,Dog
processed_images/2901.jpg,Dog
processed_images/11180.jpg,Dog
processed_images/9854.jpg,Dog
processed_images/12489.jpg,Dog
processed_images/8592.jpg,Dog
processed_images/744.jpg,Dog
processed_images/7879.jpg,Dog
processed_images/9840.jpg,Dog
processed_images/8586.jpg,Dog
processed_images/988.jpg,Dog
processed_images/9698.jpg,Dog
processed_images/750.jpg,Dog
processed_images/2915.jpg,Dog
processed_images/11194.jpg,Dog
processed_images/5934.jpg,Dog
processed_images/11802.jpg,Dog
processed_images/2083.jpg,Dog
processed_images/9868.jpg,Dog
processed_images/6583.jpg,Dog
processed_images/7845.jpg,Dog
processed_images/778.jpg,Dog
processed_images/4394.jpg,Dog
processed_images/2929.jpg,Dog
processed_images/4380.jpg,Dog
processed_images/7689.jpg,Dog
processed_images/6597.jpg,Dog
processed_images/7851.jpg,Dog
processed_images/3389.jpg,Dog
processed_images/5920.jpg,Dog
processed_images/11816.jpg,Dog
processed_images/2097.jpg,Dog
processed_images/5713.jpg,Dog
processed_images/11625.jpg,Dog
processed_images/3362.jpg,Dog
processed_images/8237.jpg,Dog
processed_images/7104.jpg,Dog
processed_images/1575.jpg,Dog
processed_images/9129.jpg,Dog
processed_images/787.jpg,Dog
processed_images/1213.jpg,Dog
processed_images/9897.jpg,Dog
processed_images/8551.jpg,Dog
processed_images/7662.jpg,Dog
processed_images/11143.jpg,Dog
processed_images/3404.jpg,Dog
processed_images/5075.jpg,Dog
processed_images/11157.jpg,Dog
processed_images/3410.jpg,Dog
processed_images/10249.jpg,Dog
processed_images/5061.jpg,Dog
processed_images/6568.jpg,Dog
processed_images/1207.jpg,Dog
processed_images/793.jpg,Dog
processed_images/9883.jpg,Dog
processed_images/8545.jpg,Dog
processed_images/7676.jpg,Dog
processed_images/8223.jpg,Dog
processed_images/7110.jpg,Dog
processed_images/12338.jpg,Dog
processed_images/1561.jpg,Dog
processed_images/5707.jpg,Dog
processed_images/2068.jpg,Dog
processed_images/11631.jpg,Dog
processed_images/3376.jpg,Dog
processed_images/4419.jpg,Dog
processed_images/7138.jpg,Dog
processed_images/12310.jpg,Dog
processed_images/1549.jpg,Dog
processed_images/6226.jpg,Dog
processed_images/9115.jpg,Dog
processed_images/2040.jpg,Dog
processed_images/10507.jpg,Dog
processed_images/11619.jpg,Dog
processed_images/4431.jpg,Dog
processed_images/4357.jpg,Dog
processed_images/3438.jpg,Dog
processed_images/2726.jpg,Dog
processed_images/10261.jpg,Dog
processed_images/5049.jpg,Dog
processed_images/6540.jpg,Dog
processed_images/9673.jpg,Dog
processed_images/7886.jpg,Dog
processed_images/12476.jpg,Dog
processed_images/963.jpg,Dog
processed_images/6554.jpg,Dog
processed_images/9667.jpg,Dog
processed_images/7892.jpg,Dog
processed_images/12462.jpg,Dog
processed_images/977.jpg,Dog
processed_images/8579.jpg,Dog
processed_images/4343.jpg,Dog
processed_images/2732.jpg,Dog
processed_images/10275.jpg,Dog
processed_images/2054.jpg,Dog
processed_images/10513.jpg,Dog
processed_images/4425.jpg,Dog
processed_images/12304.jpg,Dog
processed_images/6232.jpg,Dog
processed_images/9101.jpg,Dog
processed_images/8948.jpg,Dog
processed_images/546.jpg,Dog
processed_images/8790.jpg,Dog
processed_images/6965.jpg,Dog
processed_images/11382.jpg,Dog
processed_images/4814.jpg,Dog
processed_images/10922.jpg,Dog
processed_images/220.jpg,Dog
processed_images/1978.jpg,Dog
processed_images/234.jpg,Dog
processed_images/4800.jpg,Dog
processed_images/10936.jpg,Dog
processed_images/11396.jpg,Dog
processed_images/3809.jpg,Dog
processed_images/10088.jpg,Dog
processed_images/552.jpg,Dog
processed_images/8784.jpg,Dog
processed_images/6971.jpg,Dog
processed_images/4196.jpg,Dog
processed_images/5288.jpg,Dog
processed_images/3821.jpg,Dog
processed_images/8974.jpg,Dog
processed_images/6781.jpg,Dog
processed_images/6959.jpg,Dog
processed_images/1950.jpg,Dog
processed_images/1788.jpg,Dog
processed_images/4828.jpg,Dog
processed_images/2281.jpg,Dog
processed_images/2295.jpg,Dog
processed_images/1944.jpg,Dog
processed_images/208.jpg,Dog
processed_images/8960.jpg,Dog
processed_images/6795.jpg,Dog
processed_images/4182.jpg,Dog
processed_images/3835.jpg,Dog
processed_images/5277.jpg,Dog
processed_images/2518.jpg,Dog
processed_images/3606.jpg,Dog
processed_images/11341.jpg,Dog
processed_images/4169.jpg,Dog
processed_images/7460.jpg,Dog
processed_images/8753.jpg,Dog
processed_images/1011.jpg,Dog
processed_images/585.jpg,Dog
processed_images/6018.jpg,Dog
processed_images/1777.jpg,Dog
processed_images/7306.jpg,Dog
processed_images/8035.jpg,Dog
processed_images/3160.jpg,Dog
processed_images/11427.jpg,Dog
processed_images/10739.jpg,Dog
processed_images/5511.jpg,Dog
processed_images/3174.jpg,Dog
processed_images/11433.jpg,Dog
processed_images/5505.jpg,Dog
processed_images/1763.jpg,Dog
processed_images/7312.jpg,Dog
processed_images/8021.jpg,Dog
processed_images/7474.jpg,Dog
processed_images/8747.jpg,Dog
processed_images/591.jpg,Dog
processed_images/1005.jpg,Dog
processed_images/9459.jpg,Dog
processed_images/5263.jpg,Dog
processed_images/3612.jpg,Dog
processed_images/11355.jpg,Dog
processed_images/9471.jpg,Dog
processed_images/6742.jpg,Dog
processed_images/10063.jpg,Dog
processed_images/2524.jpg,Dog
processed_images/4155.jpg,Dog
processed_images/4633.jpg,Dog
processed_images/10705.jpg,Dog
processed_images/2242.jpg,Dog
processed_images/9317.jpg,Dog
processed_images/6024.jpg,Dog
processed_images/12112.jpg,Dog
processed_images/1993.jpg,Dog
processed_images/8009.jpg,Dog
processed_images/9303.jpg,Dog
processed_images/6030.jpg,Dog
processed_images/12106.jpg,Dog
processed_images/1987.jpg,Dog
processed_images/4627.jpg,Dog
processed_images/3148.jpg,Dog
processed_images/10711.jpg,Dog
processed_images/2256.jpg,Dog
processed_images/5539.jpg,Dog
processed_images/10077.jpg,Dog
processed_images/2530.jpg,Dog
processed_images/11369.jpg,Dog
processed_images/4141.jpg,Dog
processed_images/7448.jpg,Dog
processed_images/1039.jpg,Dog
processed_images/9465.jpg,Dog
processed_images/6756.jpg,Dog
processed_images/6811.jpg,Dog
processed_images/432.jpg,Dog
processed_images/3969.jpg,Dog
processed_images/11590.jpg,Dog
processed_images/10856.jpg,Dog
processed_images/4960.jpg,Dog
processed_images/354.jpg,Dog
processed_images/1818.jpg,Dog
processed_images/8182.jpg,Dog
processed_images/12099.jpg,Dog
processed_images/340.jpg,Dog
processed_images/9288.jpg,Dog
processed_images/8196.jpg,Dog
processed_images/11584.jpg,Dog
processed_images/10842.jpg,Dog
processed_images/4974.jpg,Dog
processed_images/6805.jpg,Dog
processed_images/8828.jpg,Dog
processed_images/426.jpg,Dog
processed_images/2493.jpg,Dog
processed_images/3955.jpg,Dog
processed_images/8800.jpg,Dog
processed_images/368.jpg,Dog
processed_images/6193.jpg,Dog
processed_images/1824.jpg,Dog
processed_images/4784.jpg,Dog
processed_images/4790.jpg,Dog
processed_images/4948.jpg,Dog
processed_images/6187.jpg,Dog
processed_images/1830.jpg,Dog
processed_images/7299.jpg,Dog
processed_images/6839.jpg,Dog
processed_images/8814.jpg,Dog
processed_images/2487.jpg,Dog
processed_images/3941.jpg,Dog
processed_images/3799.jpg,Dog
processed_images/3772.jpg,Dog
processed_images/11235.jpg,Dog
processed_images/5303.jpg,Dog
processed_images/9539.jpg,Dog
processed_images/1165.jpg,Dog
processed_images/7514.jpg,Dog
processed_images/8627.jpg,Dog
processed_images/7272.jpg,Dog
processed_images/8141.jpg,Dog
processed_images/1603.jpg,Dog
processed_images/397.jpg,Dog
processed_images/5465.jpg,Dog
processed_images/3014.jpg,Dog
processed_images/11553.jpg,Dog
processed_images/10895.jpg,Dog
processed_images/5471.jpg,Dog
processed_images/10659.jpg,Dog
processed_images/3000.jpg,Dog
processed_images/11547.jpg,Dog
processed_images/10881.jpg,Dog
processed_images/7266.jpg,Dog
processed_images/8155.jpg,Dog
processed_images/383.jpg,Dog
processed_images/1617.jpg,Dog
processed_images/6178.jpg,Dog
processed_images/1171.jpg,Dog
processed_images/7500.jpg,Dog
processed_images/8633.jpg,Dog
processed_images/4009.jpg,Dog
processed_images/3766.jpg,Dog
processed_images/11221.jpg,Dog
processed_images/2478.jpg,Dog
processed_images/5317.jpg,Dog
processed_images/9505.jpg,Dog
processed_images/6636.jpg,Dog
processed_images/1159.jpg,Dog
processed_images/7528.jpg,Dog
processed_images/4021.jpg,Dog
processed_images/11209.jpg,Dog
processed_images/10117.jpg,Dog
processed_images/2450.jpg,Dog
processed_images/3996.jpg,Dog
processed_images/5459.jpg,Dog
processed_images/10671.jpg,Dog
processed_images/2336.jpg,Dog
processed_images/3028.jpg,Dog
processed_images/4747.jpg,Dog
processed_images/12066.jpg,Dog
processed_images/9263.jpg,Dog
processed_images/6150.jpg,Dog
processed_images/8169.jpg,Dog
processed_images/12072.jpg,Dog
processed_images/9277.jpg,Dog
processed_images/6144.jpg,Dog
processed_images/10665.jpg,Dog
processed_images/2322.jpg,Dog
processed_images/4753.jpg,Dog
processed_images/4035.jpg,Dog
processed_images/10103.jpg,Dog
processed_images/2444.jpg,Dog
processed_images/3982.jpg,Dog
processed_images/9511.jpg,Dog
processed_images/6622.jpg,Dog
processed_images/8380.jpg,Dog
processed_images/156.jpg,Dog
processed_images/11792.jpg,Dog
processed_images/2875.jpg,Dog
processed_images/630.jpg,Dog
processed_images/9920.jpg,Dog
processed_images/624.jpg,Dog
processed_images/7919.jpg,Dog
processed_images/9934.jpg,Dog
processed_images/2861.jpg,Dog
processed_images/10498.jpg,Dog
processed_images/5868.jpg,Dog
processed_images/11786.jpg,Dog
processed_images/8394.jpg,Dog
processed_images/142.jpg,Dog
processed_images/11976.jpg,Dog
processed_images/5698.jpg,Dog
processed_images/4586.jpg,Dog
processed_images/5840.jpg,Dog
processed_images/6391.jpg,Dog
processed_images/7931.jpg,Dog
processed_images/1398.jpg,Dog
processed_images/94.jpg,Dog
processed_images/2849.jpg,Dog
processed_images/2691.jpg,Dog
processed_images/2685.jpg,Dog
processed_images/7925.jpg,Dog
processed_images/618.jpg,Dog
processed_images/80.jpg,Dog
processed_images/9908.jpg,Dog
processed_images/6385.jpg,Dog
processed_images/11962.jpg,Dog
processed_images/4592.jpg,Dog
processed_images/5854.jpg,Dog
processed_images/4579.jpg,Dog
processed_images/11751.jpg,Dog
processed_images/3216.jpg,Dog
processed_images/2108.jpg,Dog
processed_images/5667.jpg,Dog
processed_images/11989.jpg,Dog
processed_images/195.jpg,Dog
processed_images/1401.jpg,Dog
processed_images/12258.jpg,Dog
processed_images/8343.jpg,Dog
processed_images/7070.jpg,Dog
processed_images/8425.jpg,Dog
processed_images/7716.jpg,Dog
processed_images/1367.jpg,Dog
processed_images/6408.jpg,Dog
processed_images/5101.jpg,Dog
processed_images/10329.jpg,Dog
processed_images/11037.jpg,Dog
processed_images/3570.jpg,Dog
processed_images/5115.jpg,Dog
processed_images/11023.jpg,Dog
processed_images/3564.jpg,Dog
processed_images/8431.jpg,Dog
processed_images/7702.jpg,Dog
processed_images/1373.jpg,Dog
processed_images/9049.jpg,Dog
processed_images/1415.jpg,Dog
processed_images/181.jpg,Dog
processed_images/8357.jpg,Dog
processed_images/7064.jpg,Dog
processed_images/11745.jpg,Dog
processed_images/3202.jpg,Dog
processed_images/5673.jpg,Dog
processed_images/6352.jpg,Dog
processed_images/9061.jpg,Dog
processed_images/12264.jpg,Dog
processed_images/4545.jpg,Dog
processed_images/5883.jpg,Dog
processed_images/5.jpg,Dog
processed_images/2134.jpg,Dog
processed_images/10473.jpg,Dog
processed_images/2652.jpg,Dog
processed_images/10315.jpg,Dog
processed_images/4223.jpg,Dog
processed_images/817.jpg,Dog
processed_images/8419.jpg,Dog
processed_images/57.jpg,Dog
processed_images/6434.jpg,Dog
processed_images/9707.jpg,Dog
processed_images/803.jpg,Dog
processed_images/6420.jpg,Dog
processed_images/43.jpg,Dog
processed_images/9713.jpg,Dog
processed_images/5129.jpg,Dog
processed_images/2646.jpg,Dog
processed_images/10301.jpg,Dog
processed_images/3558.jpg,Dog
processed_images/4237.jpg,Dog
processed_images/4551.jpg,Dog
processed_images/11779.jpg,Dog
processed_images/5897.jpg,Dog
processed_images/2120.jpg,Dog
processed_images/10467.jpg,Dog
processed_images/6346.jpg,Dog
processed_images/9075.jpg,Dog
processed_images/1429.jpg,Dog
processed_images/12270.jpg,Dog
processed_images/7058.jpg,Dog
processed_images/6436.jpg,Dog
processed_images/55.jpg,Dog
processed_images/9705.jpg,Dog
processed_images/1359.jpg,Dog
processed_images/7728.jpg,Dog
processed_images/815.jpg,Dog
processed_images/2888.jpg,Dog
processed_images/4221.jpg,Dog
processed_images/11009.jpg,Dog
processed_images/2650.jpg,Dog
processed_images/10317.jpg,Dog
processed_images/5659.jpg,Dog
processed_images/2136.jpg,Dog
processed_images/10471.jpg,Dog
processed_images/3228.jpg,Dog
processed_images/7.jpg,Dog
processed_images/5881.jpg,Dog
processed_images/4547.jpg,Dog
processed_images/12266.jpg,Dog
processed_images/6350.jpg,Dog
processed_images/9063.jpg,Dog
processed_images/8369.jpg,Dog
processed_images/12272.jpg,Dog
processed_images/6344.jpg,Dog
processed_images/9077.jpg,Dog
processed_images/2122.jpg,Dog
processed_images/10465.jpg,Dog
processed_images/5895.jpg,Dog
processed_images/4553.jpg,Dog
processed_images/4235.jpg,Dog
processed_images/2644.jpg,Dog
processed_images/10303.jpg,Dog
processed_images/41.jpg,Dog
processed_images/6422.jpg,Dog
processed_images/9711.jpg,Dog
processed_images/801.jpg,Dog
processed_images/11035.jpg,Dog
processed_images/3572.jpg,Dog
processed_images/5103.jpg,Dog
processed_images/9739.jpg,Dog
processed_images/69.jpg,Dog
processed_images/1365.jpg,Dog
processed_images/8427.jpg,Dog
processed_images/829.jpg,Dog
processed_images/7714.jpg,Dog
processed_images/8341.jpg,Dog
processed_images/7072.jpg,Dog
processed_images/1403.jpg,Dog
processed_images/197.jpg,Dog
processed_images/5665.jpg,Dog
processed_images/11753.jpg,Dog
processed_images/3214.jpg,Dog
processed_images/5671.jpg,Dog
processed_images/10459.jpg,Dog
processed_images/11747.jpg,Dog
processed_images/3200.jpg,Dog
processed_images/8355.jpg,Dog
processed_images/7066.jpg,Dog
processed_images/183.jpg,Dog
processed_images/1417.jpg,Dog
processed_images/6378.jpg,Dog
processed_images/1371.jpg,Dog
processed_images/8433.jpg,Dog
processed_images/7700.jpg,Dog
processed_images/4209.jpg,Dog
processed_images/11021.jpg,Dog
processed_images/3566.jpg,Dog
processed_images/2678.jpg,Dog
processed_images/5117.jpg,Dog
processed_images/2693.jpg,Dog
processed_images/96.jpg,Dog
processed_images/7933.jpg,Dog
processed_images/168.jpg,Dog
processed_images/6393.jpg,Dog
processed_images/5842.jpg,Dog
processed_images/4584.jpg,Dog
processed_images/11974.jpg,Dog
processed_images/5856.jpg,Dog
processed_images/4590.jpg,Dog
processed_images/11960.jpg,Dog
processed_images/6387.jpg,Dog
processed_images/7099.jpg,Dog
processed_images/82.jpg,Dog
processed_images/7927.jpg,Dog
processed_images/2687.jpg,Dog
processed_images/3599.jpg,Dog
processed_images/9922.jpg,Dog
processed_images/632.jpg,Dog
processed_images/2877.jpg,Dog
processed_images/11790.jpg,Dog
processed_images/11948.jpg,Dog
processed_images/154.jpg,Dog
processed_images/8382.jpg,Dog
processed_images/12299.jpg,Dog
processed_images/140.jpg,Dog
processed_images/9088.jpg,Dog
processed_images/8396.jpg,Dog
processed_images/11784.jpg,Dog
processed_images/2863.jpg,Dog
processed_images/9936.jpg,Dog
processed_images/626.jpg,Dog
processed_images/9261.jpg,Dog
processed_images/6152.jpg,Dog
processed_images/12064.jpg,Dog
processed_images/4745.jpg,Dog
processed_images/10673.jpg,Dog
processed_images/2334.jpg,Dog
processed_images/3994.jpg,Dog
processed_images/10115.jpg,Dog
processed_images/2452.jpg,Dog
processed_images/4023.jpg,Dog
processed_images/8619.jpg,Dog
processed_images/9507.jpg,Dog
processed_images/6634.jpg,Dog
processed_images/9513.jpg,Dog
processed_images/6620.jpg,Dog
processed_images/5329.jpg,Dog
processed_images/3980.jpg,Dog
processed_images/10101.jpg,Dog
processed_images/2446.jpg,Dog
processed_images/3758.jpg,Dog
processed_images/4037.jpg,Dog
processed_images/4751.jpg,Dog
processed_images/11579.jpg,Dog
processed_images/4989.jpg,Dog
processed_images/10667.jpg,Dog
processed_images/2320.jpg,Dog
processed_images/9275.jpg,Dog
processed_images/6146.jpg,Dog
processed_images/1629.jpg,Dog
processed_images/12070.jpg,Dog
processed_images/7258.jpg,Dog
processed_images/10897.jpg,Dog
processed_images/4779.jpg,Dog
processed_images/3016.jpg,Dog
processed_images/11551.jpg,Dog
processed_images/2308.jpg,Dog
processed_images/5467.jpg,Dog
processed_images/395.jpg,Dog
processed_images/1601.jpg,Dog
processed_images/12058.jpg,Dog
processed_images/7270.jpg,Dog
processed_images/8143.jpg,Dog
processed_images/7516.jpg,Dog
processed_images/8625.jpg,Dog
processed_images/1167.jpg,Dog
processed_images/6608.jpg,Dog
processed_images/5301.jpg,Dog
processed_images/10129.jpg,Dog
processed_images/3770.jpg,Dog
processed_images/11237.jpg,Dog
processed_images/5315.jpg,Dog
processed_images/3764.jpg,Dog
processed_images/11223.jpg,Dog
processed_images/7502.jpg,Dog
processed_images/8631.jpg,Dog
processed_images/1173.jpg,Dog
processed_images/9249.jpg,Dog
processed_images/1615.jpg,Dog
processed_images/381.jpg,Dog
processed_images/7264.jpg,Dog
processed_images/8157.jpg,Dog
processed_images/10883.jpg,Dog
processed_images/3002.jpg,Dog
processed_images/11545.jpg,Dog
processed_images/5473.jpg,Dog
processed_images/5498.jpg,Dog
processed_images/4786.jpg,Dog
processed_images/10868.jpg,Dog
processed_images/1826.jpg,Dog
processed_images/6191.jpg,Dog
processed_images/8802.jpg,Dog
processed_images/1198.jpg,Dog
processed_images/3957.jpg,Dog
processed_images/2491.jpg,Dog
processed_images/3943.jpg,Dog
processed_images/2485.jpg,Dog
processed_images/418.jpg,Dog
processed_images/8816.jpg,Dog
processed_images/1832.jpg,Dog
processed_images/6185.jpg,Dog
processed_images/4792.jpg,Dog
processed_images/8180.jpg,Dog
processed_images/356.jpg,Dog
processed_images/4962.jpg,Dog
processed_images/10854.jpg,Dog
processed_images/11592.jpg,Dog
processed_images/430.jpg,Dog
processed_images/6813.jpg,Dog
processed_images/424.jpg,Dog
processed_images/6807.jpg,Dog
processed_images/10698.jpg,Dog
processed_images/4976.jpg,Dog
processed_images/10840.jpg,Dog
processed_images/11586.jpg,Dog
processed_images/8194.jpg,Dog
processed_images/342.jpg,Dog
processed_images/1991.jpg,Dog
processed_images/7338.jpg,Dog
processed_images/12110.jpg,Dog
processed_images/1749.jpg,Dog
processed_images/9315.jpg,Dog
processed_images/6026.jpg,Dog
processed_images/10707.jpg,Dog
processed_images/2240.jpg,Dog
processed_images/11419.jpg,Dog
processed_images/4631.jpg,Dog
processed_images/4157.jpg,Dog
processed_images/3638.jpg,Dog
processed_images/10061.jpg,Dog
processed_images/2526.jpg,Dog
processed_images/5249.jpg,Dog
processed_images/9473.jpg,Dog
processed_images/6740.jpg,Dog
processed_images/6998.jpg,Dog
processed_images/9467.jpg,Dog
processed_images/6754.jpg,Dog
processed_images/8779.jpg,Dog
processed_images/4143.jpg,Dog
processed_images/10075.jpg,Dog
processed_images/2532.jpg,Dog
processed_images/10713.jpg,Dog
processed_images/2254.jpg,Dog
processed_images/4625.jpg,Dog
processed_images/1985.jpg,Dog
processed_images/12104.jpg,Dog
processed_images/9301.jpg,Dog
processed_images/6032.jpg,Dog
processed_images/5513.jpg,Dog
processed_images/3162.jpg,Dog
processed_images/11425.jpg,Dog
processed_images/7304.jpg,Dog
processed_images/8037.jpg,Dog
processed_images/1775.jpg,Dog
processed_images/9329.jpg,Dog
processed_images/8989.jpg,Dog
processed_images/587.jpg,Dog
processed_images/1013.jpg,Dog
processed_images/7462.jpg,Dog
processed_images/8751.jpg,Dog
processed_images/3604.jpg,Dog
processed_images/11343.jpg,Dog
processed_images/5275.jpg,Dog
processed_images/3610.jpg,Dog
processed_images/11357.jpg,Dog
processed_images/10049.jpg,Dog
processed_images/5261.jpg,Dog
processed_images/6768.jpg,Dog
processed_images/1007.jpg,Dog
processed_images/593.jpg,Dog
processed_images/7476.jpg,Dog
processed_images/8745.jpg,Dog
processed_images/7310.jpg,Dog
processed_images/8023.jpg,Dog
processed_images/12138.jpg,Dog
processed_images/1761.jpg,Dog
processed_images/5507.jpg,Dog
processed_images/2268.jpg,Dog
processed_images/3176.jpg,Dog
processed_images/11431.jpg,Dog
processed_images/4619.jpg,Dog
processed_images/2283.jpg,Dog
processed_images/1952.jpg,Dog
processed_images/6783.jpg,Dog
processed_images/578.jpg,Dog
processed_images/8976.jpg,Dog
processed_images/3823.jpg,Dog
processed_images/4194.jpg,Dog
processed_images/3837.jpg,Dog
processed_images/4180.jpg,Dog
processed_images/7489.jpg,Dog
processed_images/6797.jpg,Dog
processed_images/8962.jpg,Dog
processed_images/1946.jpg,Dog
processed_images/3189.jpg,Dog
processed_images/10908.jpg,Dog
processed_images/2297.jpg,Dog
processed_images/222.jpg,Dog
processed_images/10920.jpg,Dog
processed_images/4816.jpg,Dog
processed_images/11380.jpg,Dog
processed_images/6967.jpg,Dog
processed_images/8792.jpg,Dog
processed_images/544.jpg,Dog
processed_images/6973.jpg,Dog
processed_images/8786.jpg,Dog
processed_images/9498.jpg,Dog
processed_images/550.jpg,Dog
processed_images/11394.jpg,Dog
processed_images/10934.jpg,Dog
processed_images/4802.jpg,Dog
processed_images/236.jpg,Dog
processed_images/961.jpg,Dog
processed_images/12474.jpg,Dog
processed_images/7884.jpg,Dog
processed_images/6542.jpg,Dog
processed_images/9671.jpg,Dog
processed_images/2724.jpg,Dog
processed_images/10263.jpg,Dog
processed_images/4355.jpg,Dog
processed_images/4433.jpg,Dog
processed_images/2042.jpg,Dog
processed_images/10505.jpg,Dog
processed_images/6224.jpg,Dog
processed_images/9117.jpg,Dog
processed_images/12312.jpg,Dog
processed_images/8209.jpg,Dog
processed_images/6230.jpg,Dog
processed_images/9103.jpg,Dog
processed_images/12306.jpg,Dog
processed_images/4427.jpg,Dog
processed_images/3348.jpg,Dog
processed_images/2056.jpg,Dog
processed_images/10511.jpg,Dog
processed_images/5739.jpg,Dog
processed_images/2730.jpg,Dog
processed_images/10277.jpg,Dog
processed_images/11169.jpg,Dog
processed_images/4341.jpg,Dog
processed_images/7648.jpg,Dog
processed_images/975.jpg,Dog
processed_images/12460.jpg,Dog
processed_images/7890.jpg,Dog
processed_images/1239.jpg,Dog
processed_images/6556.jpg,Dog
processed_images/9665.jpg,Dog
processed_images/5077.jpg,Dog
processed_images/2718.jpg,Dog
processed_images/11141.jpg,Dog
processed_images/3406.jpg,Dog
processed_images/4369.jpg,Dog
processed_images/8553.jpg,Dog
processed_images/7660.jpg,Dog
processed_images/9895.jpg,Dog
processed_images/12448.jpg,Dog
processed_images/1211.jpg,Dog
processed_images/785.jpg,Dog
processed_images/6218.jpg,Dog
processed_images/1577.jpg,Dog
processed_images/8235.jpg,Dog
processed_images/7106.jpg,Dog
processed_images/11627.jpg,Dog
processed_images/3360.jpg,Dog
processed_images/10539.jpg,Dog
processed_images/5711.jpg,Dog
processed_images/11633.jpg,Dog
processed_images/3374.jpg,Dog
processed_images/5705.jpg,Dog
processed_images/1563.jpg,Dog
processed_images/8221.jpg,Dog
processed_images/7112.jpg,Dog
processed_images/8547.jpg,Dog
processed_images/949.jpg,Dog
processed_images/7674.jpg,Dog
processed_images/9881.jpg,Dog
processed_images/791.jpg,Dog
processed_images/1205.jpg,Dog
processed_images/9659.jpg,Dog
processed_images/5063.jpg,Dog
processed_images/11155.jpg,Dog
processed_images/3412.jpg,Dog
processed_images/4396.jpg,Dog
processed_images/5088.jpg,Dog
processed_images/7847.jpg,Dog
processed_images/6581.jpg,Dog
processed_images/1588.jpg,Dog
processed_images/2081.jpg,Dog
processed_images/11800.jpg,Dog
processed_images/5936.jpg,Dog
processed_images/2095.jpg,Dog
processed_images/11814.jpg,Dog
processed_images/5922.jpg,Dog
processed_images/7853.jpg,Dog
processed_images/6595.jpg,Dog
processed_images/4382.jpg,Dog
processed_images/746.jpg,Dog
processed_images/8590.jpg,Dog
processed_images/9856.jpg,Dog
processed_images/11182.jpg,Dog
processed_images/2903.jpg,Dog
processed_images/11828.jpg,Dog
processed_images/11196.jpg,Dog
processed_images/2917.jpg,Dog
processed_images/10288.jpg,Dog
processed_images/752.jpg,Dog
processed_images/8584.jpg,Dog
processed_images/9842.jpg,Dog
processed_images/11829.jpg,Dog
processed_images/9843.jpg,Dog
processed_images/8585.jpg,Dog
processed_images/753.jpg,Dog
processed_images/10289.jpg,Dog
processed_images/2916.jpg,Dog
processed_images/11197.jpg,Dog
processed_images/2902.jpg,Dog
processed_images/11183.jpg,Dog
processed_images/9857.jpg,Dog
processed_images/8591.jpg,Dog
processed_images/747.jpg,Dog
processed_images/5923.jpg,Dog
processed_images/11815.jpg,Dog
processed_images/2094.jpg,Dog
processed_images/4383.jpg,Dog
processed_images/6594.jpg,Dog
processed_images/7852.jpg,Dog
processed_images/6580.jpg,Dog
processed_images/7846.jpg,Dog
processed_images/5089.jpg,Dog
processed_images/4397.jpg,Dog
processed_images/5937.jpg,Dog
processed_images/11801.jpg,Dog
processed_images/2080.jpg,Dog
processed_images/1589.jpg,Dog
processed_images/7113.jpg,Dog
processed_images/8220.jpg,Dog
processed_images/1562.jpg,Dog
processed_images/5704.jpg,Dog
processed_images/3375.jpg,Dog
processed_images/11632.jpg,Dog
processed_images/3413.jpg,Dog
processed_images/11154.jpg,Dog
processed_images/5062.jpg,Dog
processed_images/9658.jpg,Dog
processed_images/1204.jpg,Dog
processed_images/790.jpg,Dog
processed_images/9880.jpg,Dog
processed_images/7675.jpg,Dog
processed_images/8546.jpg,Dog
processed_images/948.jpg,Dog
processed_images/784.jpg,Dog
processed_images/1210.jpg,Dog
processed_images/12449.jpg,Dog
processed_images/9894.jpg,Dog
processed_images/7661.jpg,Dog
processed_images/8552.jpg,Dog
processed_images/4368.jpg,Dog
processed_images/3407.jpg,Dog
processed_images/11140.jpg,Dog
processed_images/2719.jpg,Dog
processed_images/5076.jpg,Dog
processed_images/5710.jpg,Dog
processed_images/10538.jpg,Dog
processed_images/3361.jpg,Dog
processed_images/11626.jpg,Dog
processed_images/7107.jpg,Dog
processed_images/8234.jpg,Dog
processed_images/1576.jpg,Dog
processed_images/6219.jpg,Dog
processed_images/5738.jpg,Dog
processed_images/10510.jpg,Dog
processed_images/2057.jpg,Dog
processed_images/3349.jpg,Dog
processed_images/4426.jpg,Dog
processed_images/12307.jpg,Dog
processed_images/9102.jpg,Dog
processed_images/6231.jpg,Dog
processed_images/9664.jpg,Dog
processed_images/6557.jpg,Dog
processed_images/1238.jpg,Dog
processed_images/7891.jpg,Dog
processed_images/12461.jpg,Dog
processed_images/974.jpg,Dog
processed_images/7649.jpg,Dog
processed_images/4340.jpg,Dog
processed_images/11168.jpg,Dog
processed_images/10276.jpg,Dog
processed_images/2731.jpg,Dog
processed_images/4354.jpg,Dog
processed_images/10262.jpg,Dog
processed_images/2725.jpg,Dog
processed_images/9670.jpg,Dog
processed_images/6543.jpg,Dog
processed_images/7885.jpg,Dog
processed_images/12475.jpg,Dog
processed_images/960.jpg,Dog
processed_images/8208.jpg,Dog
processed_images/12313.jpg,Dog
processed_images/9116.jpg,Dog
processed_images/6225.jpg,Dog
processed_images/10504.jpg,Dog
processed_images/2043.jpg,Dog
processed_images/4432.jpg,Dog
processed_images/11395.jpg,Dog
processed_images/551.jpg,Dog
processed_images/9499.jpg,Dog
processed_images/8787.jpg,Dog
processed_images/6972.jpg,Dog
processed_images/237.jpg,Dog
processed_images/4803.jpg,Dog
processed_images/10935.jpg,Dog
processed_images/4817.jpg,Dog
processed_images/10921.jpg,Dog
processed_images/223.jpg,Dog
processed_images/545.jpg,Dog
processed_images/8793.jpg,Dog
processed_images/6966.jpg,Dog
processed_images/11381.jpg,Dog
processed_images/8963.jpg,Dog
processed_images/6796.jpg,Dog
processed_images/7488.jpg,Dog
processed_images/4181.jpg,Dog
processed_images/3836.jpg,Dog
processed_images/2296.jpg,Dog
processed_images/10909.jpg,Dog
processed_images/3188.jpg,Dog
processed_images/1947.jpg,Dog
processed_images/1953.jpg,Dog
processed_images/2282.jpg,Dog
processed_images/4195.jpg,Dog
processed_images/3822.jpg,Dog
processed_images/579.jpg,Dog
processed_images/8977.jpg,Dog
processed_images/6782.jpg,Dog
processed_images/8744.jpg,Dog
processed_images/7477.jpg,Dog
processed_images/592.jpg,Dog
processed_images/1006.jpg,Dog
processed_images/6769.jpg,Dog
processed_images/5260.jpg,Dog
processed_images/10048.jpg,Dog
processed_images/11356.jpg,Dog
processed_images/3611.jpg,Dog
processed_images/4618.jpg,Dog
processed_images/11430.jpg,Dog
processed_images/3177.jpg,Dog
processed_images/2269.jpg,Dog
processed_images/5506.jpg,Dog
processed_images/1760.jpg,Dog
processed_images/12139.jpg,Dog
processed_images/8022.jpg,Dog
processed_images/7311.jpg,Dog
processed_images/9328.jpg,Dog
processed_images/1774.jpg,Dog
processed_images/8036.jpg,Dog
processed_images/7305.jpg,Dog
processed_images/11424.jpg,Dog
processed_images/3163.jpg,Dog
processed_images/5512.jpg,Dog
processed_images/5274.jpg,Dog
processed_images/11342.jpg,Dog
processed_images/3605.jpg,Dog
processed_images/8750.jpg,Dog
processed_images/7463.jpg,Dog
processed_images/8988.jpg,Dog
processed_images/1012.jpg,Dog
processed_images/586.jpg,Dog
processed_images/2533.jpg,Dog
processed_images/10074.jpg,Dog
processed_images/4142.jpg,Dog
processed_images/8778.jpg,Dog
processed_images/6755.jpg,Dog
processed_images/9466.jpg,Dog
processed_images/6033.jpg,Dog
processed_images/9300.jpg,Dog
processed_images/12105.jpg,Dog
processed_images/1984.jpg,Dog
processed_images/4624.jpg,Dog
processed_images/2255.jpg,Dog
processed_images/10712.jpg,Dog
processed_images/4630.jpg,Dog
processed_images/11418.jpg,Dog
processed_images/2241.jpg,Dog
processed_images/10706.jpg,Dog
processed_images/6027.jpg,Dog
processed_images/9314.jpg,Dog
processed_images/1748.jpg,Dog
processed_images/12111.jpg,Dog
processed_images/7339.jpg,Dog
processed_images/1990.jpg,Dog
processed_images/6999.jpg,Dog
processed_images/6741.jpg,Dog
processed_images/9472.jpg,Dog
processed_images/5248.jpg,Dog
processed_images/2527.jpg,Dog
processed_images/10060.jpg,Dog
processed_images/3639.jpg,Dog
processed_images/4156.jpg,Dog
processed_images/6806.jpg,Dog
processed_images/425.jpg,Dog
processed_images/343.jpg,Dog
processed_images/8195.jpg,Dog
processed_images/11587.jpg,Dog
processed_images/10841.jpg,Dog
processed_images/10699.jpg,Dog
processed_images/4977.jpg,Dog
processed_images/11593.jpg,Dog
processed_images/10855.jpg,Dog
processed_images/4963.jpg,Dog
processed_images/357.jpg,Dog
processed_images/8181.jpg,Dog
processed_images/6812.jpg,Dog
processed_images/431.jpg,Dog
processed_images/419.jpg,Dog
processed_images/8817.jpg,Dog
processed_images/2484.jpg,Dog
processed_images/3942.jpg,Dog
processed_images/4793.jpg,Dog
processed_images/6184.jpg,Dog
processed_images/1833.jpg,Dog
processed_images/6190.jpg,Dog
processed_images/1827.jpg,Dog
processed_images/4787.jpg,Dog
processed_images/10869.jpg,Dog
processed_images/5499.jpg,Dog
processed_images/2490.jpg,Dog
processed_images/3956.jpg,Dog
processed_images/8803.jpg,Dog
processed_images/1199.jpg,Dog
processed_images/1172.jpg,Dog
processed_images/8630.jpg,Dog
processed_images/7503.jpg,Dog
processed_images/11222.jpg,Dog
processed_images/3765.jpg,Dog
processed_images/5314.jpg,Dog
processed_images/5472.jpg,Dog
processed_images/11544.jpg,Dog
processed_images/3003.jpg,Dog
processed_images/10882.jpg,Dog
processed_images/8156.jpg,Dog
processed_images/7265.jpg,Dog
processed_images/380.jpg,Dog
processed_images/1614.jpg,Dog
processed_images/9248.jpg,Dog
processed_images/8142.jpg,Dog
processed_images/7271.jpg,Dog
processed_images/12059.jpg,Dog
processed_images/1600.jpg,Dog
processed_images/394.jpg,Dog
processed_images/5466.jpg,Dog
processed_images/2309.jpg,Dog
processed_images/11550.jpg,Dog
processed_images/3017.jpg,Dog
processed_images/10896.jpg,Dog
processed_images/4778.jpg,Dog
processed_images/11236.jpg,Dog
processed_images/3771.jpg,Dog
processed_images/10128.jpg,Dog
processed_images/5300.jpg,Dog
processed_images/6609.jpg,Dog
processed_images/1166.jpg,Dog
processed_images/8624.jpg,Dog
processed_images/7517.jpg,Dog
processed_images/4036.jpg,Dog
processed_images/3759.jpg,Dog
processed_images/2447.jpg,Dog
processed_images/10100.jpg,Dog
processed_images/3981.jpg,Dog
processed_images/5328.jpg,Dog
processed_images/6621.jpg,Dog
processed_images/9512.jpg,Dog
processed_images/7259.jpg,Dog
processed_images/12071.jpg,Dog
processed_images/1628.jpg,Dog
processed_images/6147.jpg,Dog
processed_images/9274.jpg,Dog
processed_images/2321.jpg,Dog
processed_images/4988.jpg,Dog
processed_images/10666.jpg,Dog
processed_images/11578.jpg,Dog
processed_images/4750.jpg,Dog
processed_images/2335.jpg,Dog
processed_images/10672.jpg,Dog
processed_images/4744.jpg,Dog
processed_images/12065.jpg,Dog
processed_images/6153.jpg,Dog
processed_images/9260.jpg,Dog
processed_images/6635.jpg,Dog
processed_images/9506.jpg,Dog
processed_images/8618.jpg,Dog
processed_images/4022.jpg,Dog
processed_images/2453.jpg,Dog
processed_images/10114.jpg,Dog
processed_images/3995.jpg,Dog
processed_images/11785.jpg,Dog
processed_images/8397.jpg,Dog
processed_images/9089.jpg,Dog
processed_images/141.jpg,Dog
processed_images/627.jpg,Dog
processed_images/9937.jpg,Dog
processed_images/2862.jpg,Dog
processed_images/2876.jpg,Dog
processed_images/633.jpg,Dog
processed_images/9923.jpg,Dog
processed_images/12298.jpg,Dog
processed_images/8383.jpg,Dog
processed_images/155.jpg,Dog
processed_images/11949.jpg,Dog
processed_images/11791.jpg,Dog
processed_images/7098.jpg,Dog
processed_images/6386.jpg,Dog
processed_images/11961.jpg,Dog
processed_images/4591.jpg,Dog
processed_images/5857.jpg,Dog
processed_images/3598.jpg,Dog
processed_images/2686.jpg,Dog
processed_images/7926.jpg,Dog
processed_images/83.jpg,Dog
processed_images/7932.jpg,Dog
processed_images/97.jpg,Dog
processed_images/2692.jpg,Dog
processed_images/11975.jpg,Dog
processed_images/4585.jpg,Dog
processed_images/5843.jpg,Dog
processed_images/6392.jpg,Dog
processed_images/169.jpg,Dog
processed_images/6379.jpg,Dog
processed_images/1416.jpg,Dog
processed_images/182.jpg,Dog
processed_images/7067.jpg,Dog
processed_images/8354.jpg,Dog
processed_images/3201.jpg,Dog
processed_images/11746.jpg,Dog
processed_images/10458.jpg,Dog
processed_images/5670.jpg,Dog
processed_images/5116.jpg,Dog
processed_images/2679.jpg,Dog
processed_images/3567.jpg,Dog
processed_images/11020.jpg,Dog
processed_images/4208.jpg,Dog
processed_images/7701.jpg,Dog
processed_images/8432.jpg,Dog
processed_images/1370.jpg,Dog
processed_images/7715.jpg,Dog
processed_images/8426.jpg,Dog
processed_images/828.jpg,Dog
processed_images/1364.jpg,Dog
processed_images/68.jpg,Dog
processed_images/9738.jpg,Dog
processed_images/5102.jpg,Dog
processed_images/3573.jpg,Dog
processed_images/11034.jpg,Dog
processed_images/3215.jpg,Dog
processed_images/11752.jpg,Dog
processed_images/5664.jpg,Dog
processed_images/196.jpg,Dog
processed_images/1402.jpg,Dog
processed_images/7073.jpg,Dog
processed_images/8340.jpg,Dog
processed_images/4552.jpg,Dog
processed_images/5894.jpg,Dog
processed_images/10464.jpg,Dog
processed_images/2123.jpg,Dog
processed_images/9076.jpg,Dog
processed_images/6345.jpg,Dog
processed_images/12273.jpg,Dog
processed_images/8368.jpg,Dog
processed_images/800.jpg,Dog
processed_images/9710.jpg,Dog
processed_images/40.jpg,Dog
processed_images/6423.jpg,Dog
processed_images/10302.jpg,Dog
processed_images/2645.jpg,Dog
processed_images/4234.jpg,Dog
processed_images/10316.jpg,Dog
processed_images/2651.jpg,Dog
processed_images/11008.jpg,Dog
processed_images/4220.jpg,Dog
processed_images/2889.jpg,Dog
processed_images/814.jpg,Dog
processed_images/7729.jpg,Dog
processed_images/1358.jpg,Dog
processed_images/9704.jpg,Dog
processed_images/6437.jpg,Dog
processed_images/54.jpg,Dog
processed_images/9062.jpg,Dog
processed_images/6351.jpg,Dog
processed_images/12267.jpg,Dog
processed_images/4546.jpg,Dog
processed_images/5880.jpg,Dog
processed_images/6.jpg,Dog
processed_images/3229.jpg,Dog
processed_images/10470.jpg,Dog
processed_images/2137.jpg,Dog
processed_images/5658.jpg,Dog
processed_images/8344.jpg,Dog
processed_images/7077.jpg,Dog
processed_images/6369.jpg,Dog
processed_images/1406.jpg,Dog
processed_images/192.jpg,Dog
processed_images/10448.jpg,Dog
processed_images/5660.jpg,Dog
processed_images/11756.jpg,Dog
processed_images/3211.jpg,Dog
processed_images/11030.jpg,Dog
processed_images/3577.jpg,Dog
processed_images/4218.jpg,Dog
processed_images/5106.jpg,Dog
processed_images/2669.jpg,Dog
processed_images/1360.jpg,Dog
processed_images/8422.jpg,Dog
processed_images/7711.jpg,Dog
processed_images/1374.jpg,Dog
processed_images/9728.jpg,Dog
processed_images/78.jpg,Dog
processed_images/8436.jpg,Dog
processed_images/838.jpg,Dog
processed_images/7705.jpg,Dog
processed_images/11024.jpg,Dog
processed_images/3563.jpg,Dog
processed_images/5112.jpg,Dog
processed_images/5674.jpg,Dog
processed_images/11742.jpg,Dog
processed_images/3205.jpg,Dog
processed_images/8350.jpg,Dog
processed_images/7063.jpg,Dog
processed_images/186.jpg,Dog
processed_images/1412.jpg,Dog
processed_images/2133.jpg,Dog
processed_images/10474.jpg,Dog
processed_images/4542.jpg,Dog
processed_images/2.jpg,Dog
processed_images/5884.jpg,Dog
processed_images/12263.jpg,Dog
processed_images/8378.jpg,Dog
processed_images/6355.jpg,Dog
processed_images/9066.jpg,Dog
processed_images/50.jpg,Dog
processed_images/6433.jpg,Dog
processed_images/9700.jpg,Dog
processed_images/810.jpg,Dog
processed_images/4224.jpg,Dog
processed_images/2655.jpg,Dog
processed_images/10312.jpg,Dog
processed_images/11018.jpg,Dog
processed_images/2899.jpg,Dog
processed_images/4230.jpg,Dog
processed_images/2641.jpg,Dog
processed_images/10306.jpg,Dog
processed_images/1348.jpg,Dog
processed_images/6427.jpg,Dog
processed_images/44.jpg,Dog
processed_images/9714.jpg,Dog
processed_images/7739.jpg,Dog
processed_images/804.jpg,Dog
processed_images/12277.jpg,Dog
processed_images/6341.jpg,Dog
processed_images/9072.jpg,Dog
processed_images/2127.jpg,Dog
processed_images/10460.jpg,Dog
processed_images/5648.jpg,Dog
processed_images/4556.jpg,Dog
processed_images/3239.jpg,Dog
processed_images/5890.jpg,Dog
processed_images/11795.jpg,Dog
processed_images/9099.jpg,Dog
processed_images/151.jpg,Dog
processed_images/8387.jpg,Dog
processed_images/9927.jpg,Dog
processed_images/637.jpg,Dog
processed_images/2872.jpg,Dog
processed_images/2866.jpg,Dog
processed_images/9933.jpg,Dog
processed_images/623.jpg,Dog
processed_images/145.jpg,Dog
processed_images/12288.jpg,Dog
processed_images/8393.jpg,Dog
processed_images/11781.jpg,Dog
processed_images/11959.jpg,Dog
processed_images/6396.jpg,Dog
processed_images/7088.jpg,Dog
processed_images/4581.jpg,Dog
processed_images/5847.jpg,Dog
processed_images/11971.jpg,Dog
processed_images/2696.jpg,Dog
processed_images/3588.jpg,Dog
processed_images/7936.jpg,Dog
processed_images/93.jpg,Dog
processed_images/7922.jpg,Dog
processed_images/87.jpg,Dog
processed_images/2682.jpg,Dog
processed_images/4595.jpg,Dog
processed_images/5853.jpg,Dog
processed_images/11965.jpg,Dog
processed_images/6382.jpg,Dog
processed_images/179.jpg,Dog
processed_images/7513.jpg,Dog
processed_images/8620.jpg,Dog
processed_images/1162.jpg,Dog
processed_images/5304.jpg,Dog
processed_images/3775.jpg,Dog
processed_images/11232.jpg,Dog
processed_images/3013.jpg,Dog
processed_images/11554.jpg,Dog
processed_images/10892.jpg,Dog
processed_images/5462.jpg,Dog
processed_images/390.jpg,Dog
processed_images/1604.jpg,Dog
processed_images/9258.jpg,Dog
processed_images/7275.jpg,Dog
processed_images/8146.jpg,Dog
processed_images/1610.jpg,Dog
processed_images/384.jpg,Dog
processed_images/7261.jpg,Dog
processed_images/8152.jpg,Dog
processed_images/12049.jpg,Dog
processed_images/3007.jpg,Dog
processed_images/11540.jpg,Dog
processed_images/10886.jpg,Dog
processed_images/4768.jpg,Dog
processed_images/5476.jpg,Dog
processed_images/2319.jpg,Dog
processed_images/10138.jpg,Dog
processed_images/5310.jpg,Dog
processed_images/3761.jpg,Dog
processed_images/11226.jpg,Dog
processed_images/7507.jpg,Dog
processed_images/8634.jpg,Dog
processed_images/6619.jpg,Dog
processed_images/1176.jpg,Dog
processed_images/10110.jpg,Dog
processed_images/2457.jpg,Dog
processed_images/5338.jpg,Dog
processed_images/3991.jpg,Dog
processed_images/4026.jpg,Dog
processed_images/3749.jpg,Dog
processed_images/9502.jpg,Dog
processed_images/6631.jpg,Dog
processed_images/1638.jpg,Dog
processed_images/9264.jpg,Dog
processed_images/6157.jpg,Dog
processed_images/7249.jpg,Dog
processed_images/12061.jpg,Dog
processed_images/11568.jpg,Dog
processed_images/4740.jpg,Dog
processed_images/4998.jpg,Dog
processed_images/10676.jpg,Dog
processed_images/2331.jpg,Dog
processed_images/4754.jpg,Dog
processed_images/10662.jpg,Dog
processed_images/2325.jpg,Dog
processed_images/9270.jpg,Dog
processed_images/6143.jpg,Dog
processed_images/12075.jpg,Dog
processed_images/8608.jpg,Dog
processed_images/9516.jpg,Dog
processed_images/6625.jpg,Dog
processed_images/10104.jpg,Dog
processed_images/2443.jpg,Dog
processed_images/3985.jpg,Dog
processed_images/4032.jpg,Dog
processed_images/435.jpg,Dog
processed_images/6816.jpg,Dog
processed_images/8185.jpg,Dog
processed_images/353.jpg,Dog
processed_images/10689.jpg,Dog
processed_images/4967.jpg,Dog
processed_images/11597.jpg,Dog
processed_images/10851.jpg,Dog
processed_images/4973.jpg,Dog
processed_images/11583.jpg,Dog
processed_images/10845.jpg,Dog
processed_images/8191.jpg,Dog
processed_images/347.jpg,Dog
processed_images/421.jpg,Dog
processed_images/6802.jpg,Dog
processed_images/409.jpg,Dog
processed_images/8807.jpg,Dog
processed_images/2494.jpg,Dog
processed_images/3952.jpg,Dog
processed_images/4783.jpg,Dog
processed_images/1823.jpg,Dog
processed_images/6194.jpg,Dog
processed_images/1837.jpg,Dog
processed_images/6180.jpg,Dog
processed_images/5489.jpg,Dog
processed_images/4797.jpg,Dog
processed_images/10879.jpg,Dog
processed_images/2480.jpg,Dog
processed_images/3946.jpg,Dog
processed_images/8813.jpg,Dog
processed_images/1189.jpg,Dog
processed_images/582.jpg,Dog
processed_images/1016.jpg,Dog
processed_images/6779.jpg,Dog
processed_images/7467.jpg,Dog
processed_images/8754.jpg,Dog
processed_images/3601.jpg,Dog
processed_images/11346.jpg,Dog
processed_images/5270.jpg,Dog
processed_images/10058.jpg,Dog
processed_images/2279.jpg,Dog
processed_images/5516.jpg,Dog
processed_images/4608.jpg,Dog
processed_images/3167.jpg,Dog
processed_images/11420.jpg,Dog
processed_images/12129.jpg,Dog
processed_images/7301.jpg,Dog
processed_images/8032.jpg,Dog
processed_images/1770.jpg,Dog
processed_images/7315.jpg,Dog
processed_images/8026.jpg,Dog
processed_images/9338.jpg,Dog
processed_images/1764.jpg,Dog
processed_images/5502.jpg,Dog
processed_images/3173.jpg,Dog
processed_images/11434.jpg,Dog
processed_images/3615.jpg,Dog
processed_images/11352.jpg,Dog
processed_images/5264.jpg,Dog
processed_images/8998.jpg,Dog
processed_images/1002.jpg,Dog
processed_images/596.jpg,Dog
processed_images/7473.jpg,Dog
processed_images/8740.jpg,Dog
processed_images/4152.jpg,Dog
processed_images/10064.jpg,Dog
processed_images/2523.jpg,Dog
processed_images/9476.jpg,Dog
processed_images/6745.jpg,Dog
processed_images/8768.jpg,Dog
processed_images/12115.jpg,Dog
processed_images/1994.jpg,Dog
processed_images/9310.jpg,Dog
processed_images/6023.jpg,Dog
processed_images/10702.jpg,Dog
processed_images/2245.jpg,Dog
processed_images/4634.jpg,Dog
processed_images/10716.jpg,Dog
processed_images/2251.jpg,Dog
processed_images/4620.jpg,Dog
processed_images/11408.jpg,Dog
processed_images/12101.jpg,Dog
processed_images/1980.jpg,Dog
processed_images/7329.jpg,Dog
processed_images/9304.jpg,Dog
processed_images/6037.jpg,Dog
processed_images/1758.jpg,Dog
processed_images/9462.jpg,Dog
processed_images/6751.jpg,Dog
processed_images/6989.jpg,Dog
processed_images/3629.jpg,Dog
processed_images/4146.jpg,Dog
processed_images/5258.jpg,Dog
processed_images/10070.jpg,Dog
processed_images/2537.jpg,Dog
processed_images/11385.jpg,Dog
processed_images/8797.jpg,Dog
processed_images/6962.jpg,Dog
processed_images/541.jpg,Dog
processed_images/9489.jpg,Dog
processed_images/227.jpg,Dog
processed_images/10925.jpg,Dog
processed_images/4813.jpg,Dog
processed_images/10931.jpg,Dog
processed_images/4807.jpg,Dog
processed_images/233.jpg,Dog
processed_images/8783.jpg,Dog
processed_images/6976.jpg,Dog
processed_images/555.jpg,Dog
processed_images/11391.jpg,Dog
processed_images/7498.jpg,Dog
processed_images/8973.jpg,Dog
processed_images/6786.jpg,Dog
processed_images/3826.jpg,Dog
processed_images/4191.jpg,Dog
processed_images/10919.jpg,Dog
processed_images/3198.jpg,Dog
processed_images/2286.jpg,Dog
processed_images/1957.jpg,Dog
processed_images/1943.jpg,Dog
processed_images/2292.jpg,Dog
processed_images/3832.jpg,Dog
processed_images/4185.jpg,Dog
processed_images/569.jpg,Dog
processed_images/8967.jpg,Dog
processed_images/6792.jpg,Dog
processed_images/1572.jpg,Dog
processed_images/8230.jpg,Dog
processed_images/7103.jpg,Dog
processed_images/11622.jpg,Dog
processed_images/3365.jpg,Dog
processed_images/5714.jpg,Dog
processed_images/5072.jpg,Dog
processed_images/11144.jpg,Dog
processed_images/3403.jpg,Dog
processed_images/9890.jpg,Dog
processed_images/8556.jpg,Dog
processed_images/958.jpg,Dog
processed_images/7665.jpg,Dog
processed_images/9648.jpg,Dog
processed_images/1214.jpg,Dog
processed_images/780.jpg,Dog
processed_images/9884.jpg,Dog
processed_images/12459.jpg,Dog
processed_images/8542.jpg,Dog
processed_images/7671.jpg,Dog
processed_images/794.jpg,Dog
processed_images/1200.jpg,Dog
processed_images/2709.jpg,Dog
processed_images/5066.jpg,Dog
processed_images/4378.jpg,Dog
processed_images/11150.jpg,Dog
processed_images/3417.jpg,Dog
processed_images/11636.jpg,Dog
processed_images/3371.jpg,Dog
processed_images/5700.jpg,Dog
processed_images/10528.jpg,Dog
processed_images/1566.jpg,Dog
processed_images/6209.jpg,Dog
processed_images/8224.jpg,Dog
processed_images/7117.jpg,Dog
processed_images/3359.jpg,Dog
processed_images/4436.jpg,Dog
processed_images/5728.jpg,Dog
processed_images/2047.jpg,Dog
processed_images/10500.jpg,Dog
processed_images/6221.jpg,Dog
processed_images/9112.jpg,Dog
processed_images/12317.jpg,Dog
processed_images/12471.jpg,Dog
processed_images/7659.jpg,Dog
processed_images/964.jpg,Dog
processed_images/6547.jpg,Dog
processed_images/9674.jpg,Dog
processed_images/7881.jpg,Dog
processed_images/1228.jpg,Dog
processed_images/2721.jpg,Dog
processed_images/10266.jpg,Dog
processed_images/4350.jpg,Dog
processed_images/11178.jpg,Dog
processed_images/2735.jpg,Dog
processed_images/10272.jpg,Dog
processed_images/4344.jpg,Dog
processed_images/12465.jpg,Dog
processed_images/970.jpg,Dog
processed_images/6553.jpg,Dog
processed_images/9660.jpg,Dog
processed_images/7895.jpg,Dog
processed_images/6235.jpg,Dog
processed_images/9106.jpg,Dog
processed_images/8218.jpg,Dog
processed_images/12303.jpg,Dog
processed_images/4422.jpg,Dog
processed_images/2053.jpg,Dog
processed_images/10514.jpg,Dog
processed_images/11839.jpg,Dog
processed_images/743.jpg,Dog
processed_images/9853.jpg,Dog
processed_images/8595.jpg,Dog
processed_images/2906.jpg,Dog
processed_images/11187.jpg,Dog
processed_images/10299.jpg,Dog
processed_images/2912.jpg,Dog
processed_images/11193.jpg,Dog
processed_images/757.jpg,Dog
processed_images/9847.jpg,Dog
processed_images/8581.jpg,Dog
processed_images/11805.jpg,Dog
processed_images/2084.jpg,Dog
processed_images/5933.jpg,Dog
processed_images/4393.jpg,Dog
processed_images/6584.jpg,Dog
processed_images/7842.jpg,Dog
processed_images/6590.jpg,Dog
processed_images/7856.jpg,Dog
processed_images/4387.jpg,Dog
processed_images/5099.jpg,Dog
processed_images/11811.jpg,Dog
processed_images/2090.jpg,Dog
processed_images/5927.jpg,Dog
processed_images/1599.jpg,Dog
processed_images/5098.jpg,Dog
processed_images/4386.jpg,Dog
processed_images/7857.jpg,Dog
processed_images/6591.jpg,Dog
processed_images/1598.jpg,Dog
processed_images/5926.jpg,Dog
processed_images/2091.jpg,Dog
processed_images/11810.jpg,Dog
processed_images/5932.jpg,Dog
processed_images/2085.jpg,Dog
processed_images/11804.jpg,Dog
processed_images/7843.jpg,Dog
processed_images/6585.jpg,Dog
processed_images/4392.jpg,Dog
processed_images/8580.jpg,Dog
processed_images/9846.jpg,Dog
processed_images/756.jpg,Dog
processed_images/11192.jpg,Dog
processed_images/2913.jpg,Dog
processed_images/11838.jpg,Dog
processed_images/10298.jpg,Dog
processed_images/11186.jpg,Dog
processed_images/2907.jpg,Dog
processed_images/8594.jpg,Dog
processed_images/9852.jpg,Dog
processed_images/742.jpg,Dog
processed_images/7894.jpg,Dog
processed_images/9661.jpg,Dog
processed_images/6552.jpg,Dog
processed_images/971.jpg,Dog
processed_images/12464.jpg,Dog
processed_images/4345.jpg,Dog
processed_images/10273.jpg,Dog
processed_images/2734.jpg,Dog
processed_images/10515.jpg,Dog
processed_images/2052.jpg,Dog
processed_images/4423.jpg,Dog
processed_images/12302.jpg,Dog
processed_images/8219.jpg,Dog
processed_images/9107.jpg,Dog
processed_images/6234.jpg,Dog
processed_images/12316.jpg,Dog
processed_images/9113.jpg,Dog
processed_images/6220.jpg,Dog
processed_images/10501.jpg,Dog
processed_images/2046.jpg,Dog
processed_images/5729.jpg,Dog
processed_images/4437.jpg,Dog
processed_images/3358.jpg,Dog
processed_images/11179.jpg,Dog
processed_images/4351.jpg,Dog
processed_images/10267.jpg,Dog
processed_images/2720.jpg,Dog
processed_images/1229.jpg,Dog
processed_images/7880.jpg,Dog
processed_images/9675.jpg,Dog
processed_images/6546.jpg,Dog
processed_images/965.jpg,Dog
processed_images/7658.jpg,Dog
processed_images/12470.jpg,Dog
processed_images/3416.jpg,Dog
processed_images/11151.jpg,Dog
processed_images/4379.jpg,Dog
processed_images/5067.jpg,Dog
processed_images/2708.jpg,Dog
processed_images/1201.jpg,Dog
processed_images/795.jpg,Dog
processed_images/7670.jpg,Dog
processed_images/8543.jpg,Dog
processed_images/12458.jpg,Dog
processed_images/9885.jpg,Dog
processed_images/7116.jpg,Dog
processed_images/8225.jpg,Dog
processed_images/6208.jpg,Dog
processed_images/1567.jpg,Dog
processed_images/10529.jpg,Dog
processed_images/5701.jpg,Dog
processed_images/3370.jpg,Dog
processed_images/11637.jpg,Dog
processed_images/5715.jpg,Dog
processed_images/3364.jpg,Dog
processed_images/11623.jpg,Dog
processed_images/7102.jpg,Dog
processed_images/8231.jpg,Dog
processed_images/1573.jpg,Dog
processed_images/781.jpg,Dog
processed_images/1215.jpg,Dog
processed_images/9649.jpg,Dog
processed_images/7664.jpg,Dog
processed_images/8557.jpg,Dog
processed_images/959.jpg,Dog
processed_images/9891.jpg,Dog
processed_images/3402.jpg,Dog
processed_images/11145.jpg,Dog
processed_images/5073.jpg,Dog
processed_images/2293.jpg,Dog
processed_images/1942.jpg,Dog
processed_images/6793.jpg,Dog
processed_images/568.jpg,Dog
processed_images/8966.jpg,Dog
processed_images/4184.jpg,Dog
processed_images/3833.jpg,Dog
processed_images/4190.jpg,Dog
processed_images/3827.jpg,Dog
processed_images/6787.jpg,Dog
processed_images/8972.jpg,Dog
processed_images/7499.jpg,Dog
processed_images/1956.jpg,Dog
processed_images/2287.jpg,Dog
processed_images/3199.jpg,Dog
processed_images/10918.jpg,Dog
processed_images/232.jpg,Dog
processed_images/4806.jpg,Dog
processed_images/10930.jpg,Dog
processed_images/11390.jpg,Dog
processed_images/554.jpg,Dog
processed_images/6977.jpg,Dog
processed_images/8782.jpg,Dog
processed_images/9488.jpg,Dog
processed_images/540.jpg,Dog
processed_images/6963.jpg,Dog
processed_images/8796.jpg,Dog
processed_images/11384.jpg,Dog
processed_images/4812.jpg,Dog
processed_images/10924.jpg,Dog
processed_images/226.jpg,Dog
processed_images/1759.jpg,Dog
processed_images/6036.jpg,Dog
processed_images/9305.jpg,Dog
processed_images/7328.jpg,Dog
processed_images/1981.jpg,Dog
processed_images/12100.jpg,Dog
processed_images/11409.jpg,Dog
processed_images/4621.jpg,Dog
processed_images/2250.jpg,Dog
processed_images/10717.jpg,Dog
processed_images/2536.jpg,Dog
processed_images/10071.jpg,Dog
processed_images/5259.jpg,Dog
processed_images/4147.jpg,Dog
processed_images/3628.jpg,Dog
processed_images/6988.jpg,Dog
processed_images/6750.jpg,Dog
processed_images/9463.jpg,Dog
processed_images/8769.jpg,Dog
processed_images/6744.jpg,Dog
processed_images/9477.jpg,Dog
processed_images/2522.jpg,Dog
processed_images/10065.jpg,Dog
processed_images/4153.jpg,Dog
processed_images/4635.jpg,Dog
processed_images/2244.jpg,Dog
processed_images/10703.jpg,Dog
processed_images/6022.jpg,Dog
processed_images/9311.jpg,Dog
processed_images/1995.jpg,Dog
processed_images/12114.jpg,Dog
processed_images/11435.jpg,Dog
processed_images/3172.jpg,Dog
processed_images/5503.jpg,Dog
processed_images/1765.jpg,Dog
processed_images/9339.jpg,Dog
processed_images/8027.jpg,Dog
processed_images/7314.jpg,Dog
processed_images/8741.jpg,Dog
processed_images/7472.jpg,Dog
processed_images/8999.jpg,Dog
processed_images/597.jpg,Dog
processed_images/1003.jpg,Dog
processed_images/5265.jpg,Dog
processed_images/11353.jpg,Dog
processed_images/3614.jpg,Dog
processed_images/10059.jpg,Dog
processed_images/5271.jpg,Dog
processed_images/11347.jpg,Dog
processed_images/3600.jpg,Dog
processed_images/8755.jpg,Dog
processed_images/7466.jpg,Dog
processed_images/6778.jpg,Dog
processed_images/1017.jpg,Dog
processed_images/583.jpg,Dog
processed_images/1771.jpg,Dog
processed_images/8033.jpg,Dog
processed_images/7300.jpg,Dog
processed_images/12128.jpg,Dog
processed_images/11421.jpg,Dog
processed_images/3166.jpg,Dog
processed_images/4609.jpg,Dog
processed_images/5517.jpg,Dog
processed_images/2278.jpg,Dog
processed_images/4796.jpg,Dog
processed_images/10878.jpg,Dog
processed_images/5488.jpg,Dog
processed_images/6181.jpg,Dog
processed_images/1836.jpg,Dog
processed_images/8812.jpg,Dog
processed_images/1188.jpg,Dog
processed_images/3947.jpg,Dog
processed_images/2481.jpg,Dog
processed_images/3953.jpg,Dog
processed_images/2495.jpg,Dog
processed_images/408.jpg,Dog
processed_images/8806.jpg,Dog
processed_images/6195.jpg,Dog
processed_images/1822.jpg,Dog
processed_images/4782.jpg,Dog
processed_images/346.jpg,Dog
processed_images/8190.jpg,Dog
processed_images/10844.jpg,Dog
processed_images/11582.jpg,Dog
processed_images/4972.jpg,Dog
processed_images/6803.jpg,Dog
processed_images/420.jpg,Dog
processed_images/6817.jpg,Dog
processed_images/434.jpg,Dog
processed_images/10850.jpg,Dog
processed_images/11596.jpg,Dog
processed_images/10688.jpg,Dog
processed_images/4966.jpg,Dog
processed_images/352.jpg,Dog
processed_images/8184.jpg,Dog
processed_images/12074.jpg,Dog
processed_images/6142.jpg,Dog
processed_images/9271.jpg,Dog
processed_images/2324.jpg,Dog
processed_images/10663.jpg,Dog
processed_images/4755.jpg,Dog
processed_images/4033.jpg,Dog
processed_images/3984.jpg,Dog
processed_images/2442.jpg,Dog
processed_images/10105.jpg,Dog
processed_images/6624.jpg,Dog
processed_images/9517.jpg,Dog
processed_images/8609.jpg,Dog
processed_images/6630.jpg,Dog
processed_images/9503.jpg,Dog
processed_images/3748.jpg,Dog
processed_images/4027.jpg,Dog
processed_images/3990.jpg,Dog
processed_images/5339.jpg,Dog
processed_images/2456.jpg,Dog
processed_images/10111.jpg,Dog
processed_images/2330.jpg,Dog
processed_images/4999.jpg,Dog
processed_images/10677.jpg,Dog
processed_images/4741.jpg,Dog
processed_images/11569.jpg,Dog
processed_images/12060.jpg,Dog
processed_images/7248.jpg,Dog
processed_images/6156.jpg,Dog
processed_images/9265.jpg,Dog
processed_images/1639.jpg,Dog
processed_images/2318.jpg,Dog
processed_images/5477.jpg,Dog
processed_images/10887.jpg,Dog
processed_images/4769.jpg,Dog
processed_images/11541.jpg,Dog
processed_images/3006.jpg,Dog
processed_images/12048.jpg,Dog
processed_images/8153.jpg,Dog
processed_images/7260.jpg,Dog
processed_images/385.jpg,Dog
processed_images/1611.jpg,Dog
processed_images/1177.jpg,Dog
processed_images/6618.jpg,Dog
processed_images/8635.jpg,Dog
processed_images/7506.jpg,Dog
processed_images/11227.jpg,Dog
processed_images/3760.jpg,Dog
processed_images/5311.jpg,Dog
processed_images/10139.jpg,Dog
processed_images/11233.jpg,Dog
processed_images/3774.jpg,Dog
processed_images/5305.jpg,Dog
processed_images/1163.jpg,Dog
processed_images/8621.jpg,Dog
processed_images/7512.jpg,Dog
processed_images/8147.jpg,Dog
processed_images/7274.jpg,Dog
processed_images/9259.jpg,Dog
processed_images/1605.jpg,Dog
processed_images/391.jpg,Dog
processed_images/5463.jpg,Dog
processed_images/10893.jpg,Dog
processed_images/11555.jpg,Dog
processed_images/3012.jpg,Dog
processed_images/2683.jpg,Dog
processed_images/86.jpg,Dog
processed_images/7923.jpg,Dog
processed_images/178.jpg,Dog
processed_images/6383.jpg,Dog
processed_images/11964.jpg,Dog
processed_images/5852.jpg,Dog
processed_images/4594.jpg,Dog
processed_images/11970.jpg,Dog
processed_images/5846.jpg,Dog
processed_images/4580.jpg,Dog
processed_images/7089.jpg,Dog
processed_images/6397.jpg,Dog
processed_images/92.jpg,Dog
processed_images/7937.jpg,Dog
processed_images/3589.jpg,Dog
processed_images/2697.jpg,Dog
processed_images/622.jpg,Dog
processed_images/9932.jpg,Dog
processed_images/2867.jpg,Dog
processed_images/11958.jpg,Dog
processed_images/11780.jpg,Dog
processed_images/8392.jpg,Dog
processed_images/12289.jpg,Dog
processed_images/144.jpg,Dog
processed_images/8386.jpg,Dog
processed_images/150.jpg,Dog
processed_images/9098.jpg,Dog
processed_images/11794.jpg,Dog
processed_images/2873.jpg,Dog
processed_images/636.jpg,Dog
processed_images/9926.jpg,Dog
processed_images/805.jpg,Dog
processed_images/7738.jpg,Dog
processed_images/9715.jpg,Dog
processed_images/6426.jpg,Dog
processed_images/45.jpg,Dog
processed_images/1349.jpg,Dog
processed_images/10307.jpg,Dog
processed_images/2640.jpg,Dog
processed_images/4231.jpg,Dog
processed_images/2898.jpg,Dog
processed_images/11019.jpg,Dog
processed_images/5891.jpg,Dog
processed_images/3238.jpg,Dog
processed_images/4557.jpg,Dog
processed_images/5649.jpg,Dog
processed_images/10461.jpg,Dog
processed_images/2126.jpg,Dog
processed_images/9073.jpg,Dog
processed_images/6340.jpg,Dog
processed_images/12276.jpg,Dog
processed_images/9067.jpg,Dog
processed_images/6354.jpg,Dog
processed_images/8379.jpg,Dog
processed_images/12262.jpg,Dog
processed_images/5885.jpg,Dog
processed_images/3.jpg,Dog
processed_images/4543.jpg,Dog
processed_images/10475.jpg,Dog
processed_images/2132.jpg,Dog
processed_images/10313.jpg,Dog
processed_images/2654.jpg,Dog
processed_images/4225.jpg,Dog
processed_images/811.jpg,Dog
processed_images/9701.jpg,Dog
processed_images/51.jpg,Dog
processed_images/6432.jpg,Dog
processed_images/5113.jpg,Dog
processed_images/3562.jpg,Dog
processed_images/11025.jpg,Dog
processed_images/7704.jpg,Dog
processed_images/8437.jpg,Dog
processed_images/839.jpg,Dog
processed_images/79.jpg,Dog
processed_images/9729.jpg,Dog
processed_images/1375.jpg,Dog
processed_images/1413.jpg,Dog
processed_images/187.jpg,Dog
processed_images/7062.jpg,Dog
processed_images/8351.jpg,Dog
processed_images/3204.jpg,Dog
processed_images/11743.jpg,Dog
processed_images/5675.jpg,Dog
processed_images/3210.jpg,Dog
processed_images/11757.jpg,Dog
processed_images/5661.jpg,Dog
processed_images/10449.jpg,Dog
processed_images/193.jpg,Dog
processed_images/1407.jpg,Dog
processed_images/6368.jpg,Dog
processed_images/7076.jpg,Dog
processed_images/8345.jpg,Dog
processed_images/7710.jpg,Dog
processed_images/8423.jpg,Dog
processed_images/1361.jpg,Dog
processed_images/2668.jpg,Dog
processed_images/5107.jpg,Dog
processed_images/4219.jpg,Dog
processed_images/3576.jpg,Dog
processed_images/11031.jpg,Dog
processed_images/2118.jpg,Dog
processed_images/5677.jpg,Dog
processed_images/11999.jpg,Dog
processed_images/4569.jpg,Dog
processed_images/3206.jpg,Dog
processed_images/11741.jpg,Dog
processed_images/12248.jpg,Dog
processed_images/7060.jpg,Dog
processed_images/8353.jpg,Dog
processed_images/185.jpg,Dog
processed_images/1411.jpg,Dog
processed_images/1377.jpg,Dog
processed_images/6418.jpg,Dog
processed_images/7706.jpg,Dog
processed_images/8435.jpg,Dog
processed_images/3560.jpg,Dog
processed_images/11027.jpg,Dog
processed_images/5111.jpg,Dog
processed_images/10339.jpg,Dog
processed_images/3574.jpg,Dog
processed_images/11033.jpg,Dog
processed_images/5105.jpg,Dog
processed_images/1363.jpg,Dog
processed_images/7712.jpg,Dog
processed_images/8421.jpg,Dog
processed_images/7074.jpg,Dog
processed_images/8347.jpg,Dog
processed_images/9059.jpg,Dog
processed_images/1405.jpg,Dog
processed_images/191.jpg,Dog
processed_images/5663.jpg,Dog
processed_images/3212.jpg,Dog
processed_images/11755.jpg,Dog
processed_images/12274.jpg,Dog
processed_images/9071.jpg,Dog
processed_images/6342.jpg,Dog
processed_images/10463.jpg,Dog
processed_images/2124.jpg,Dog
processed_images/4555.jpg,Dog
processed_images/5893.jpg,Dog
processed_images/4233.jpg,Dog
processed_images/10305.jpg,Dog
processed_images/2642.jpg,Dog
processed_images/9717.jpg,Dog
processed_images/47.jpg,Dog
processed_images/6424.jpg,Dog
processed_images/807.jpg,Dog
processed_images/8409.jpg,Dog
processed_images/9703.jpg,Dog
processed_images/6430.jpg,Dog
processed_images/53.jpg,Dog
processed_images/813.jpg,Dog
processed_images/3548.jpg,Dog
processed_images/4227.jpg,Dog
processed_images/5139.jpg,Dog
processed_images/10311.jpg,Dog
processed_images/2656.jpg,Dog
processed_images/10477.jpg,Dog
processed_images/2130.jpg,Dog
processed_images/4541.jpg,Dog
processed_images/11769.jpg,Dog
processed_images/1.jpg,Dog
processed_images/5887.jpg,Dog
processed_images/12260.jpg,Dog
processed_images/7048.jpg,Dog
processed_images/9065.jpg,Dog
processed_images/6356.jpg,Dog
processed_images/1439.jpg,Dog
processed_images/146.jpg,Dog
processed_images/8390.jpg,Dog
processed_images/11782.jpg,Dog
processed_images/2865.jpg,Dog
processed_images/9930.jpg,Dog
processed_images/620.jpg,Dog
processed_images/9924.jpg,Dog
processed_images/7909.jpg,Dog
processed_images/634.jpg,Dog
processed_images/2871.jpg,Dog
processed_images/5878.jpg,Dog
processed_images/11796.jpg,Dog
processed_images/10488.jpg,Dog
processed_images/152.jpg,Dog
processed_images/8384.jpg,Dog
processed_images/4596.jpg,Dog
processed_images/5850.jpg,Dog
processed_images/11966.jpg,Dog
processed_images/5688.jpg,Dog
processed_images/6381.jpg,Dog
processed_images/1388.jpg,Dog
processed_images/7921.jpg,Dog
processed_images/84.jpg,Dog
processed_images/2681.jpg,Dog
processed_images/2859.jpg,Dog
processed_images/2695.jpg,Dog
processed_images/9918.jpg,Dog
processed_images/608.jpg,Dog
processed_images/7935.jpg,Dog
processed_images/90.jpg,Dog
processed_images/6395.jpg,Dog
processed_images/4582.jpg,Dog
processed_images/5844.jpg,Dog
processed_images/11972.jpg,Dog
processed_images/5313.jpg,Dog
processed_images/11225.jpg,Dog
processed_images/3762.jpg,Dog
processed_images/8637.jpg,Dog
processed_images/7504.jpg,Dog
processed_images/9529.jpg,Dog
processed_images/1175.jpg,Dog
processed_images/1613.jpg,Dog
processed_images/387.jpg,Dog
processed_images/8151.jpg,Dog
processed_images/7262.jpg,Dog
processed_images/11543.jpg,Dog
processed_images/3004.jpg,Dog
processed_images/10885.jpg,Dog
processed_images/5475.jpg,Dog
processed_images/11557.jpg,Dog
processed_images/3010.jpg,Dog
processed_images/10891.jpg,Dog
processed_images/5461.jpg,Dog
processed_images/10649.jpg,Dog
processed_images/393.jpg,Dog
processed_images/1607.jpg,Dog
processed_images/6168.jpg,Dog
processed_images/8145.jpg,Dog
processed_images/7276.jpg,Dog
processed_images/8623.jpg,Dog
processed_images/7510.jpg,Dog
processed_images/1161.jpg,Dog
processed_images/2468.jpg,Dog
processed_images/5307.jpg,Dog
processed_images/4019.jpg,Dog
processed_images/11231.jpg,Dog
processed_images/3776.jpg,Dog
processed_images/7538.jpg,Dog
processed_images/6626.jpg,Dog
processed_images/9515.jpg,Dog
processed_images/1149.jpg,Dog
processed_images/2440.jpg,Dog
processed_images/10107.jpg,Dog
processed_images/3986.jpg,Dog
processed_images/4031.jpg,Dog
processed_images/11219.jpg,Dog
processed_images/3038.jpg,Dog
processed_images/4757.jpg,Dog
processed_images/5449.jpg,Dog
processed_images/2326.jpg,Dog
processed_images/10661.jpg,Dog
processed_images/6140.jpg,Dog
processed_images/9273.jpg,Dog
processed_images/12076.jpg,Dog
processed_images/6154.jpg,Dog
processed_images/9267.jpg,Dog
processed_images/8179.jpg,Dog
processed_images/12062.jpg,Dog
processed_images/4743.jpg,Dog
processed_images/2332.jpg,Dog
processed_images/10675.jpg,Dog
processed_images/2454.jpg,Dog
processed_images/10113.jpg,Dog
processed_images/3992.jpg,Dog
processed_images/4025.jpg,Dog
processed_images/6632.jpg,Dog
processed_images/9501.jpg,Dog
processed_images/422.jpg,Dog
processed_images/6801.jpg,Dog
processed_images/3979.jpg,Dog
processed_images/4970.jpg,Dog
processed_images/11580.jpg,Dog
processed_images/10846.jpg,Dog
processed_images/1808.jpg,Dog
processed_images/8192.jpg,Dog
processed_images/12089.jpg,Dog
processed_images/344.jpg,Dog
processed_images/8186.jpg,Dog
processed_images/350.jpg,Dog
processed_images/9298.jpg,Dog
processed_images/4964.jpg,Dog
processed_images/11594.jpg,Dog
processed_images/10852.jpg,Dog
processed_images/8838.jpg,Dog
processed_images/436.jpg,Dog
processed_images/6815.jpg,Dog
processed_images/2483.jpg,Dog
processed_images/3945.jpg,Dog
processed_images/8810.jpg,Dog
processed_images/1834.jpg,Dog
processed_images/378.jpg,Dog
processed_images/6183.jpg,Dog
processed_images/4794.jpg,Dog
processed_images/4958.jpg,Dog
processed_images/4780.jpg,Dog
processed_images/7289.jpg,Dog
processed_images/1820.jpg,Dog
processed_images/6197.jpg,Dog
processed_images/8804.jpg,Dog
processed_images/6829.jpg,Dog
processed_images/3789.jpg,Dog
processed_images/2497.jpg,Dog
processed_images/3951.jpg,Dog
processed_images/11351.jpg,Dog
processed_images/3616.jpg,Dog
processed_images/4179.jpg,Dog
processed_images/5267.jpg,Dog
processed_images/2508.jpg,Dog
processed_images/1001.jpg,Dog
processed_images/595.jpg,Dog
processed_images/8743.jpg,Dog
processed_images/7470.jpg,Dog
processed_images/8025.jpg,Dog
processed_images/7316.jpg,Dog
processed_images/6008.jpg,Dog
processed_images/1767.jpg,Dog
processed_images/10729.jpg,Dog
processed_images/5501.jpg,Dog
processed_images/11437.jpg,Dog
processed_images/3170.jpg,Dog
processed_images/5515.jpg,Dog
processed_images/11423.jpg,Dog
processed_images/3164.jpg,Dog
processed_images/8031.jpg,Dog
processed_images/7302.jpg,Dog
processed_images/1773.jpg,Dog
processed_images/581.jpg,Dog
processed_images/1015.jpg,Dog
processed_images/9449.jpg,Dog
processed_images/8757.jpg,Dog
processed_images/7464.jpg,Dog
processed_images/11345.jpg,Dog
processed_images/3602.jpg,Dog
processed_images/5273.jpg,Dog
processed_images/6752.jpg,Dog
processed_images/9461.jpg,Dog
processed_images/4145.jpg,Dog
processed_images/2534.jpg,Dog
processed_images/10073.jpg,Dog
processed_images/2252.jpg,Dog
processed_images/10715.jpg,Dog
processed_images/4623.jpg,Dog
processed_images/12102.jpg,Dog
processed_images/1983.jpg,Dog
processed_images/8019.jpg,Dog
processed_images/6034.jpg,Dog
processed_images/9307.jpg,Dog
processed_images/12116.jpg,Dog
processed_images/1997.jpg,Dog
processed_images/6020.jpg,Dog
processed_images/9313.jpg,Dog
processed_images/2246.jpg,Dog
processed_images/10701.jpg,Dog
processed_images/5529.jpg,Dog
processed_images/4637.jpg,Dog
processed_images/3158.jpg,Dog
processed_images/11379.jpg,Dog
processed_images/4151.jpg,Dog
processed_images/2520.jpg,Dog
processed_images/10067.jpg,Dog
processed_images/1029.jpg,Dog
processed_images/6746.jpg,Dog
processed_images/9475.jpg,Dog
processed_images/7458.jpg,Dog
processed_images/8780.jpg,Dog
processed_images/6975.jpg,Dog
processed_images/8958.jpg,Dog
processed_images/556.jpg,Dog
processed_images/11392.jpg,Dog
processed_images/10932.jpg,Dog
processed_images/4804.jpg,Dog
processed_images/230.jpg,Dog
processed_images/224.jpg,Dog
processed_images/1968.jpg,Dog
processed_images/10926.jpg,Dog
processed_images/4810.jpg,Dog
processed_images/3819.jpg,Dog
processed_images/10098.jpg,Dog
processed_images/11386.jpg,Dog
processed_images/8794.jpg,Dog
processed_images/6961.jpg,Dog
processed_images/542.jpg,Dog
processed_images/3831.jpg,Dog
processed_images/5298.jpg,Dog
processed_images/4186.jpg,Dog
processed_images/6949.jpg,Dog
processed_images/8964.jpg,Dog
processed_images/6791.jpg,Dog
processed_images/1798.jpg,Dog
processed_images/1940.jpg,Dog
processed_images/2291.jpg,Dog
processed_images/4838.jpg,Dog
processed_images/2285.jpg,Dog
processed_images/218.jpg,Dog
processed_images/1954.jpg,Dog
processed_images/8970.jpg,Dog
processed_images/6785.jpg,Dog
processed_images/3825.jpg,Dog
processed_images/4192.jpg,Dog
processed_images/3372.jpg,Dog
processed_images/11635.jpg,Dog
processed_images/5703.jpg,Dog
processed_images/1565.jpg,Dog
processed_images/9139.jpg,Dog
processed_images/7114.jpg,Dog
processed_images/8227.jpg,Dog
processed_images/9887.jpg,Dog
processed_images/7672.jpg,Dog
processed_images/8541.jpg,Dog
processed_images/797.jpg,Dog
processed_images/1203.jpg,Dog
processed_images/5065.jpg,Dog
processed_images/3414.jpg,Dog
processed_images/11153.jpg,Dog
processed_images/10259.jpg,Dog
processed_images/5071.jpg,Dog
processed_images/3400.jpg,Dog
processed_images/11147.jpg,Dog
processed_images/9893.jpg,Dog
processed_images/7666.jpg,Dog
processed_images/8555.jpg,Dog
processed_images/6578.jpg,Dog
processed_images/1217.jpg,Dog
processed_images/783.jpg,Dog
processed_images/1571.jpg,Dog
processed_images/7100.jpg,Dog
processed_images/8233.jpg,Dog
processed_images/12328.jpg,Dog
processed_images/3366.jpg,Dog
processed_images/11621.jpg,Dog
processed_images/4409.jpg,Dog
processed_images/5717.jpg,Dog
processed_images/2078.jpg,Dog
processed_images/1559.jpg,Dog
processed_images/9105.jpg,Dog
processed_images/6236.jpg,Dog
processed_images/7128.jpg,Dog
processed_images/12300.jpg,Dog
processed_images/11609.jpg,Dog
processed_images/4421.jpg,Dog
processed_images/10517.jpg,Dog
processed_images/2050.jpg,Dog
processed_images/10271.jpg,Dog
processed_images/2736.jpg,Dog
processed_images/5059.jpg,Dog
processed_images/4347.jpg,Dog
processed_images/3428.jpg,Dog
processed_images/12466.jpg,Dog
processed_images/973.jpg,Dog
processed_images/9663.jpg,Dog
processed_images/6550.jpg,Dog
processed_images/7896.jpg,Dog
processed_images/12472.jpg,Dog
processed_images/967.jpg,Dog
processed_images/8569.jpg,Dog
processed_images/9677.jpg,Dog
processed_images/6544.jpg,Dog
processed_images/7882.jpg,Dog
processed_images/10265.jpg,Dog
processed_images/2722.jpg,Dog
processed_images/4353.jpg,Dog
processed_images/4435.jpg,Dog
processed_images/10503.jpg,Dog
processed_images/2044.jpg,Dog
processed_images/9111.jpg,Dog
processed_images/6222.jpg,Dog
processed_images/12314.jpg,Dog
processed_images/5918.jpg,Dog
processed_images/2911.jpg,Dog
processed_images/11190.jpg,Dog
processed_images/7869.jpg,Dog
processed_images/754.jpg,Dog
processed_images/12499.jpg,Dog
processed_images/9844.jpg,Dog
processed_images/8582.jpg,Dog
processed_images/9688.jpg,Dog
processed_images/740.jpg,Dog
processed_images/9850.jpg,Dog
processed_images/8596.jpg,Dog
processed_images/998.jpg,Dog
processed_images/2905.jpg,Dog
processed_images/11184.jpg,Dog
processed_images/11812.jpg,Dog
processed_images/2093.jpg,Dog
processed_images/5924.jpg,Dog
processed_images/6593.jpg,Dog
processed_images/768.jpg,Dog
processed_images/7855.jpg,Dog
processed_images/9878.jpg,Dog
processed_images/4384.jpg,Dog
processed_images/4390.jpg,Dog
processed_images/2939.jpg,Dog
processed_images/6587.jpg,Dog
processed_images/7841.jpg,Dog
processed_images/7699.jpg,Dog
processed_images/11806.jpg,Dog
processed_images/2087.jpg,Dog
processed_images/5930.jpg,Dog
processed_images/3399.jpg,Dog
processed_images/7698.jpg,Dog
processed_images/7840.jpg,Dog
processed_images/6586.jpg,Dog
processed_images/2938.jpg,Dog
processed_images/4391.jpg,Dog
processed_images/3398.jpg,Dog
processed_images/5931.jpg,Dog
processed_images/2086.jpg,Dog
processed_images/11807.jpg,Dog
processed_images/5925.jpg,Dog
processed_images/2092.jpg,Dog
processed_images/11813.jpg,Dog
processed_images/4385.jpg,Dog
processed_images/9879.jpg,Dog
processed_images/7854.jpg,Dog
processed_images/769.jpg,Dog
processed_images/6592.jpg,Dog
processed_images/11185.jpg,Dog
processed_images/2904.jpg,Dog
processed_images/8597.jpg,Dog
processed_images/999.jpg,Dog
processed_images/9851.jpg,Dog
processed_images/741.jpg,Dog
processed_images/9689.jpg,Dog
processed_images/5919.jpg,Dog
processed_images/8583.jpg,Dog
processed_images/9845.jpg,Dog
processed_images/12498.jpg,Dog
processed_images/755.jpg,Dog
processed_images/7868.jpg,Dog
processed_images/11191.jpg,Dog
processed_images/2910.jpg,Dog
processed_images/4352.jpg,Dog
processed_images/2723.jpg,Dog
processed_images/10264.jpg,Dog
processed_images/7883.jpg,Dog
processed_images/6545.jpg,Dog
processed_images/9676.jpg,Dog
processed_images/966.jpg,Dog
processed_images/8568.jpg,Dog
processed_images/12473.jpg,Dog
processed_images/12315.jpg,Dog
processed_images/6223.jpg,Dog
processed_images/9110.jpg,Dog
processed_images/2045.jpg,Dog
processed_images/10502.jpg,Dog
processed_images/4434.jpg,Dog
processed_images/2051.jpg,Dog
processed_images/10516.jpg,Dog
processed_images/4420.jpg,Dog
processed_images/11608.jpg,Dog
processed_images/12301.jpg,Dog
processed_images/7129.jpg,Dog
processed_images/6237.jpg,Dog
processed_images/9104.jpg,Dog
processed_images/1558.jpg,Dog
processed_images/7897.jpg,Dog
processed_images/6551.jpg,Dog
processed_images/9662.jpg,Dog
processed_images/972.jpg,Dog
processed_images/12467.jpg,Dog
processed_images/3429.jpg,Dog
processed_images/4346.jpg,Dog
processed_images/5058.jpg,Dog
processed_images/2737.jpg,Dog
processed_images/10270.jpg,Dog
processed_images/782.jpg,Dog
processed_images/1216.jpg,Dog
processed_images/6579.jpg,Dog
processed_images/8554.jpg,Dog
processed_images/7667.jpg,Dog
processed_images/9892.jpg,Dog
processed_images/11146.jpg,Dog
processed_images/3401.jpg,Dog
processed_images/5070.jpg,Dog
processed_images/10258.jpg,Dog
processed_images/2079.jpg,Dog
processed_images/5716.jpg,Dog
processed_images/4408.jpg,Dog
processed_images/11620.jpg,Dog
processed_images/3367.jpg,Dog
processed_images/12329.jpg,Dog
processed_images/8232.jpg,Dog
processed_images/7101.jpg,Dog
processed_images/1570.jpg,Dog
processed_images/8226.jpg,Dog
processed_images/7115.jpg,Dog
processed_images/9138.jpg,Dog
processed_images/1564.jpg,Dog
processed_images/5702.jpg,Dog
processed_images/11634.jpg,Dog
processed_images/3373.jpg,Dog
processed_images/11152.jpg,Dog
processed_images/3415.jpg,Dog
processed_images/5064.jpg,Dog
processed_images/1202.jpg,Dog
processed_images/796.jpg,Dog
processed_images/8540.jpg,Dog
processed_images/7673.jpg,Dog
processed_images/9886.jpg,Dog
processed_images/1955.jpg,Dog
processed_images/219.jpg,Dog
processed_images/2284.jpg,Dog
processed_images/4193.jpg,Dog
processed_images/3824.jpg,Dog
processed_images/6784.jpg,Dog
processed_images/8971.jpg,Dog
processed_images/6790.jpg,Dog
processed_images/8965.jpg,Dog
processed_images/6948.jpg,Dog
processed_images/4187.jpg,Dog
processed_images/5299.jpg,Dog
processed_images/3830.jpg,Dog
processed_images/4839.jpg,Dog
processed_images/2290.jpg,Dog
processed_images/1941.jpg,Dog
processed_images/1799.jpg,Dog
processed_images/4811.jpg,Dog
processed_images/10927.jpg,Dog
processed_images/1969.jpg,Dog
processed_images/225.jpg,Dog
processed_images/543.jpg,Dog
processed_images/6960.jpg,Dog
processed_images/8795.jpg,Dog
processed_images/11387.jpg,Dog
processed_images/10099.jpg,Dog
processed_images/3818.jpg,Dog
processed_images/11393.jpg,Dog
processed_images/8959.jpg,Dog
processed_images/557.jpg,Dog
processed_images/6974.jpg,Dog
processed_images/8781.jpg,Dog
processed_images/231.jpg,Dog
processed_images/4805.jpg,Dog
processed_images/10933.jpg,Dog
processed_images/3159.jpg,Dog
processed_images/4636.jpg,Dog
processed_images/5528.jpg,Dog
processed_images/10700.jpg,Dog
processed_images/2247.jpg,Dog
processed_images/9312.jpg,Dog
processed_images/6021.jpg,Dog
processed_images/1996.jpg,Dog
processed_images/12117.jpg,Dog
processed_images/7459.jpg,Dog
processed_images/9474.jpg,Dog
processed_images/6747.jpg,Dog
processed_images/1028.jpg,Dog
processed_images/10066.jpg,Dog
processed_images/2521.jpg,Dog
processed_images/4150.jpg,Dog
processed_images/11378.jpg,Dog
processed_images/10072.jpg,Dog
processed_images/2535.jpg,Dog
processed_images/4144.jpg,Dog
processed_images/9460.jpg,Dog
processed_images/6753.jpg,Dog
processed_images/9306.jpg,Dog
processed_images/6035.jpg,Dog
processed_images/1982.jpg,Dog
processed_images/8018.jpg,Dog
processed_images/12103.jpg,Dog
processed_images/4622.jpg,Dog
processed_images/10714.jpg,Dog
processed_images/2253.jpg,Dog
processed_images/1772.jpg,Dog
processed_images/7303.jpg,Dog
processed_images/8030.jpg,Dog
processed_images/3165.jpg,Dog
processed_images/11422.jpg,Dog
processed_images/5514.jpg,Dog
processed_images/5272.jpg,Dog
processed_images/3603.jpg,Dog
processed_images/11344.jpg,Dog
processed_images/7465.jpg,Dog
processed_images/8756.jpg,Dog
processed_images/9448.jpg,Dog
processed_images/1014.jpg,Dog
processed_images/580.jpg,Dog
processed_images/7471.jpg,Dog
processed_images/8742.jpg,Dog
processed_images/594.jpg,Dog
processed_images/1000.jpg,Dog
processed_images/2509.jpg,Dog
processed_images/5266.jpg,Dog
processed_images/4178.jpg,Dog
processed_images/3617.jpg,Dog
processed_images/11350.jpg,Dog
processed_images/3171.jpg,Dog
processed_images/11436.jpg,Dog
processed_images/5500.jpg,Dog
processed_images/10728.jpg,Dog
processed_images/1766.jpg,Dog
processed_images/6009.jpg,Dog
processed_images/7317.jpg,Dog
processed_images/8024.jpg,Dog
processed_images/6196.jpg,Dog
processed_images/1821.jpg,Dog
processed_images/7288.jpg,Dog
processed_images/4781.jpg,Dog
processed_images/4959.jpg,Dog
processed_images/3950.jpg,Dog
processed_images/2496.jpg,Dog
processed_images/3788.jpg,Dog
processed_images/6828.jpg,Dog
processed_images/8805.jpg,Dog
processed_images/8811.jpg,Dog
processed_images/3944.jpg,Dog
processed_images/2482.jpg,Dog
processed_images/4795.jpg,Dog
processed_images/6182.jpg,Dog
processed_images/379.jpg,Dog
processed_images/1835.jpg,Dog
processed_images/10853.jpg,Dog
processed_images/11595.jpg,Dog
processed_images/4965.jpg,Dog
processed_images/9299.jpg,Dog
processed_images/351.jpg,Dog
processed_images/8187.jpg,Dog
processed_images/6814.jpg,Dog
processed_images/8839.jpg,Dog
processed_images/437.jpg,Dog
processed_images/3978.jpg,Dog
processed_images/6800.jpg,Dog
processed_images/423.jpg,Dog
processed_images/345.jpg,Dog
processed_images/12088.jpg,Dog
processed_images/1809.jpg,Dog
processed_images/8193.jpg,Dog
processed_images/10847.jpg,Dog
processed_images/11581.jpg,Dog
processed_images/4971.jpg,Dog
processed_images/10674.jpg,Dog
processed_images/2333.jpg,Dog
processed_images/4742.jpg,Dog
processed_images/12063.jpg,Dog
processed_images/8178.jpg,Dog
processed_images/9266.jpg,Dog
processed_images/6155.jpg,Dog
processed_images/9500.jpg,Dog
processed_images/6633.jpg,Dog
processed_images/4024.jpg,Dog
processed_images/3993.jpg,Dog
processed_images/10112.jpg,Dog
processed_images/2455.jpg,Dog
processed_images/11218.jpg,Dog
processed_images/4030.jpg,Dog
processed_images/3987.jpg,Dog
processed_images/10106.jpg,Dog
processed_images/2441.jpg,Dog
processed_images/1148.jpg,Dog
processed_images/9514.jpg,Dog
processed_images/6627.jpg,Dog
processed_images/7539.jpg,Dog
processed_images/12077.jpg,Dog
processed_images/9272.jpg,Dog
processed_images/6141.jpg,Dog
processed_images/10660.jpg,Dog
processed_images/2327.jpg,Dog
processed_images/5448.jpg,Dog
processed_images/4756.jpg,Dog
processed_images/3039.jpg,Dog
processed_images/7277.jpg,Dog
processed_images/8144.jpg,Dog
processed_images/6169.jpg,Dog
processed_images/1606.jpg,Dog
processed_images/392.jpg,Dog
processed_images/10648.jpg,Dog
processed_images/5460.jpg,Dog
processed_images/10890.jpg,Dog
processed_images/3011.jpg,Dog
processed_images/11556.jpg,Dog
processed_images/3777.jpg,Dog
processed_images/11230.jpg,Dog
processed_images/4018.jpg,Dog
processed_images/5306.jpg,Dog
processed_images/2469.jpg,Dog
processed_images/1160.jpg,Dog
processed_images/7511.jpg,Dog
processed_images/8622.jpg,Dog
processed_images/1174.jpg,Dog
processed_images/9528.jpg,Dog
processed_images/7505.jpg,Dog
processed_images/8636.jpg,Dog
processed_images/3763.jpg,Dog
processed_images/11224.jpg,Dog
processed_images/5312.jpg,Dog
processed_images/5474.jpg,Dog
processed_images/10884.jpg,Dog
processed_images/3005.jpg,Dog
processed_images/11542.jpg,Dog
processed_images/7263.jpg,Dog
processed_images/8150.jpg,Dog
processed_images/386.jpg,Dog
processed_images/1612.jpg,Dog
processed_images/91.jpg,Dog
processed_images/7934.jpg,Dog
processed_images/609.jpg,Dog
processed_images/9919.jpg,Dog
processed_images/2694.jpg,Dog
processed_images/11973.jpg,Dog
processed_images/5845.jpg,Dog
processed_images/4583.jpg,Dog
processed_images/6394.jpg,Dog
processed_images/6380.jpg,Dog
processed_images/11967.jpg,Dog
processed_images/5689.jpg,Dog
processed_images/5851.jpg,Dog
processed_images/4597.jpg,Dog
processed_images/2858.jpg,Dog
processed_images/2680.jpg,Dog
processed_images/85.jpg,Dog
processed_images/7920.jpg,Dog
processed_images/1389.jpg,Dog
processed_images/2870.jpg,Dog
processed_images/635.jpg,Dog
processed_images/7908.jpg,Dog
processed_images/9925.jpg,Dog
processed_images/8385.jpg,Dog
processed_images/153.jpg,Dog
processed_images/10489.jpg,Dog
processed_images/5879.jpg,Dog
processed_images/11797.jpg,Dog
processed_images/11783.jpg,Dog
processed_images/8391.jpg,Dog
processed_images/147.jpg,Dog
processed_images/621.jpg,Dog
processed_images/9931.jpg,Dog
processed_images/2864.jpg,Dog
processed_images/2657.jpg,Dog
processed_images/10310.jpg,Dog
processed_images/5138.jpg,Dog
processed_images/4226.jpg,Dog
processed_images/3549.jpg,Dog
processed_images/812.jpg,Dog
processed_images/6431.jpg,Dog
processed_images/52.jpg,Dog
processed_images/9702.jpg,Dog
processed_images/1438.jpg,Dog
processed_images/6357.jpg,Dog
processed_images/9064.jpg,Dog
processed_images/7049.jpg,Dog
processed_images/12261.jpg,Dog
processed_images/11768.jpg,Dog
processed_images/5886.jpg,Dog
processed_images/0.jpg,Dog
processed_images/4540.jpg,Dog
processed_images/2131.jpg,Dog
processed_images/10476.jpg,Dog
processed_images/5892.jpg,Dog
processed_images/4554.jpg,Dog
processed_images/2125.jpg,Dog
processed_images/10462.jpg,Dog
processed_images/6343.jpg,Dog
processed_images/9070.jpg,Dog
processed_images/12275.jpg,Dog
processed_images/806.jpg,Dog
processed_images/8408.jpg,Dog
processed_images/46.jpg,Dog
processed_images/6425.jpg,Dog
processed_images/9716.jpg,Dog
processed_images/2643.jpg,Dog
processed_images/10304.jpg,Dog
processed_images/4232.jpg,Dog
processed_images/8420.jpg,Dog
processed_images/7713.jpg,Dog
processed_images/1362.jpg,Dog
processed_images/5104.jpg,Dog
processed_images/11032.jpg,Dog
processed_images/3575.jpg,Dog
processed_images/11754.jpg,Dog
processed_images/3213.jpg,Dog
processed_images/5662.jpg,Dog
processed_images/190.jpg,Dog
processed_images/1404.jpg,Dog
processed_images/9058.jpg,Dog
processed_images/8346.jpg,Dog
processed_images/7075.jpg,Dog
processed_images/1410.jpg,Dog
processed_images/184.jpg,Dog
processed_images/8352.jpg,Dog
processed_images/7061.jpg,Dog
processed_images/12249.jpg,Dog
processed_images/11740.jpg,Dog
processed_images/3207.jpg,Dog
processed_images/4568.jpg,Dog
processed_images/5676.jpg,Dog
processed_images/11998.jpg,Dog
processed_images/2119.jpg,Dog
processed_images/10338.jpg,Dog
processed_images/5110.jpg,Dog
processed_images/11026.jpg,Dog
processed_images/3561.jpg,Dog
processed_images/8434.jpg,Dog
processed_images/7707.jpg,Dog
processed_images/6419.jpg,Dog
processed_images/1376.jpg,Dog
